--
-- PostgreSQL database dump
--

\restrict GgqxzxmYqdMrNaeaoRw3C2UCNKQ85dnoZrPe8ctfV7HDI1MFbilu9tK3l8K2gfM

-- Dumped from database version 15.17
-- Dumped by pg_dump version 15.17

SET statement_timeout = 0;
SET lock_timeout = 0;
SET idle_in_transaction_session_timeout = 0;
SET client_encoding = 'UTF8';
SET standard_conforming_strings = on;
SELECT pg_catalog.set_config('search_path', '', false);
SET check_function_bodies = false;
SET xmloption = content;
SET client_min_messages = warning;
SET row_security = off;

SET default_tablespace = '';

SET default_table_access_method = heap;

--
-- Name: academics_department; Type: TABLE; Schema: public; Owner: sims_user
--

CREATE TABLE public.academics_department (
    id bigint NOT NULL,
    name character varying(200) NOT NULL,
    code character varying(20) NOT NULL,
    description text NOT NULL,
    active boolean NOT NULL,
    created_at timestamp with time zone NOT NULL,
    updated_at timestamp with time zone NOT NULL,
    head_id bigint
);


ALTER TABLE public.academics_department OWNER TO sims_user;

--
-- Name: academics_department_id_seq; Type: SEQUENCE; Schema: public; Owner: sims_user
--

ALTER TABLE public.academics_department ALTER COLUMN id ADD GENERATED BY DEFAULT AS IDENTITY (
    SEQUENCE NAME public.academics_department_id_seq
    START WITH 1
    INCREMENT BY 1
    NO MINVALUE
    NO MAXVALUE
    CACHE 1
);


--
-- Name: audit_activitylog; Type: TABLE; Schema: public; Owner: sims_user
--

CREATE TABLE public.audit_activitylog (
    id bigint NOT NULL,
    action character varying(32) NOT NULL,
    verb character varying(64) NOT NULL,
    target_object_id character varying(64) NOT NULL,
    target_repr character varying(255) NOT NULL,
    metadata jsonb NOT NULL,
    ip_address inet,
    is_sensitive boolean NOT NULL,
    created_at timestamp with time zone NOT NULL,
    actor_id bigint,
    target_content_type_id integer
);


ALTER TABLE public.audit_activitylog OWNER TO sims_user;

--
-- Name: audit_activitylog_id_seq; Type: SEQUENCE; Schema: public; Owner: sims_user
--

ALTER TABLE public.audit_activitylog ALTER COLUMN id ADD GENERATED BY DEFAULT AS IDENTITY (
    SEQUENCE NAME public.audit_activitylog_id_seq
    START WITH 1
    INCREMENT BY 1
    NO MINVALUE
    NO MAXVALUE
    CACHE 1
);


--
-- Name: audit_auditreport; Type: TABLE; Schema: public; Owner: sims_user
--

CREATE TABLE public.audit_auditreport (
    id bigint NOT NULL,
    start timestamp with time zone NOT NULL,
    "end" timestamp with time zone NOT NULL,
    generated_at timestamp with time zone NOT NULL,
    payload jsonb NOT NULL,
    created_by_id bigint
);


ALTER TABLE public.audit_auditreport OWNER TO sims_user;

--
-- Name: audit_auditreport_id_seq; Type: SEQUENCE; Schema: public; Owner: sims_user
--

ALTER TABLE public.audit_auditreport ALTER COLUMN id ADD GENERATED BY DEFAULT AS IDENTITY (
    SEQUENCE NAME public.audit_auditreport_id_seq
    START WITH 1
    INCREMENT BY 1
    NO MINVALUE
    NO MAXVALUE
    CACHE 1
);


--
-- Name: audit_historicalauditreport; Type: TABLE; Schema: public; Owner: sims_user
--

CREATE TABLE public.audit_historicalauditreport (
    id bigint NOT NULL,
    start timestamp with time zone NOT NULL,
    "end" timestamp with time zone NOT NULL,
    generated_at timestamp with time zone NOT NULL,
    payload jsonb NOT NULL,
    history_id integer NOT NULL,
    history_date timestamp with time zone NOT NULL,
    history_change_reason character varying(100),
    history_type character varying(1) NOT NULL,
    created_by_id bigint,
    history_user_id bigint
);


ALTER TABLE public.audit_historicalauditreport OWNER TO sims_user;

--
-- Name: audit_historicalauditreport_history_id_seq; Type: SEQUENCE; Schema: public; Owner: sims_user
--

ALTER TABLE public.audit_historicalauditreport ALTER COLUMN history_id ADD GENERATED BY DEFAULT AS IDENTITY (
    SEQUENCE NAME public.audit_historicalauditreport_history_id_seq
    START WITH 1
    INCREMENT BY 1
    NO MINVALUE
    NO MAXVALUE
    CACHE 1
);


--
-- Name: auth_group; Type: TABLE; Schema: public; Owner: sims_user
--

CREATE TABLE public.auth_group (
    id integer NOT NULL,
    name character varying(150) NOT NULL
);


ALTER TABLE public.auth_group OWNER TO sims_user;

--
-- Name: auth_group_id_seq; Type: SEQUENCE; Schema: public; Owner: sims_user
--

ALTER TABLE public.auth_group ALTER COLUMN id ADD GENERATED BY DEFAULT AS IDENTITY (
    SEQUENCE NAME public.auth_group_id_seq
    START WITH 1
    INCREMENT BY 1
    NO MINVALUE
    NO MAXVALUE
    CACHE 1
);


--
-- Name: auth_group_permissions; Type: TABLE; Schema: public; Owner: sims_user
--

CREATE TABLE public.auth_group_permissions (
    id bigint NOT NULL,
    group_id integer NOT NULL,
    permission_id integer NOT NULL
);


ALTER TABLE public.auth_group_permissions OWNER TO sims_user;

--
-- Name: auth_group_permissions_id_seq; Type: SEQUENCE; Schema: public; Owner: sims_user
--

ALTER TABLE public.auth_group_permissions ALTER COLUMN id ADD GENERATED BY DEFAULT AS IDENTITY (
    SEQUENCE NAME public.auth_group_permissions_id_seq
    START WITH 1
    INCREMENT BY 1
    NO MINVALUE
    NO MAXVALUE
    CACHE 1
);


--
-- Name: auth_permission; Type: TABLE; Schema: public; Owner: sims_user
--

CREATE TABLE public.auth_permission (
    id integer NOT NULL,
    name character varying(255) NOT NULL,
    content_type_id integer NOT NULL,
    codename character varying(100) NOT NULL
);


ALTER TABLE public.auth_permission OWNER TO sims_user;

--
-- Name: auth_permission_id_seq; Type: SEQUENCE; Schema: public; Owner: sims_user
--

ALTER TABLE public.auth_permission ALTER COLUMN id ADD GENERATED BY DEFAULT AS IDENTITY (
    SEQUENCE NAME public.auth_permission_id_seq
    START WITH 1
    INCREMENT BY 1
    NO MINVALUE
    NO MAXVALUE
    CACHE 1
);


--
-- Name: backup_center_backupauditlog; Type: TABLE; Schema: public; Owner: sims_user
--

CREATE TABLE public.backup_center_backupauditlog (
    id bigint NOT NULL,
    action character varying(50) NOT NULL,
    ip_address inet,
    user_agent character varying(512),
    details_json jsonb,
    created_at timestamp with time zone NOT NULL,
    actor_id bigint,
    backup_job_id bigint,
    restore_job_id bigint
);


ALTER TABLE public.backup_center_backupauditlog OWNER TO sims_user;

--
-- Name: backup_center_backupauditlog_id_seq; Type: SEQUENCE; Schema: public; Owner: sims_user
--

ALTER TABLE public.backup_center_backupauditlog ALTER COLUMN id ADD GENERATED BY DEFAULT AS IDENTITY (
    SEQUENCE NAME public.backup_center_backupauditlog_id_seq
    START WITH 1
    INCREMENT BY 1
    NO MINVALUE
    NO MAXVALUE
    CACHE 1
);


--
-- Name: backup_center_backupcloudconnection; Type: TABLE; Schema: public; Owner: sims_user
--

CREATE TABLE public.backup_center_backupcloudconnection (
    id bigint NOT NULL,
    provider character varying(50) NOT NULL,
    account_email character varying(254),
    access_token_encrypted text,
    refresh_token_encrypted text,
    token_expiry timestamp with time zone,
    scopes text,
    status character varying(50) NOT NULL,
    backup_folder_id character varying(255),
    backup_folder_name character varying(255),
    last_health_check_at timestamp with time zone,
    last_error text,
    created_at timestamp with time zone NOT NULL,
    updated_at timestamp with time zone NOT NULL,
    connected_by_user_id bigint
);


ALTER TABLE public.backup_center_backupcloudconnection OWNER TO sims_user;

--
-- Name: backup_center_backupcloudconnection_id_seq; Type: SEQUENCE; Schema: public; Owner: sims_user
--

ALTER TABLE public.backup_center_backupcloudconnection ALTER COLUMN id ADD GENERATED BY DEFAULT AS IDENTITY (
    SEQUENCE NAME public.backup_center_backupcloudconnection_id_seq
    START WITH 1
    INCREMENT BY 1
    NO MINVALUE
    NO MAXVALUE
    CACHE 1
);


--
-- Name: backup_center_backupcloudcopy; Type: TABLE; Schema: public; Owner: sims_user
--

CREATE TABLE public.backup_center_backupcloudcopy (
    id bigint NOT NULL,
    provider character varying(50) NOT NULL,
    remote_file_id character varying(255),
    remote_manifest_file_id character varying(255),
    remote_checksum_file_id character varying(255),
    remote_folder_id character varying(255),
    remote_file_name character varying(255),
    remote_size bigint,
    local_checksum character varying(255),
    remote_checksum character varying(255),
    upload_status character varying(50) NOT NULL,
    verification_status character varying(50) NOT NULL,
    download_status character varying(50) NOT NULL,
    uploaded_at timestamp with time zone,
    verified_at timestamp with time zone,
    downloaded_at timestamp with time zone,
    error_message text,
    created_at timestamp with time zone NOT NULL,
    updated_at timestamp with time zone NOT NULL,
    backup_record_id bigint NOT NULL,
    connection_id bigint NOT NULL
);


ALTER TABLE public.backup_center_backupcloudcopy OWNER TO sims_user;

--
-- Name: backup_center_backupcloudcopy_id_seq; Type: SEQUENCE; Schema: public; Owner: sims_user
--

ALTER TABLE public.backup_center_backupcloudcopy ALTER COLUMN id ADD GENERATED BY DEFAULT AS IDENTITY (
    SEQUENCE NAME public.backup_center_backupcloudcopy_id_seq
    START WITH 1
    INCREMENT BY 1
    NO MINVALUE
    NO MAXVALUE
    CACHE 1
);


--
-- Name: backup_center_backupjob; Type: TABLE; Schema: public; Owner: sims_user
--

CREATE TABLE public.backup_center_backupjob (
    id bigint NOT NULL,
    backup_type character varying(50) NOT NULL,
    status character varying(50) NOT NULL,
    file_path character varying(1024),
    file_name character varying(255),
    file_size bigint,
    checksum character varying(255),
    manifest_json jsonb,
    database_engine character varying(255),
    media_included boolean NOT NULL,
    created_at timestamp with time zone NOT NULL,
    completed_at timestamp with time zone,
    error_message text,
    created_by_id bigint,
    backup_kind character varying(50) DEFAULT 'routine_application_data'::character varying NOT NULL,
    table_counts_json jsonb,
    media_summary_json jsonb,
    app_version character varying(50),
    branch character varying(255),
    commit_hash character varying(255),
    notes text,
    cloud_bucket character varying(255),
    cloud_checksum character varying(255),
    cloud_checksum_key character varying(1024),
    cloud_download_status character varying(50) NOT NULL,
    cloud_enabled boolean NOT NULL,
    cloud_encryption_status character varying(50) NOT NULL,
    cloud_error_message text,
    cloud_file_size bigint,
    cloud_last_verified_at timestamp with time zone,
    cloud_manifest_key character varying(1024),
    cloud_object_key character varying(1024),
    cloud_prefix character varying(255),
    cloud_provider character varying(50),
    cloud_upload_completed_at timestamp with time zone,
    cloud_upload_started_at timestamp with time zone,
    cloud_upload_status character varying(50) NOT NULL
);


ALTER TABLE public.backup_center_backupjob OWNER TO sims_user;

--
-- Name: backup_center_backupjob_id_seq; Type: SEQUENCE; Schema: public; Owner: sims_user
--

ALTER TABLE public.backup_center_backupjob ALTER COLUMN id ADD GENERATED BY DEFAULT AS IDENTITY (
    SEQUENCE NAME public.backup_center_backupjob_id_seq
    START WITH 1
    INCREMENT BY 1
    NO MINVALUE
    NO MAXVALUE
    CACHE 1
);


--
-- Name: backup_center_restorejob; Type: TABLE; Schema: public; Owner: sims_user
--

CREATE TABLE public.backup_center_restorejob (
    id bigint NOT NULL,
    uploaded_file character varying(100),
    uploaded_file_name character varying(255),
    status character varying(50) NOT NULL,
    validation_result_json jsonb,
    started_at timestamp with time zone NOT NULL,
    completed_at timestamp with time zone,
    error_message text,
    backup_job_id bigint,
    restored_by_id bigint,
    safety_backup_id bigint,
    restore_kind character varying(50) DEFAULT 'routine_application_data_restore'::character varying NOT NULL,
    post_restore_check_json jsonb,
    notes text
);


ALTER TABLE public.backup_center_restorejob OWNER TO sims_user;

--
-- Name: backup_center_restorejob_id_seq; Type: SEQUENCE; Schema: public; Owner: sims_user
--

ALTER TABLE public.backup_center_restorejob ALTER COLUMN id ADD GENERATED BY DEFAULT AS IDENTITY (
    SEQUENCE NAME public.backup_center_restorejob_id_seq
    START WITH 1
    INCREMENT BY 1
    NO MINVALUE
    NO MAXVALUE
    CACHE 1
);


--
-- Name: bulk_bulkoperation; Type: TABLE; Schema: public; Owner: sims_user
--

CREATE TABLE public.bulk_bulkoperation (
    id bigint NOT NULL,
    operation character varying(32) NOT NULL,
    status character varying(16) NOT NULL,
    total_items integer NOT NULL,
    success_count integer NOT NULL,
    failure_count integer NOT NULL,
    details jsonb NOT NULL,
    created_at timestamp with time zone NOT NULL,
    completed_at timestamp with time zone,
    user_id bigint NOT NULL,
    CONSTRAINT bulk_bulkoperation_failure_count_check CHECK ((failure_count >= 0)),
    CONSTRAINT bulk_bulkoperation_success_count_check CHECK ((success_count >= 0)),
    CONSTRAINT bulk_bulkoperation_total_items_check CHECK ((total_items >= 0))
);


ALTER TABLE public.bulk_bulkoperation OWNER TO sims_user;

--
-- Name: bulk_bulkoperation_id_seq; Type: SEQUENCE; Schema: public; Owner: sims_user
--

ALTER TABLE public.bulk_bulkoperation ALTER COLUMN id ADD GENERATED BY DEFAULT AS IDENTITY (
    SEQUENCE NAME public.bulk_bulkoperation_id_seq
    START WITH 1
    INCREMENT BY 1
    NO MINVALUE
    NO MAXVALUE
    CACHE 1
);


--
-- Name: bulk_flexibleimportaudit; Type: TABLE; Schema: public; Owner: sims_user
--

CREATE TABLE public.bulk_flexibleimportaudit (
    id bigint NOT NULL,
    file_name character varying(255) NOT NULL,
    import_type character varying(64) NOT NULL,
    mapping_used jsonb NOT NULL,
    dry_run_result jsonb,
    final_import_result jsonb,
    success_count integer NOT NULL,
    failure_count integer NOT NULL,
    status character varying(20) NOT NULL,
    error_report_path character varying(500),
    created_at timestamp with time zone NOT NULL,
    completed_at timestamp with time zone,
    uploaded_by_id bigint NOT NULL,
    CONSTRAINT bulk_flexibleimportaudit_failure_count_check CHECK ((failure_count >= 0)),
    CONSTRAINT bulk_flexibleimportaudit_success_count_check CHECK ((success_count >= 0))
);


ALTER TABLE public.bulk_flexibleimportaudit OWNER TO sims_user;

--
-- Name: bulk_flexibleimportaudit_id_seq; Type: SEQUENCE; Schema: public; Owner: sims_user
--

ALTER TABLE public.bulk_flexibleimportaudit ALTER COLUMN id ADD GENERATED BY DEFAULT AS IDENTITY (
    SEQUENCE NAME public.bulk_flexibleimportaudit_id_seq
    START WITH 1
    INCREMENT BY 1
    NO MINVALUE
    NO MAXVALUE
    CACHE 1
);


--
-- Name: bulk_historicalflexibleimportaudit; Type: TABLE; Schema: public; Owner: sims_user
--

CREATE TABLE public.bulk_historicalflexibleimportaudit (
    id bigint NOT NULL,
    file_name character varying(255) NOT NULL,
    import_type character varying(64) NOT NULL,
    mapping_used jsonb NOT NULL,
    dry_run_result jsonb,
    final_import_result jsonb,
    success_count integer NOT NULL,
    failure_count integer NOT NULL,
    status character varying(20) NOT NULL,
    error_report_path character varying(500),
    created_at timestamp with time zone NOT NULL,
    completed_at timestamp with time zone,
    history_id integer NOT NULL,
    history_date timestamp with time zone NOT NULL,
    history_change_reason character varying(100),
    history_type character varying(1) NOT NULL,
    history_user_id bigint,
    uploaded_by_id bigint,
    CONSTRAINT bulk_historicalflexibleimportaudit_failure_count_check CHECK ((failure_count >= 0)),
    CONSTRAINT bulk_historicalflexibleimportaudit_success_count_check CHECK ((success_count >= 0))
);


ALTER TABLE public.bulk_historicalflexibleimportaudit OWNER TO sims_user;

--
-- Name: bulk_historicalflexibleimportaudit_history_id_seq; Type: SEQUENCE; Schema: public; Owner: sims_user
--

ALTER TABLE public.bulk_historicalflexibleimportaudit ALTER COLUMN history_id ADD GENERATED BY DEFAULT AS IDENTITY (
    SEQUENCE NAME public.bulk_historicalflexibleimportaudit_history_id_seq
    START WITH 1
    INCREMENT BY 1
    NO MINVALUE
    NO MAXVALUE
    CACHE 1
);


--
-- Name: bulk_historicalmappingpreset; Type: TABLE; Schema: public; Owner: sims_user
--

CREATE TABLE public.bulk_historicalmappingpreset (
    id bigint NOT NULL,
    name character varying(100) NOT NULL,
    entity character varying(64) NOT NULL,
    mapping jsonb NOT NULL,
    created_at timestamp with time zone NOT NULL,
    last_used_at timestamp with time zone,
    history_id integer NOT NULL,
    history_date timestamp with time zone NOT NULL,
    history_change_reason character varying(100),
    history_type character varying(1) NOT NULL,
    created_by_id bigint,
    history_user_id bigint
);


ALTER TABLE public.bulk_historicalmappingpreset OWNER TO sims_user;

--
-- Name: bulk_historicalmappingpreset_history_id_seq; Type: SEQUENCE; Schema: public; Owner: sims_user
--

ALTER TABLE public.bulk_historicalmappingpreset ALTER COLUMN history_id ADD GENERATED BY DEFAULT AS IDENTITY (
    SEQUENCE NAME public.bulk_historicalmappingpreset_history_id_seq
    START WITH 1
    INCREMENT BY 1
    NO MINVALUE
    NO MAXVALUE
    CACHE 1
);


--
-- Name: bulk_mappingpreset; Type: TABLE; Schema: public; Owner: sims_user
--

CREATE TABLE public.bulk_mappingpreset (
    id bigint NOT NULL,
    name character varying(100) NOT NULL,
    entity character varying(64) NOT NULL,
    mapping jsonb NOT NULL,
    created_at timestamp with time zone NOT NULL,
    last_used_at timestamp with time zone,
    created_by_id bigint NOT NULL
);


ALTER TABLE public.bulk_mappingpreset OWNER TO sims_user;

--
-- Name: bulk_mappingpreset_id_seq; Type: SEQUENCE; Schema: public; Owner: sims_user
--

ALTER TABLE public.bulk_mappingpreset ALTER COLUMN id ADD GENERATED BY DEFAULT AS IDENTITY (
    SEQUENCE NAME public.bulk_mappingpreset_id_seq
    START WITH 1
    INCREMENT BY 1
    NO MINVALUE
    NO MAXVALUE
    CACHE 1
);


--
-- Name: django_admin_log; Type: TABLE; Schema: public; Owner: sims_user
--

CREATE TABLE public.django_admin_log (
    id integer NOT NULL,
    action_time timestamp with time zone NOT NULL,
    object_id text,
    object_repr character varying(200) NOT NULL,
    action_flag smallint NOT NULL,
    change_message text NOT NULL,
    content_type_id integer,
    user_id bigint NOT NULL,
    CONSTRAINT django_admin_log_action_flag_check CHECK ((action_flag >= 0))
);


ALTER TABLE public.django_admin_log OWNER TO sims_user;

--
-- Name: django_admin_log_id_seq; Type: SEQUENCE; Schema: public; Owner: sims_user
--

ALTER TABLE public.django_admin_log ALTER COLUMN id ADD GENERATED BY DEFAULT AS IDENTITY (
    SEQUENCE NAME public.django_admin_log_id_seq
    START WITH 1
    INCREMENT BY 1
    NO MINVALUE
    NO MAXVALUE
    CACHE 1
);


--
-- Name: django_celery_beat_clockedschedule; Type: TABLE; Schema: public; Owner: sims_user
--

CREATE TABLE public.django_celery_beat_clockedschedule (
    id integer NOT NULL,
    clocked_time timestamp with time zone NOT NULL
);


ALTER TABLE public.django_celery_beat_clockedschedule OWNER TO sims_user;

--
-- Name: django_celery_beat_clockedschedule_id_seq; Type: SEQUENCE; Schema: public; Owner: sims_user
--

ALTER TABLE public.django_celery_beat_clockedschedule ALTER COLUMN id ADD GENERATED BY DEFAULT AS IDENTITY (
    SEQUENCE NAME public.django_celery_beat_clockedschedule_id_seq
    START WITH 1
    INCREMENT BY 1
    NO MINVALUE
    NO MAXVALUE
    CACHE 1
);


--
-- Name: django_celery_beat_crontabschedule; Type: TABLE; Schema: public; Owner: sims_user
--

CREATE TABLE public.django_celery_beat_crontabschedule (
    id integer NOT NULL,
    minute character varying(240) NOT NULL,
    hour character varying(96) NOT NULL,
    day_of_week character varying(64) NOT NULL,
    day_of_month character varying(124) NOT NULL,
    month_of_year character varying(64) NOT NULL,
    timezone character varying(63) NOT NULL
);


ALTER TABLE public.django_celery_beat_crontabschedule OWNER TO sims_user;

--
-- Name: django_celery_beat_crontabschedule_id_seq; Type: SEQUENCE; Schema: public; Owner: sims_user
--

ALTER TABLE public.django_celery_beat_crontabschedule ALTER COLUMN id ADD GENERATED BY DEFAULT AS IDENTITY (
    SEQUENCE NAME public.django_celery_beat_crontabschedule_id_seq
    START WITH 1
    INCREMENT BY 1
    NO MINVALUE
    NO MAXVALUE
    CACHE 1
);


--
-- Name: django_celery_beat_intervalschedule; Type: TABLE; Schema: public; Owner: sims_user
--

CREATE TABLE public.django_celery_beat_intervalschedule (
    id integer NOT NULL,
    every integer NOT NULL,
    period character varying(24) NOT NULL
);


ALTER TABLE public.django_celery_beat_intervalschedule OWNER TO sims_user;

--
-- Name: django_celery_beat_intervalschedule_id_seq; Type: SEQUENCE; Schema: public; Owner: sims_user
--

ALTER TABLE public.django_celery_beat_intervalschedule ALTER COLUMN id ADD GENERATED BY DEFAULT AS IDENTITY (
    SEQUENCE NAME public.django_celery_beat_intervalschedule_id_seq
    START WITH 1
    INCREMENT BY 1
    NO MINVALUE
    NO MAXVALUE
    CACHE 1
);


--
-- Name: django_celery_beat_periodictask; Type: TABLE; Schema: public; Owner: sims_user
--

CREATE TABLE public.django_celery_beat_periodictask (
    id integer NOT NULL,
    name character varying(200) NOT NULL,
    task character varying(200) NOT NULL,
    args text NOT NULL,
    kwargs text NOT NULL,
    queue character varying(200),
    exchange character varying(200),
    routing_key character varying(200),
    expires timestamp with time zone,
    enabled boolean NOT NULL,
    last_run_at timestamp with time zone,
    total_run_count integer NOT NULL,
    date_changed timestamp with time zone NOT NULL,
    description text NOT NULL,
    crontab_id integer,
    interval_id integer,
    solar_id integer,
    one_off boolean NOT NULL,
    start_time timestamp with time zone,
    priority integer,
    headers text NOT NULL,
    clocked_id integer,
    expire_seconds integer,
    CONSTRAINT django_celery_beat_periodictask_expire_seconds_check CHECK ((expire_seconds >= 0)),
    CONSTRAINT django_celery_beat_periodictask_priority_check CHECK ((priority >= 0)),
    CONSTRAINT django_celery_beat_periodictask_total_run_count_check CHECK ((total_run_count >= 0))
);


ALTER TABLE public.django_celery_beat_periodictask OWNER TO sims_user;

--
-- Name: django_celery_beat_periodictask_id_seq; Type: SEQUENCE; Schema: public; Owner: sims_user
--

ALTER TABLE public.django_celery_beat_periodictask ALTER COLUMN id ADD GENERATED BY DEFAULT AS IDENTITY (
    SEQUENCE NAME public.django_celery_beat_periodictask_id_seq
    START WITH 1
    INCREMENT BY 1
    NO MINVALUE
    NO MAXVALUE
    CACHE 1
);


--
-- Name: django_celery_beat_periodictasks; Type: TABLE; Schema: public; Owner: sims_user
--

CREATE TABLE public.django_celery_beat_periodictasks (
    ident smallint NOT NULL,
    last_update timestamp with time zone NOT NULL
);


ALTER TABLE public.django_celery_beat_periodictasks OWNER TO sims_user;

--
-- Name: django_celery_beat_solarschedule; Type: TABLE; Schema: public; Owner: sims_user
--

CREATE TABLE public.django_celery_beat_solarschedule (
    id integer NOT NULL,
    event character varying(24) NOT NULL,
    latitude numeric(9,6) NOT NULL,
    longitude numeric(9,6) NOT NULL
);


ALTER TABLE public.django_celery_beat_solarschedule OWNER TO sims_user;

--
-- Name: django_celery_beat_solarschedule_id_seq; Type: SEQUENCE; Schema: public; Owner: sims_user
--

ALTER TABLE public.django_celery_beat_solarschedule ALTER COLUMN id ADD GENERATED BY DEFAULT AS IDENTITY (
    SEQUENCE NAME public.django_celery_beat_solarschedule_id_seq
    START WITH 1
    INCREMENT BY 1
    NO MINVALUE
    NO MAXVALUE
    CACHE 1
);


--
-- Name: django_content_type; Type: TABLE; Schema: public; Owner: sims_user
--

CREATE TABLE public.django_content_type (
    id integer NOT NULL,
    app_label character varying(100) NOT NULL,
    model character varying(100) NOT NULL
);


ALTER TABLE public.django_content_type OWNER TO sims_user;

--
-- Name: django_content_type_id_seq; Type: SEQUENCE; Schema: public; Owner: sims_user
--

ALTER TABLE public.django_content_type ALTER COLUMN id ADD GENERATED BY DEFAULT AS IDENTITY (
    SEQUENCE NAME public.django_content_type_id_seq
    START WITH 1
    INCREMENT BY 1
    NO MINVALUE
    NO MAXVALUE
    CACHE 1
);


--
-- Name: django_migrations; Type: TABLE; Schema: public; Owner: sims_user
--

CREATE TABLE public.django_migrations (
    id bigint NOT NULL,
    app character varying(255) NOT NULL,
    name character varying(255) NOT NULL,
    applied timestamp with time zone NOT NULL
);


ALTER TABLE public.django_migrations OWNER TO sims_user;

--
-- Name: django_migrations_id_seq; Type: SEQUENCE; Schema: public; Owner: sims_user
--

ALTER TABLE public.django_migrations ALTER COLUMN id ADD GENERATED BY DEFAULT AS IDENTITY (
    SEQUENCE NAME public.django_migrations_id_seq
    START WITH 1
    INCREMENT BY 1
    NO MINVALUE
    NO MAXVALUE
    CACHE 1
);


--
-- Name: django_session; Type: TABLE; Schema: public; Owner: sims_user
--

CREATE TABLE public.django_session (
    session_key character varying(40) NOT NULL,
    session_data text NOT NULL,
    expire_date timestamp with time zone NOT NULL
);


ALTER TABLE public.django_session OWNER TO sims_user;

--
-- Name: notifications_notification; Type: TABLE; Schema: public; Owner: sims_user
--

CREATE TABLE public.notifications_notification (
    id bigint NOT NULL,
    verb character varying(128) NOT NULL,
    title character varying(255) NOT NULL,
    body text NOT NULL,
    channel character varying(20) NOT NULL,
    metadata jsonb NOT NULL,
    read_at timestamp with time zone,
    scheduled_for timestamp with time zone,
    created_at timestamp with time zone NOT NULL,
    actor_id bigint,
    recipient_id bigint NOT NULL
);


ALTER TABLE public.notifications_notification OWNER TO sims_user;

--
-- Name: notifications_notification_id_seq; Type: SEQUENCE; Schema: public; Owner: sims_user
--

ALTER TABLE public.notifications_notification ALTER COLUMN id ADD GENERATED BY DEFAULT AS IDENTITY (
    SEQUENCE NAME public.notifications_notification_id_seq
    START WITH 1
    INCREMENT BY 1
    NO MINVALUE
    NO MAXVALUE
    CACHE 1
);


--
-- Name: notifications_notificationpreference; Type: TABLE; Schema: public; Owner: sims_user
--

CREATE TABLE public.notifications_notificationpreference (
    id bigint NOT NULL,
    email_enabled boolean NOT NULL,
    in_app_enabled boolean NOT NULL,
    quiet_hours_start time without time zone,
    quiet_hours_end time without time zone,
    user_id bigint NOT NULL
);


ALTER TABLE public.notifications_notificationpreference OWNER TO sims_user;

--
-- Name: notifications_notificationpreference_id_seq; Type: SEQUENCE; Schema: public; Owner: sims_user
--

ALTER TABLE public.notifications_notificationpreference ALTER COLUMN id ADD GENERATED BY DEFAULT AS IDENTITY (
    SEQUENCE NAME public.notifications_notificationpreference_id_seq
    START WITH 1
    INCREMENT BY 1
    NO MINVALUE
    NO MAXVALUE
    CACHE 1
);


--
-- Name: rotations_hospital; Type: TABLE; Schema: public; Owner: sims_user
--

CREATE TABLE public.rotations_hospital (
    id bigint NOT NULL,
    name character varying(200) NOT NULL,
    code character varying(20),
    address text NOT NULL,
    phone character varying(20) NOT NULL,
    email character varying(254) NOT NULL,
    website character varying(200) NOT NULL,
    description text NOT NULL,
    facilities text NOT NULL,
    is_active boolean NOT NULL,
    created_at timestamp with time zone NOT NULL,
    updated_at timestamp with time zone NOT NULL
);


ALTER TABLE public.rotations_hospital OWNER TO sims_user;

--
-- Name: rotations_hospital_id_seq; Type: SEQUENCE; Schema: public; Owner: sims_user
--

ALTER TABLE public.rotations_hospital ALTER COLUMN id ADD GENERATED BY DEFAULT AS IDENTITY (
    SEQUENCE NAME public.rotations_hospital_id_seq
    START WITH 1
    INCREMENT BY 1
    NO MINVALUE
    NO MAXVALUE
    CACHE 1
);


--
-- Name: rotations_hospitaldepartment; Type: TABLE; Schema: public; Owner: sims_user
--

CREATE TABLE public.rotations_hospitaldepartment (
    id bigint NOT NULL,
    is_active boolean NOT NULL,
    created_at timestamp with time zone NOT NULL,
    updated_at timestamp with time zone NOT NULL,
    department_id bigint NOT NULL,
    hospital_id bigint NOT NULL
);


ALTER TABLE public.rotations_hospitaldepartment OWNER TO sims_user;

--
-- Name: rotations_hospitaldepartment_id_seq; Type: SEQUENCE; Schema: public; Owner: sims_user
--

ALTER TABLE public.rotations_hospitaldepartment ALTER COLUMN id ADD GENERATED BY DEFAULT AS IDENTITY (
    SEQUENCE NAME public.rotations_hospitaldepartment_id_seq
    START WITH 1
    INCREMENT BY 1
    NO MINVALUE
    NO MAXVALUE
    CACHE 1
);


--
-- Name: training_deputationposting; Type: TABLE; Schema: public; Owner: sims_user
--

CREATE TABLE public.training_deputationposting (
    id bigint NOT NULL,
    posting_type character varying(20) NOT NULL,
    institution_name character varying(300) NOT NULL,
    city character varying(100) NOT NULL,
    start_date date NOT NULL,
    end_date date NOT NULL,
    status character varying(20) NOT NULL,
    notes text NOT NULL,
    approved_at timestamp with time zone,
    reject_reason text NOT NULL,
    created_at timestamp with time zone NOT NULL,
    updated_at timestamp with time zone NOT NULL,
    approved_by_id bigint,
    resident_training_id bigint NOT NULL,
    CONSTRAINT posting_end_after_start CHECK ((end_date >= start_date))
);


ALTER TABLE public.training_deputationposting OWNER TO sims_user;

--
-- Name: training_deputationposting_id_seq; Type: SEQUENCE; Schema: public; Owner: sims_user
--

ALTER TABLE public.training_deputationposting ALTER COLUMN id ADD GENERATED BY DEFAULT AS IDENTITY (
    SEQUENCE NAME public.training_deputationposting_id_seq
    START WITH 1
    INCREMENT BY 1
    NO MINVALUE
    NO MAXVALUE
    CACHE 1
);


--
-- Name: training_historicaldeputationposting; Type: TABLE; Schema: public; Owner: sims_user
--

CREATE TABLE public.training_historicaldeputationposting (
    id bigint NOT NULL,
    posting_type character varying(20) NOT NULL,
    institution_name character varying(300) NOT NULL,
    city character varying(100) NOT NULL,
    start_date date NOT NULL,
    end_date date NOT NULL,
    status character varying(20) NOT NULL,
    notes text NOT NULL,
    approved_at timestamp with time zone,
    reject_reason text NOT NULL,
    created_at timestamp with time zone NOT NULL,
    updated_at timestamp with time zone NOT NULL,
    history_id integer NOT NULL,
    history_date timestamp with time zone NOT NULL,
    history_change_reason character varying(100),
    history_type character varying(1) NOT NULL,
    approved_by_id bigint,
    history_user_id bigint,
    resident_training_id bigint
);


ALTER TABLE public.training_historicaldeputationposting OWNER TO sims_user;

--
-- Name: training_historicaldeputationposting_history_id_seq; Type: SEQUENCE; Schema: public; Owner: sims_user
--

ALTER TABLE public.training_historicaldeputationposting ALTER COLUMN history_id ADD GENERATED BY DEFAULT AS IDENTITY (
    SEQUENCE NAME public.training_historicaldeputationposting_history_id_seq
    START WITH 1
    INCREMENT BY 1
    NO MINVALUE
    NO MAXVALUE
    CACHE 1
);


--
-- Name: training_historicalleaverequest; Type: TABLE; Schema: public; Owner: sims_user
--

CREATE TABLE public.training_historicalleaverequest (
    id bigint NOT NULL,
    leave_type character varying(20) NOT NULL,
    start_date date NOT NULL,
    end_date date NOT NULL,
    reason text NOT NULL,
    status character varying(20) NOT NULL,
    approved_at timestamp with time zone,
    reject_reason text NOT NULL,
    created_at timestamp with time zone NOT NULL,
    updated_at timestamp with time zone NOT NULL,
    history_id integer NOT NULL,
    history_date timestamp with time zone NOT NULL,
    history_change_reason character varying(100),
    history_type character varying(1) NOT NULL,
    approved_by_id bigint,
    history_user_id bigint,
    resident_training_id bigint
);


ALTER TABLE public.training_historicalleaverequest OWNER TO sims_user;

--
-- Name: training_historicalleaverequest_history_id_seq; Type: SEQUENCE; Schema: public; Owner: sims_user
--

ALTER TABLE public.training_historicalleaverequest ALTER COLUMN history_id ADD GENERATED BY DEFAULT AS IDENTITY (
    SEQUENCE NAME public.training_historicalleaverequest_history_id_seq
    START WITH 1
    INCREMENT BY 1
    NO MINVALUE
    NO MAXVALUE
    CACHE 1
);


--
-- Name: training_historicallogbookentry; Type: TABLE; Schema: public; Owner: sims_user
--

CREATE TABLE public.training_historicallogbookentry (
    id bigint NOT NULL,
    patient_id_number character varying(120) NOT NULL,
    patient_name character varying(255) NOT NULL,
    age integer,
    gender character varying(50) NOT NULL,
    demographics text NOT NULL,
    disease_area character varying(255) NOT NULL,
    diagnosis text NOT NULL,
    clinical_presentation text NOT NULL,
    management_plan text NOT NULL,
    resident_reflection text NOT NULL,
    patient_seen_at timestamp with time zone NOT NULL,
    status character varying(20) NOT NULL,
    submitted_at timestamp with time zone,
    returned_at timestamp with time zone,
    approved_at timestamp with time zone,
    supervisor_feedback text NOT NULL,
    created_at timestamp with time zone NOT NULL,
    updated_at timestamp with time zone NOT NULL,
    history_id integer NOT NULL,
    history_date timestamp with time zone NOT NULL,
    history_change_reason character varying(100),
    history_type character varying(1) NOT NULL,
    created_by_id bigint,
    history_user_id bigint,
    resident_training_record_id bigint,
    reviewed_by_id bigint,
    rotation_assignment_id bigint,
    CONSTRAINT training_historicallogbookentry_age_check CHECK ((age >= 0))
);


ALTER TABLE public.training_historicallogbookentry OWNER TO sims_user;

--
-- Name: training_historicallogbookentry_history_id_seq; Type: SEQUENCE; Schema: public; Owner: sims_user
--

ALTER TABLE public.training_historicallogbookentry ALTER COLUMN history_id ADD GENERATED BY DEFAULT AS IDENTITY (
    SEQUENCE NAME public.training_historicallogbookentry_history_id_seq
    START WITH 1
    INCREMENT BY 1
    NO MINVALUE
    NO MAXVALUE
    CACHE 1
);


--
-- Name: training_historicallogbookreview; Type: TABLE; Schema: public; Owner: sims_user
--

CREATE TABLE public.training_historicallogbookreview (
    id bigint NOT NULL,
    action character varying(20) NOT NULL,
    comments text NOT NULL,
    created_at timestamp with time zone NOT NULL,
    history_id integer NOT NULL,
    history_date timestamp with time zone NOT NULL,
    history_change_reason character varying(100),
    history_type character varying(1) NOT NULL,
    entry_id bigint,
    history_user_id bigint,
    reviewer_id bigint
);


ALTER TABLE public.training_historicallogbookreview OWNER TO sims_user;

--
-- Name: training_historicallogbookreview_history_id_seq; Type: SEQUENCE; Schema: public; Owner: sims_user
--

ALTER TABLE public.training_historicallogbookreview ALTER COLUMN history_id ADD GENERATED BY DEFAULT AS IDENTITY (
    SEQUENCE NAME public.training_historicallogbookreview_history_id_seq
    START WITH 1
    INCREMENT BY 1
    NO MINVALUE
    NO MAXVALUE
    CACHE 1
);


--
-- Name: training_historicallogbookthresholdconfig; Type: TABLE; Schema: public; Owner: sims_user
--

CREATE TABLE public.training_historicallogbookthresholdconfig (
    id bigint NOT NULL,
    name character varying(150) NOT NULL,
    mode character varying(30) NOT NULL,
    min_approved_entries integer NOT NULL,
    period_days integer,
    is_active boolean NOT NULL,
    created_at timestamp with time zone NOT NULL,
    updated_at timestamp with time zone NOT NULL,
    history_id integer NOT NULL,
    history_date timestamp with time zone NOT NULL,
    history_change_reason character varying(100),
    history_type character varying(1) NOT NULL,
    configured_by_id bigint,
    department_id bigint,
    history_user_id bigint,
    program_id bigint,
    CONSTRAINT training_historicallogbookthresholdc_min_approved_entries_check CHECK ((min_approved_entries >= 0)),
    CONSTRAINT training_historicallogbookthresholdconfig_period_days_check CHECK ((period_days >= 0))
);


ALTER TABLE public.training_historicallogbookthresholdconfig OWNER TO sims_user;

--
-- Name: training_historicallogbookthresholdconfig_history_id_seq; Type: SEQUENCE; Schema: public; Owner: sims_user
--

ALTER TABLE public.training_historicallogbookthresholdconfig ALTER COLUMN history_id ADD GENERATED BY DEFAULT AS IDENTITY (
    SEQUENCE NAME public.training_historicallogbookthresholdconfig_history_id_seq
    START WITH 1
    INCREMENT BY 1
    NO MINVALUE
    NO MAXVALUE
    CACHE 1
);


--
-- Name: training_historicalprogrammilestone; Type: TABLE; Schema: public; Owner: sims_user
--

CREATE TABLE public.training_historicalprogrammilestone (
    id bigint NOT NULL,
    code character varying(20) NOT NULL,
    name character varying(200) NOT NULL,
    recommended_month integer,
    is_active boolean NOT NULL,
    created_at timestamp with time zone NOT NULL,
    updated_at timestamp with time zone NOT NULL,
    history_id integer NOT NULL,
    history_date timestamp with time zone NOT NULL,
    history_change_reason character varying(100),
    history_type character varying(1) NOT NULL,
    history_user_id bigint,
    program_id bigint,
    CONSTRAINT training_historicalprogrammilestone_recommended_month_check CHECK ((recommended_month >= 0))
);


ALTER TABLE public.training_historicalprogrammilestone OWNER TO sims_user;

--
-- Name: training_historicalprogrammilestone_history_id_seq; Type: SEQUENCE; Schema: public; Owner: sims_user
--

ALTER TABLE public.training_historicalprogrammilestone ALTER COLUMN history_id ADD GENERATED BY DEFAULT AS IDENTITY (
    SEQUENCE NAME public.training_historicalprogrammilestone_history_id_seq
    START WITH 1
    INCREMENT BY 1
    NO MINVALUE
    NO MAXVALUE
    CACHE 1
);


--
-- Name: training_historicalprogrammilestonelogbookrequirement; Type: TABLE; Schema: public; Owner: sims_user
--

CREATE TABLE public.training_historicalprogrammilestonelogbookrequirement (
    id bigint NOT NULL,
    procedure_key character varying(200) NOT NULL,
    category character varying(200) NOT NULL,
    min_entries integer NOT NULL,
    created_at timestamp with time zone NOT NULL,
    history_id integer NOT NULL,
    history_date timestamp with time zone NOT NULL,
    history_change_reason character varying(100),
    history_type character varying(1) NOT NULL,
    history_user_id bigint,
    milestone_id bigint,
    CONSTRAINT training_historicalprogrammilestonelogbookreq_min_entries_check CHECK ((min_entries >= 0))
);


ALTER TABLE public.training_historicalprogrammilestonelogbookrequirement OWNER TO sims_user;

--
-- Name: training_historicalprogrammilestonelogbookrequir_history_id_seq; Type: SEQUENCE; Schema: public; Owner: sims_user
--

ALTER TABLE public.training_historicalprogrammilestonelogbookrequirement ALTER COLUMN history_id ADD GENERATED BY DEFAULT AS IDENTITY (
    SEQUENCE NAME public.training_historicalprogrammilestonelogbookrequir_history_id_seq
    START WITH 1
    INCREMENT BY 1
    NO MINVALUE
    NO MAXVALUE
    CACHE 1
);


--
-- Name: training_historicalprogrammilestoneresearchrequirement; Type: TABLE; Schema: public; Owner: sims_user
--

CREATE TABLE public.training_historicalprogrammilestoneresearchrequirement (
    id bigint NOT NULL,
    requires_synopsis_approved boolean NOT NULL,
    requires_synopsis_submitted_to_university boolean NOT NULL,
    requires_thesis_submitted boolean NOT NULL,
    created_at timestamp with time zone NOT NULL,
    updated_at timestamp with time zone NOT NULL,
    history_id integer NOT NULL,
    history_date timestamp with time zone NOT NULL,
    history_change_reason character varying(100),
    history_type character varying(1) NOT NULL,
    history_user_id bigint,
    milestone_id bigint
);


ALTER TABLE public.training_historicalprogrammilestoneresearchrequirement OWNER TO sims_user;

--
-- Name: training_historicalprogrammilestoneresearchrequi_history_id_seq; Type: SEQUENCE; Schema: public; Owner: sims_user
--

ALTER TABLE public.training_historicalprogrammilestoneresearchrequirement ALTER COLUMN history_id ADD GENERATED BY DEFAULT AS IDENTITY (
    SEQUENCE NAME public.training_historicalprogrammilestoneresearchrequi_history_id_seq
    START WITH 1
    INCREMENT BY 1
    NO MINVALUE
    NO MAXVALUE
    CACHE 1
);


--
-- Name: training_historicalprogrammilestoneworkshoprequirement; Type: TABLE; Schema: public; Owner: sims_user
--

CREATE TABLE public.training_historicalprogrammilestoneworkshoprequirement (
    id bigint NOT NULL,
    required_count integer NOT NULL,
    created_at timestamp with time zone NOT NULL,
    history_id integer NOT NULL,
    history_date timestamp with time zone NOT NULL,
    history_change_reason character varying(100),
    history_type character varying(1) NOT NULL,
    history_user_id bigint,
    milestone_id bigint,
    workshop_id bigint,
    CONSTRAINT training_historicalprogrammilestoneworksho_required_count_check CHECK ((required_count >= 0))
);


ALTER TABLE public.training_historicalprogrammilestoneworkshoprequirement OWNER TO sims_user;

--
-- Name: training_historicalprogrammilestoneworkshoprequi_history_id_seq; Type: SEQUENCE; Schema: public; Owner: sims_user
--

ALTER TABLE public.training_historicalprogrammilestoneworkshoprequirement ALTER COLUMN history_id ADD GENERATED BY DEFAULT AS IDENTITY (
    SEQUENCE NAME public.training_historicalprogrammilestoneworkshoprequi_history_id_seq
    START WITH 1
    INCREMENT BY 1
    NO MINVALUE
    NO MAXVALUE
    CACHE 1
);


--
-- Name: training_historicalprogrampolicy; Type: TABLE; Schema: public; Owner: sims_user
--

CREATE TABLE public.training_historicalprogrampolicy (
    id bigint NOT NULL,
    allow_program_change boolean NOT NULL,
    program_change_requires_restart boolean NOT NULL,
    min_active_months_before_imm integer,
    imm_allowed_from_month integer,
    final_allowed_from_month integer,
    exception_rules_text text NOT NULL,
    created_at timestamp with time zone NOT NULL,
    updated_at timestamp with time zone NOT NULL,
    history_id integer NOT NULL,
    history_date timestamp with time zone NOT NULL,
    history_change_reason character varying(100),
    history_type character varying(1) NOT NULL,
    history_user_id bigint,
    program_id bigint,
    CONSTRAINT training_historicalprogrampo_min_active_months_before_imm_check CHECK ((min_active_months_before_imm >= 0)),
    CONSTRAINT training_historicalprogrampolicy_final_allowed_from_month_check CHECK ((final_allowed_from_month >= 0)),
    CONSTRAINT training_historicalprogrampolicy_imm_allowed_from_month_check CHECK ((imm_allowed_from_month >= 0))
);


ALTER TABLE public.training_historicalprogrampolicy OWNER TO sims_user;

--
-- Name: training_historicalprogrampolicy_history_id_seq; Type: SEQUENCE; Schema: public; Owner: sims_user
--

ALTER TABLE public.training_historicalprogrampolicy ALTER COLUMN history_id ADD GENERATED BY DEFAULT AS IDENTITY (
    SEQUENCE NAME public.training_historicalprogrampolicy_history_id_seq
    START WITH 1
    INCREMENT BY 1
    NO MINVALUE
    NO MAXVALUE
    CACHE 1
);


--
-- Name: training_historicalprogramrotationrequirement; Type: TABLE; Schema: public; Owner: sims_user
--

CREATE TABLE public.training_historicalprogramrotationrequirement (
    id bigint NOT NULL,
    required_duration_weeks integer NOT NULL,
    sequence_order integer NOT NULL,
    is_mandatory boolean NOT NULL,
    notes text NOT NULL,
    created_at timestamp with time zone NOT NULL,
    updated_at timestamp with time zone NOT NULL,
    history_id integer NOT NULL,
    history_date timestamp with time zone NOT NULL,
    history_change_reason character varying(100),
    history_type character varying(1) NOT NULL,
    department_id bigint,
    history_user_id bigint,
    program_id bigint,
    CONSTRAINT training_historicalprogramrotatio_required_duration_weeks_check CHECK ((required_duration_weeks >= 0)),
    CONSTRAINT training_historicalprogramrotationrequirem_sequence_order_check CHECK ((sequence_order >= 0))
);


ALTER TABLE public.training_historicalprogramrotationrequirement OWNER TO sims_user;

--
-- Name: training_historicalprogramrotationrequirement_history_id_seq; Type: SEQUENCE; Schema: public; Owner: sims_user
--

ALTER TABLE public.training_historicalprogramrotationrequirement ALTER COLUMN history_id ADD GENERATED BY DEFAULT AS IDENTITY (
    SEQUENCE NAME public.training_historicalprogramrotationrequirement_history_id_seq
    START WITH 1
    INCREMENT BY 1
    NO MINVALUE
    NO MAXVALUE
    CACHE 1
);


--
-- Name: training_historicalprogramrotationtemplate; Type: TABLE; Schema: public; Owner: sims_user
--

CREATE TABLE public.training_historicalprogramrotationtemplate (
    id bigint NOT NULL,
    name character varying(200) NOT NULL,
    duration_weeks integer NOT NULL,
    required boolean NOT NULL,
    sequence_order integer NOT NULL,
    active boolean NOT NULL,
    created_at timestamp with time zone NOT NULL,
    history_id integer NOT NULL,
    history_date timestamp with time zone NOT NULL,
    history_change_reason character varying(100),
    history_type character varying(1) NOT NULL,
    department_id bigint,
    history_user_id bigint,
    program_id bigint,
    block_index integer,
    is_mandatory boolean NOT NULL,
    min_duration_weeks integer,
    phase_index integer,
    requirements_json jsonb NOT NULL,
    year_index integer,
    CONSTRAINT training_historicalprogramrotationtemp_min_duration_weeks_check CHECK ((min_duration_weeks >= 0)),
    CONSTRAINT training_historicalprogramrotationtemplate_block_index_check CHECK ((block_index >= 0)),
    CONSTRAINT training_historicalprogramrotationtemplate_duration_weeks_check CHECK ((duration_weeks >= 0)),
    CONSTRAINT training_historicalprogramrotationtemplate_phase_index_check CHECK ((phase_index >= 0)),
    CONSTRAINT training_historicalprogramrotationtemplate_sequence_order_check CHECK ((sequence_order >= 0)),
    CONSTRAINT training_historicalprogramrotationtemplate_year_index_check CHECK ((year_index >= 0))
);


ALTER TABLE public.training_historicalprogramrotationtemplate OWNER TO sims_user;

--
-- Name: training_historicalprogramrotationtemplate_history_id_seq; Type: SEQUENCE; Schema: public; Owner: sims_user
--

ALTER TABLE public.training_historicalprogramrotationtemplate ALTER COLUMN history_id ADD GENERATED BY DEFAULT AS IDENTITY (
    SEQUENCE NAME public.training_historicalprogramrotationtemplate_history_id_seq
    START WITH 1
    INCREMENT BY 1
    NO MINVALUE
    NO MAXVALUE
    CACHE 1
);


--
-- Name: training_historicalresidentresearchproject; Type: TABLE; Schema: public; Owner: sims_user
--

CREATE TABLE public.training_historicalresidentresearchproject (
    id bigint NOT NULL,
    title character varying(500) NOT NULL,
    topic_area character varying(300) NOT NULL,
    status character varying(40) NOT NULL,
    synopsis_file text,
    synopsis_approved_at timestamp with time zone,
    supervisor_feedback text NOT NULL,
    university_submission_ref character varying(200),
    submitted_to_supervisor_at timestamp with time zone,
    submitted_to_university_at timestamp with time zone,
    accepted_at timestamp with time zone,
    created_at timestamp with time zone NOT NULL,
    updated_at timestamp with time zone NOT NULL,
    history_id integer NOT NULL,
    history_date timestamp with time zone NOT NULL,
    history_change_reason character varying(100),
    history_type character varying(1) NOT NULL,
    history_user_id bigint,
    resident_training_record_id bigint,
    supervisor_id bigint
);


ALTER TABLE public.training_historicalresidentresearchproject OWNER TO sims_user;

--
-- Name: training_historicalresidentresearchproject_history_id_seq; Type: SEQUENCE; Schema: public; Owner: sims_user
--

ALTER TABLE public.training_historicalresidentresearchproject ALTER COLUMN history_id ADD GENERATED BY DEFAULT AS IDENTITY (
    SEQUENCE NAME public.training_historicalresidentresearchproject_history_id_seq
    START WITH 1
    INCREMENT BY 1
    NO MINVALUE
    NO MAXVALUE
    CACHE 1
);


--
-- Name: training_historicalresidentsubmission; Type: TABLE; Schema: public; Owner: sims_user
--

CREATE TABLE public.training_historicalresidentsubmission (
    id bigint NOT NULL,
    submission_type character varying(20) NOT NULL,
    status character varying(30) NOT NULL,
    submitted_at timestamp with time zone,
    under_review_at timestamp with time zone,
    returned_at timestamp with time zone,
    verified_at timestamp with time zone,
    certificate_issued_at timestamp with time zone,
    feedback text NOT NULL,
    created_at timestamp with time zone NOT NULL,
    updated_at timestamp with time zone NOT NULL,
    history_id integer NOT NULL,
    history_date timestamp with time zone NOT NULL,
    history_change_reason character varying(100),
    history_type character varying(1) NOT NULL,
    history_user_id bigint,
    resident_training_record_id bigint,
    reviewed_by_id bigint
);


ALTER TABLE public.training_historicalresidentsubmission OWNER TO sims_user;

--
-- Name: training_historicalresidentsubmission_history_id_seq; Type: SEQUENCE; Schema: public; Owner: sims_user
--

ALTER TABLE public.training_historicalresidentsubmission ALTER COLUMN history_id ADD GENERATED BY DEFAULT AS IDENTITY (
    SEQUENCE NAME public.training_historicalresidentsubmission_history_id_seq
    START WITH 1
    INCREMENT BY 1
    NO MINVALUE
    NO MAXVALUE
    CACHE 1
);


--
-- Name: training_historicalresidentthesis; Type: TABLE; Schema: public; Owner: sims_user
--

CREATE TABLE public.training_historicalresidentthesis (
    id bigint NOT NULL,
    status character varying(20) NOT NULL,
    thesis_file text,
    submitted_at timestamp with time zone,
    final_submission_ref character varying(200),
    notes text NOT NULL,
    created_at timestamp with time zone NOT NULL,
    updated_at timestamp with time zone NOT NULL,
    history_id integer NOT NULL,
    history_date timestamp with time zone NOT NULL,
    history_change_reason character varying(100),
    history_type character varying(1) NOT NULL,
    history_user_id bigint,
    resident_training_record_id bigint
);


ALTER TABLE public.training_historicalresidentthesis OWNER TO sims_user;

--
-- Name: training_historicalresidentthesis_history_id_seq; Type: SEQUENCE; Schema: public; Owner: sims_user
--

ALTER TABLE public.training_historicalresidentthesis ALTER COLUMN history_id ADD GENERATED BY DEFAULT AS IDENTITY (
    SEQUENCE NAME public.training_historicalresidentthesis_history_id_seq
    START WITH 1
    INCREMENT BY 1
    NO MINVALUE
    NO MAXVALUE
    CACHE 1
);


--
-- Name: training_historicalresidenttrainingrecord; Type: TABLE; Schema: public; Owner: sims_user
--

CREATE TABLE public.training_historicalresidenttrainingrecord (
    id bigint NOT NULL,
    start_date date NOT NULL,
    expected_end_date date,
    current_level character varying(10) NOT NULL,
    active boolean NOT NULL,
    created_at timestamp with time zone NOT NULL,
    updated_at timestamp with time zone NOT NULL,
    history_id integer NOT NULL,
    history_date timestamp with time zone NOT NULL,
    history_change_reason character varying(100),
    history_type character varying(1) NOT NULL,
    created_by_id bigint,
    history_user_id bigint,
    program_id bigint,
    resident_user_id bigint,
    locked_program boolean NOT NULL,
    program_change_reason text,
    restart_from_scratch_on_change boolean NOT NULL,
    status character varying(20) NOT NULL,
    has_default_dates boolean NOT NULL
);


ALTER TABLE public.training_historicalresidenttrainingrecord OWNER TO sims_user;

--
-- Name: training_historicalresidenttrainingrecord_history_id_seq; Type: SEQUENCE; Schema: public; Owner: sims_user
--

ALTER TABLE public.training_historicalresidenttrainingrecord ALTER COLUMN history_id ADD GENERATED BY DEFAULT AS IDENTITY (
    SEQUENCE NAME public.training_historicalresidenttrainingrecord_history_id_seq
    START WITH 1
    INCREMENT BY 1
    NO MINVALUE
    NO MAXVALUE
    CACHE 1
);


--
-- Name: training_historicalresidentworkshopcompletion; Type: TABLE; Schema: public; Owner: sims_user
--

CREATE TABLE public.training_historicalresidentworkshopcompletion (
    id bigint NOT NULL,
    completed_at date NOT NULL,
    certificate_file text,
    source character varying(20) NOT NULL,
    notes text NOT NULL,
    created_at timestamp with time zone NOT NULL,
    updated_at timestamp with time zone NOT NULL,
    history_id integer NOT NULL,
    history_date timestamp with time zone NOT NULL,
    history_change_reason character varying(100),
    history_type character varying(1) NOT NULL,
    history_user_id bigint,
    resident_training_record_id bigint,
    workshop_id bigint,
    workshop_run_id bigint
);


ALTER TABLE public.training_historicalresidentworkshopcompletion OWNER TO sims_user;

--
-- Name: training_historicalresidentworkshopcompletion_history_id_seq; Type: SEQUENCE; Schema: public; Owner: sims_user
--

ALTER TABLE public.training_historicalresidentworkshopcompletion ALTER COLUMN history_id ADD GENERATED BY DEFAULT AS IDENTITY (
    SEQUENCE NAME public.training_historicalresidentworkshopcompletion_history_id_seq
    START WITH 1
    INCREMENT BY 1
    NO MINVALUE
    NO MAXVALUE
    CACHE 1
);


--
-- Name: training_historicalrotationassignment; Type: TABLE; Schema: public; Owner: sims_user
--

CREATE TABLE public.training_historicalrotationassignment (
    id bigint NOT NULL,
    start_date date NOT NULL,
    end_date date NOT NULL,
    status character varying(20) NOT NULL,
    notes text NOT NULL,
    return_reason text NOT NULL,
    reject_reason text NOT NULL,
    submitted_at timestamp with time zone,
    approved_at timestamp with time zone,
    completed_at timestamp with time zone,
    created_at timestamp with time zone NOT NULL,
    updated_at timestamp with time zone NOT NULL,
    history_id integer NOT NULL,
    history_date timestamp with time zone NOT NULL,
    history_change_reason character varying(100),
    history_type character varying(1) NOT NULL,
    approved_by_hod_id bigint,
    approved_by_utrmc_id bigint,
    history_user_id bigint,
    hospital_department_id bigint,
    requested_by_id bigint,
    resident_training_id bigint,
    template_id bigint
);


ALTER TABLE public.training_historicalrotationassignment OWNER TO sims_user;

--
-- Name: training_historicalrotationassignment_history_id_seq; Type: SEQUENCE; Schema: public; Owner: sims_user
--

ALTER TABLE public.training_historicalrotationassignment ALTER COLUMN history_id ADD GENERATED BY DEFAULT AS IDENTITY (
    SEQUENCE NAME public.training_historicalrotationassignment_history_id_seq
    START WITH 1
    INCREMENT BY 1
    NO MINVALUE
    NO MAXVALUE
    CACHE 1
);


--
-- Name: training_historicalrotationcertificate; Type: TABLE; Schema: public; Owner: sims_user
--

CREATE TABLE public.training_historicalrotationcertificate (
    id bigint NOT NULL,
    certificate_number character varying(80) NOT NULL,
    status character varying(20) NOT NULL,
    issued_at timestamp with time zone NOT NULL,
    verified_at timestamp with time zone,
    metadata jsonb NOT NULL,
    history_id integer NOT NULL,
    history_date timestamp with time zone NOT NULL,
    history_change_reason character varying(100),
    history_type character varying(1) NOT NULL,
    completion_id bigint,
    history_user_id bigint,
    issued_by_id bigint,
    verified_by_id bigint
);


ALTER TABLE public.training_historicalrotationcertificate OWNER TO sims_user;

--
-- Name: training_historicalrotationcertificate_history_id_seq; Type: SEQUENCE; Schema: public; Owner: sims_user
--

ALTER TABLE public.training_historicalrotationcertificate ALTER COLUMN history_id ADD GENERATED BY DEFAULT AS IDENTITY (
    SEQUENCE NAME public.training_historicalrotationcertificate_history_id_seq
    START WITH 1
    INCREMENT BY 1
    NO MINVALUE
    NO MAXVALUE
    CACHE 1
);


--
-- Name: training_historicalrotationcompletion; Type: TABLE; Schema: public; Owner: sims_user
--

CREATE TABLE public.training_historicalrotationcompletion (
    id bigint NOT NULL,
    status character varying(40) NOT NULL,
    confirmed_at timestamp with time zone,
    verification_submitted_at timestamp with time zone,
    verified_at timestamp with time zone,
    notes text NOT NULL,
    history_id integer NOT NULL,
    history_date timestamp with time zone NOT NULL,
    history_change_reason character varying(100),
    history_type character varying(1) NOT NULL,
    confirmed_by_id bigint,
    history_user_id bigint,
    rotation_id bigint,
    verified_by_id bigint
);


ALTER TABLE public.training_historicalrotationcompletion OWNER TO sims_user;

--
-- Name: training_historicalrotationcompletion_history_id_seq; Type: SEQUENCE; Schema: public; Owner: sims_user
--

ALTER TABLE public.training_historicalrotationcompletion ALTER COLUMN history_id ADD GENERATED BY DEFAULT AS IDENTITY (
    SEQUENCE NAME public.training_historicalrotationcompletion_history_id_seq
    START WITH 1
    INCREMENT BY 1
    NO MINVALUE
    NO MAXVALUE
    CACHE 1
);


--
-- Name: training_historicalsubmissioncertificate; Type: TABLE; Schema: public; Owner: sims_user
--

CREATE TABLE public.training_historicalsubmissioncertificate (
    id bigint NOT NULL,
    certificate_number character varying(80) NOT NULL,
    status character varying(20) NOT NULL,
    issued_at timestamp with time zone NOT NULL,
    verified_at timestamp with time zone,
    metadata jsonb NOT NULL,
    history_id integer NOT NULL,
    history_date timestamp with time zone NOT NULL,
    history_change_reason character varying(100),
    history_type character varying(1) NOT NULL,
    history_user_id bigint,
    issued_by_id bigint,
    submission_id bigint,
    verified_by_id bigint
);


ALTER TABLE public.training_historicalsubmissioncertificate OWNER TO sims_user;

--
-- Name: training_historicalsubmissioncertificate_history_id_seq; Type: SEQUENCE; Schema: public; Owner: sims_user
--

ALTER TABLE public.training_historicalsubmissioncertificate ALTER COLUMN history_id ADD GENERATED BY DEFAULT AS IDENTITY (
    SEQUENCE NAME public.training_historicalsubmissioncertificate_history_id_seq
    START WITH 1
    INCREMENT BY 1
    NO MINVALUE
    NO MAXVALUE
    CACHE 1
);


--
-- Name: training_historicalsubmissiondocument; Type: TABLE; Schema: public; Owner: sims_user
--

CREATE TABLE public.training_historicalsubmissiondocument (
    id bigint NOT NULL,
    file text NOT NULL,
    original_filename character varying(255) NOT NULL,
    uploaded_at timestamp with time zone NOT NULL,
    is_active boolean NOT NULL,
    history_id integer NOT NULL,
    history_date timestamp with time zone NOT NULL,
    history_change_reason character varying(100),
    history_type character varying(1) NOT NULL,
    history_user_id bigint,
    requirement_id bigint,
    submission_id bigint,
    uploaded_by_id bigint
);


ALTER TABLE public.training_historicalsubmissiondocument OWNER TO sims_user;

--
-- Name: training_historicalsubmissiondocument_history_id_seq; Type: SEQUENCE; Schema: public; Owner: sims_user
--

ALTER TABLE public.training_historicalsubmissiondocument ALTER COLUMN history_id ADD GENERATED BY DEFAULT AS IDENTITY (
    SEQUENCE NAME public.training_historicalsubmissiondocument_history_id_seq
    START WITH 1
    INCREMENT BY 1
    NO MINVALUE
    NO MAXVALUE
    CACHE 1
);


--
-- Name: training_historicalsubmissionrequirementtemplate; Type: TABLE; Schema: public; Owner: sims_user
--

CREATE TABLE public.training_historicalsubmissionrequirementtemplate (
    id bigint NOT NULL,
    submission_type character varying(20) NOT NULL,
    code character varying(80) NOT NULL,
    title character varying(255) NOT NULL,
    description text NOT NULL,
    is_required boolean NOT NULL,
    active boolean NOT NULL,
    sort_order integer NOT NULL,
    created_at timestamp with time zone NOT NULL,
    updated_at timestamp with time zone NOT NULL,
    history_id integer NOT NULL,
    history_date timestamp with time zone NOT NULL,
    history_change_reason character varying(100),
    history_type character varying(1) NOT NULL,
    created_by_id bigint,
    department_id bigint,
    history_user_id bigint,
    program_id bigint,
    CONSTRAINT training_historicalsubmissionrequirementtempla_sort_order_check CHECK ((sort_order >= 0))
);


ALTER TABLE public.training_historicalsubmissionrequirementtemplate OWNER TO sims_user;

--
-- Name: training_historicalsubmissionrequirementtemplate_history_id_seq; Type: SEQUENCE; Schema: public; Owner: sims_user
--

ALTER TABLE public.training_historicalsubmissionrequirementtemplate ALTER COLUMN history_id ADD GENERATED BY DEFAULT AS IDENTITY (
    SEQUENCE NAME public.training_historicalsubmissionrequirementtemplate_history_id_seq
    START WITH 1
    INCREMENT BY 1
    NO MINVALUE
    NO MAXVALUE
    CACHE 1
);


--
-- Name: training_historicalsubmissionreview; Type: TABLE; Schema: public; Owner: sims_user
--

CREATE TABLE public.training_historicalsubmissionreview (
    id bigint NOT NULL,
    action character varying(30) NOT NULL,
    comments text NOT NULL,
    created_at timestamp with time zone NOT NULL,
    history_id integer NOT NULL,
    history_date timestamp with time zone NOT NULL,
    history_change_reason character varying(100),
    history_type character varying(1) NOT NULL,
    history_user_id bigint,
    reviewer_id bigint,
    submission_id bigint
);


ALTER TABLE public.training_historicalsubmissionreview OWNER TO sims_user;

--
-- Name: training_historicalsubmissionreview_history_id_seq; Type: SEQUENCE; Schema: public; Owner: sims_user
--

ALTER TABLE public.training_historicalsubmissionreview ALTER COLUMN history_id ADD GENERATED BY DEFAULT AS IDENTITY (
    SEQUENCE NAME public.training_historicalsubmissionreview_history_id_seq
    START WITH 1
    INCREMENT BY 1
    NO MINVALUE
    NO MAXVALUE
    CACHE 1
);


--
-- Name: training_historicaltrainingprogram; Type: TABLE; Schema: public; Owner: sims_user
--

CREATE TABLE public.training_historicaltrainingprogram (
    id bigint NOT NULL,
    name character varying(200) NOT NULL,
    code character varying(30) NOT NULL,
    duration_months integer NOT NULL,
    description text NOT NULL,
    active boolean NOT NULL,
    created_at timestamp with time zone NOT NULL,
    updated_at timestamp with time zone NOT NULL,
    history_id integer NOT NULL,
    history_date timestamp with time zone NOT NULL,
    history_change_reason character varying(100),
    history_type character varying(1) NOT NULL,
    history_user_id bigint,
    degree_type character varying(20) NOT NULL,
    department_id bigint,
    notes text NOT NULL,
    CONSTRAINT training_historicaltrainingprogram_duration_months_check CHECK ((duration_months >= 0))
);


ALTER TABLE public.training_historicaltrainingprogram OWNER TO sims_user;

--
-- Name: training_historicaltrainingprogram_history_id_seq; Type: SEQUENCE; Schema: public; Owner: sims_user
--

ALTER TABLE public.training_historicaltrainingprogram ALTER COLUMN history_id ADD GENERATED BY DEFAULT AS IDENTITY (
    SEQUENCE NAME public.training_historicaltrainingprogram_history_id_seq
    START WITH 1
    INCREMENT BY 1
    NO MINVALUE
    NO MAXVALUE
    CACHE 1
);


--
-- Name: training_historicalworkshop; Type: TABLE; Schema: public; Owner: sims_user
--

CREATE TABLE public.training_historicalworkshop (
    id bigint NOT NULL,
    name character varying(300) NOT NULL,
    code character varying(30) NOT NULL,
    description text NOT NULL,
    is_active boolean NOT NULL,
    created_at timestamp with time zone NOT NULL,
    updated_at timestamp with time zone NOT NULL,
    history_id integer NOT NULL,
    history_date timestamp with time zone NOT NULL,
    history_change_reason character varying(100),
    history_type character varying(1) NOT NULL,
    history_user_id bigint
);


ALTER TABLE public.training_historicalworkshop OWNER TO sims_user;

--
-- Name: training_historicalworkshop_history_id_seq; Type: SEQUENCE; Schema: public; Owner: sims_user
--

ALTER TABLE public.training_historicalworkshop ALTER COLUMN history_id ADD GENERATED BY DEFAULT AS IDENTITY (
    SEQUENCE NAME public.training_historicalworkshop_history_id_seq
    START WITH 1
    INCREMENT BY 1
    NO MINVALUE
    NO MAXVALUE
    CACHE 1
);


--
-- Name: training_historicalworkshopblock; Type: TABLE; Schema: public; Owner: sims_user
--

CREATE TABLE public.training_historicalworkshopblock (
    id bigint NOT NULL,
    name character varying(200) NOT NULL,
    capacity integer NOT NULL,
    created_at timestamp with time zone NOT NULL,
    history_id integer NOT NULL,
    history_date timestamp with time zone NOT NULL,
    history_change_reason character varying(100),
    history_type character varying(1) NOT NULL,
    history_user_id bigint,
    workshop_id bigint,
    CONSTRAINT training_historicalworkshopblock_capacity_check CHECK ((capacity >= 0))
);


ALTER TABLE public.training_historicalworkshopblock OWNER TO sims_user;

--
-- Name: training_historicalworkshopblock_history_id_seq; Type: SEQUENCE; Schema: public; Owner: sims_user
--

ALTER TABLE public.training_historicalworkshopblock ALTER COLUMN history_id ADD GENERATED BY DEFAULT AS IDENTITY (
    SEQUENCE NAME public.training_historicalworkshopblock_history_id_seq
    START WITH 1
    INCREMENT BY 1
    NO MINVALUE
    NO MAXVALUE
    CACHE 1
);


--
-- Name: training_historicalworkshoprun; Type: TABLE; Schema: public; Owner: sims_user
--

CREATE TABLE public.training_historicalworkshoprun (
    id bigint NOT NULL,
    run_date date NOT NULL,
    status character varying(20) NOT NULL,
    notes text NOT NULL,
    created_at timestamp with time zone NOT NULL,
    history_id integer NOT NULL,
    history_date timestamp with time zone NOT NULL,
    history_change_reason character varying(100),
    history_type character varying(1) NOT NULL,
    block_id bigint,
    facilitator_id bigint,
    history_user_id bigint
);


ALTER TABLE public.training_historicalworkshoprun OWNER TO sims_user;

--
-- Name: training_historicalworkshoprun_history_id_seq; Type: SEQUENCE; Schema: public; Owner: sims_user
--

ALTER TABLE public.training_historicalworkshoprun ALTER COLUMN history_id ADD GENERATED BY DEFAULT AS IDENTITY (
    SEQUENCE NAME public.training_historicalworkshoprun_history_id_seq
    START WITH 1
    INCREMENT BY 1
    NO MINVALUE
    NO MAXVALUE
    CACHE 1
);


--
-- Name: training_leaverequest; Type: TABLE; Schema: public; Owner: sims_user
--

CREATE TABLE public.training_leaverequest (
    id bigint NOT NULL,
    leave_type character varying(20) NOT NULL,
    start_date date NOT NULL,
    end_date date NOT NULL,
    reason text NOT NULL,
    status character varying(20) NOT NULL,
    approved_at timestamp with time zone,
    reject_reason text NOT NULL,
    created_at timestamp with time zone NOT NULL,
    updated_at timestamp with time zone NOT NULL,
    approved_by_id bigint,
    resident_training_id bigint NOT NULL,
    CONSTRAINT leave_end_after_start CHECK ((end_date >= start_date))
);


ALTER TABLE public.training_leaverequest OWNER TO sims_user;

--
-- Name: training_leaverequest_id_seq; Type: SEQUENCE; Schema: public; Owner: sims_user
--

ALTER TABLE public.training_leaverequest ALTER COLUMN id ADD GENERATED BY DEFAULT AS IDENTITY (
    SEQUENCE NAME public.training_leaverequest_id_seq
    START WITH 1
    INCREMENT BY 1
    NO MINVALUE
    NO MAXVALUE
    CACHE 1
);


--
-- Name: training_logbookentry; Type: TABLE; Schema: public; Owner: sims_user
--

CREATE TABLE public.training_logbookentry (
    id bigint NOT NULL,
    patient_id_number character varying(120) NOT NULL,
    patient_name character varying(255) NOT NULL,
    age integer,
    gender character varying(50) NOT NULL,
    demographics text NOT NULL,
    disease_area character varying(255) NOT NULL,
    diagnosis text NOT NULL,
    clinical_presentation text NOT NULL,
    management_plan text NOT NULL,
    resident_reflection text NOT NULL,
    patient_seen_at timestamp with time zone NOT NULL,
    status character varying(20) NOT NULL,
    submitted_at timestamp with time zone,
    returned_at timestamp with time zone,
    approved_at timestamp with time zone,
    supervisor_feedback text NOT NULL,
    created_at timestamp with time zone NOT NULL,
    updated_at timestamp with time zone NOT NULL,
    created_by_id bigint,
    resident_training_record_id bigint NOT NULL,
    reviewed_by_id bigint,
    rotation_assignment_id bigint,
    CONSTRAINT training_logbookentry_age_check CHECK ((age >= 0))
);


ALTER TABLE public.training_logbookentry OWNER TO sims_user;

--
-- Name: training_logbookentry_id_seq; Type: SEQUENCE; Schema: public; Owner: sims_user
--

ALTER TABLE public.training_logbookentry ALTER COLUMN id ADD GENERATED BY DEFAULT AS IDENTITY (
    SEQUENCE NAME public.training_logbookentry_id_seq
    START WITH 1
    INCREMENT BY 1
    NO MINVALUE
    NO MAXVALUE
    CACHE 1
);


--
-- Name: training_logbookreview; Type: TABLE; Schema: public; Owner: sims_user
--

CREATE TABLE public.training_logbookreview (
    id bigint NOT NULL,
    action character varying(20) NOT NULL,
    comments text NOT NULL,
    created_at timestamp with time zone NOT NULL,
    entry_id bigint NOT NULL,
    reviewer_id bigint
);


ALTER TABLE public.training_logbookreview OWNER TO sims_user;

--
-- Name: training_logbookreview_id_seq; Type: SEQUENCE; Schema: public; Owner: sims_user
--

ALTER TABLE public.training_logbookreview ALTER COLUMN id ADD GENERATED BY DEFAULT AS IDENTITY (
    SEQUENCE NAME public.training_logbookreview_id_seq
    START WITH 1
    INCREMENT BY 1
    NO MINVALUE
    NO MAXVALUE
    CACHE 1
);


--
-- Name: training_logbookthresholdconfig; Type: TABLE; Schema: public; Owner: sims_user
--

CREATE TABLE public.training_logbookthresholdconfig (
    id bigint NOT NULL,
    name character varying(150) NOT NULL,
    mode character varying(30) NOT NULL,
    min_approved_entries integer NOT NULL,
    period_days integer,
    is_active boolean NOT NULL,
    created_at timestamp with time zone NOT NULL,
    updated_at timestamp with time zone NOT NULL,
    configured_by_id bigint,
    department_id bigint,
    program_id bigint,
    CONSTRAINT training_logbookthresholdconfig_min_approved_entries_check CHECK ((min_approved_entries >= 0)),
    CONSTRAINT training_logbookthresholdconfig_period_days_check CHECK ((period_days >= 0))
);


ALTER TABLE public.training_logbookthresholdconfig OWNER TO sims_user;

--
-- Name: training_logbookthresholdconfig_id_seq; Type: SEQUENCE; Schema: public; Owner: sims_user
--

ALTER TABLE public.training_logbookthresholdconfig ALTER COLUMN id ADD GENERATED BY DEFAULT AS IDENTITY (
    SEQUENCE NAME public.training_logbookthresholdconfig_id_seq
    START WITH 1
    INCREMENT BY 1
    NO MINVALUE
    NO MAXVALUE
    CACHE 1
);


--
-- Name: training_logbookthresholdsnapshot; Type: TABLE; Schema: public; Owner: sims_user
--

CREATE TABLE public.training_logbookthresholdsnapshot (
    id bigint NOT NULL,
    window_start date,
    window_end date,
    approved_entries integer NOT NULL,
    required_entries integer NOT NULL,
    is_met boolean NOT NULL,
    computed_at timestamp with time zone NOT NULL,
    resident_training_record_id bigint NOT NULL,
    rotation_assignment_id bigint,
    threshold_config_id bigint NOT NULL,
    CONSTRAINT training_logbookthresholdsnapshot_approved_entries_check CHECK ((approved_entries >= 0)),
    CONSTRAINT training_logbookthresholdsnapshot_required_entries_check CHECK ((required_entries >= 0))
);


ALTER TABLE public.training_logbookthresholdsnapshot OWNER TO sims_user;

--
-- Name: training_logbookthresholdsnapshot_id_seq; Type: SEQUENCE; Schema: public; Owner: sims_user
--

ALTER TABLE public.training_logbookthresholdsnapshot ALTER COLUMN id ADD GENERATED BY DEFAULT AS IDENTITY (
    SEQUENCE NAME public.training_logbookthresholdsnapshot_id_seq
    START WITH 1
    INCREMENT BY 1
    NO MINVALUE
    NO MAXVALUE
    CACHE 1
);


--
-- Name: training_programmilestone; Type: TABLE; Schema: public; Owner: sims_user
--

CREATE TABLE public.training_programmilestone (
    id bigint NOT NULL,
    code character varying(20) NOT NULL,
    name character varying(200) NOT NULL,
    recommended_month integer,
    is_active boolean NOT NULL,
    created_at timestamp with time zone NOT NULL,
    updated_at timestamp with time zone NOT NULL,
    program_id bigint NOT NULL,
    CONSTRAINT training_programmilestone_recommended_month_check CHECK ((recommended_month >= 0))
);


ALTER TABLE public.training_programmilestone OWNER TO sims_user;

--
-- Name: training_programmilestone_id_seq; Type: SEQUENCE; Schema: public; Owner: sims_user
--

ALTER TABLE public.training_programmilestone ALTER COLUMN id ADD GENERATED BY DEFAULT AS IDENTITY (
    SEQUENCE NAME public.training_programmilestone_id_seq
    START WITH 1
    INCREMENT BY 1
    NO MINVALUE
    NO MAXVALUE
    CACHE 1
);


--
-- Name: training_programmilestonelogbookrequirement; Type: TABLE; Schema: public; Owner: sims_user
--

CREATE TABLE public.training_programmilestonelogbookrequirement (
    id bigint NOT NULL,
    procedure_key character varying(200) NOT NULL,
    category character varying(200) NOT NULL,
    min_entries integer NOT NULL,
    created_at timestamp with time zone NOT NULL,
    milestone_id bigint NOT NULL,
    CONSTRAINT training_programmilestonelogbookrequirement_min_entries_check CHECK ((min_entries >= 0))
);


ALTER TABLE public.training_programmilestonelogbookrequirement OWNER TO sims_user;

--
-- Name: training_programmilestonelogbookrequirement_id_seq; Type: SEQUENCE; Schema: public; Owner: sims_user
--

ALTER TABLE public.training_programmilestonelogbookrequirement ALTER COLUMN id ADD GENERATED BY DEFAULT AS IDENTITY (
    SEQUENCE NAME public.training_programmilestonelogbookrequirement_id_seq
    START WITH 1
    INCREMENT BY 1
    NO MINVALUE
    NO MAXVALUE
    CACHE 1
);


--
-- Name: training_programmilestoneresearchrequirement; Type: TABLE; Schema: public; Owner: sims_user
--

CREATE TABLE public.training_programmilestoneresearchrequirement (
    id bigint NOT NULL,
    requires_synopsis_approved boolean NOT NULL,
    requires_synopsis_submitted_to_university boolean NOT NULL,
    requires_thesis_submitted boolean NOT NULL,
    created_at timestamp with time zone NOT NULL,
    updated_at timestamp with time zone NOT NULL,
    milestone_id bigint NOT NULL
);


ALTER TABLE public.training_programmilestoneresearchrequirement OWNER TO sims_user;

--
-- Name: training_programmilestoneresearchrequirement_id_seq; Type: SEQUENCE; Schema: public; Owner: sims_user
--

ALTER TABLE public.training_programmilestoneresearchrequirement ALTER COLUMN id ADD GENERATED BY DEFAULT AS IDENTITY (
    SEQUENCE NAME public.training_programmilestoneresearchrequirement_id_seq
    START WITH 1
    INCREMENT BY 1
    NO MINVALUE
    NO MAXVALUE
    CACHE 1
);


--
-- Name: training_programmilestoneworkshoprequirement; Type: TABLE; Schema: public; Owner: sims_user
--

CREATE TABLE public.training_programmilestoneworkshoprequirement (
    id bigint NOT NULL,
    required_count integer NOT NULL,
    created_at timestamp with time zone NOT NULL,
    milestone_id bigint NOT NULL,
    workshop_id bigint NOT NULL,
    CONSTRAINT training_programmilestoneworkshoprequireme_required_count_check CHECK ((required_count >= 0))
);


ALTER TABLE public.training_programmilestoneworkshoprequirement OWNER TO sims_user;

--
-- Name: training_programmilestoneworkshoprequirement_id_seq; Type: SEQUENCE; Schema: public; Owner: sims_user
--

ALTER TABLE public.training_programmilestoneworkshoprequirement ALTER COLUMN id ADD GENERATED BY DEFAULT AS IDENTITY (
    SEQUENCE NAME public.training_programmilestoneworkshoprequirement_id_seq
    START WITH 1
    INCREMENT BY 1
    NO MINVALUE
    NO MAXVALUE
    CACHE 1
);


--
-- Name: training_programpolicy; Type: TABLE; Schema: public; Owner: sims_user
--

CREATE TABLE public.training_programpolicy (
    id bigint NOT NULL,
    allow_program_change boolean NOT NULL,
    program_change_requires_restart boolean NOT NULL,
    min_active_months_before_imm integer,
    imm_allowed_from_month integer,
    final_allowed_from_month integer,
    exception_rules_text text NOT NULL,
    created_at timestamp with time zone NOT NULL,
    updated_at timestamp with time zone NOT NULL,
    program_id bigint NOT NULL,
    CONSTRAINT training_programpolicy_final_allowed_from_month_check CHECK ((final_allowed_from_month >= 0)),
    CONSTRAINT training_programpolicy_imm_allowed_from_month_check CHECK ((imm_allowed_from_month >= 0)),
    CONSTRAINT training_programpolicy_min_active_months_before_imm_check CHECK ((min_active_months_before_imm >= 0))
);


ALTER TABLE public.training_programpolicy OWNER TO sims_user;

--
-- Name: training_programpolicy_id_seq; Type: SEQUENCE; Schema: public; Owner: sims_user
--

ALTER TABLE public.training_programpolicy ALTER COLUMN id ADD GENERATED BY DEFAULT AS IDENTITY (
    SEQUENCE NAME public.training_programpolicy_id_seq
    START WITH 1
    INCREMENT BY 1
    NO MINVALUE
    NO MAXVALUE
    CACHE 1
);


--
-- Name: training_programrotationrequirement; Type: TABLE; Schema: public; Owner: sims_user
--

CREATE TABLE public.training_programrotationrequirement (
    id bigint NOT NULL,
    required_duration_weeks integer NOT NULL,
    sequence_order integer NOT NULL,
    is_mandatory boolean NOT NULL,
    notes text NOT NULL,
    created_at timestamp with time zone NOT NULL,
    updated_at timestamp with time zone NOT NULL,
    department_id bigint NOT NULL,
    program_id bigint NOT NULL,
    CONSTRAINT training_programrotationrequireme_required_duration_weeks_check CHECK ((required_duration_weeks >= 0)),
    CONSTRAINT training_programrotationrequirement_sequence_order_check CHECK ((sequence_order >= 0))
);


ALTER TABLE public.training_programrotationrequirement OWNER TO sims_user;

--
-- Name: training_programrotationrequirement_id_seq; Type: SEQUENCE; Schema: public; Owner: sims_user
--

ALTER TABLE public.training_programrotationrequirement ALTER COLUMN id ADD GENERATED BY DEFAULT AS IDENTITY (
    SEQUENCE NAME public.training_programrotationrequirement_id_seq
    START WITH 1
    INCREMENT BY 1
    NO MINVALUE
    NO MAXVALUE
    CACHE 1
);


--
-- Name: training_programrotationtemplate; Type: TABLE; Schema: public; Owner: sims_user
--

CREATE TABLE public.training_programrotationtemplate (
    id bigint NOT NULL,
    name character varying(200) NOT NULL,
    duration_weeks integer NOT NULL,
    required boolean NOT NULL,
    sequence_order integer NOT NULL,
    active boolean NOT NULL,
    created_at timestamp with time zone NOT NULL,
    department_id bigint NOT NULL,
    program_id bigint NOT NULL,
    block_index integer,
    is_mandatory boolean NOT NULL,
    min_duration_weeks integer,
    phase_index integer,
    requirements_json jsonb NOT NULL,
    year_index integer,
    CONSTRAINT training_programrotationtemplate_block_index_check CHECK ((block_index >= 0)),
    CONSTRAINT training_programrotationtemplate_duration_weeks_check CHECK ((duration_weeks >= 0)),
    CONSTRAINT training_programrotationtemplate_min_duration_weeks_check CHECK ((min_duration_weeks >= 0)),
    CONSTRAINT training_programrotationtemplate_phase_index_check CHECK ((phase_index >= 0)),
    CONSTRAINT training_programrotationtemplate_sequence_order_check CHECK ((sequence_order >= 0)),
    CONSTRAINT training_programrotationtemplate_year_index_check CHECK ((year_index >= 0))
);


ALTER TABLE public.training_programrotationtemplate OWNER TO sims_user;

--
-- Name: training_programrotationtemplate_allowed_hospitals; Type: TABLE; Schema: public; Owner: sims_user
--

CREATE TABLE public.training_programrotationtemplate_allowed_hospitals (
    id bigint NOT NULL,
    programrotationtemplate_id bigint NOT NULL,
    hospital_id bigint NOT NULL
);


ALTER TABLE public.training_programrotationtemplate_allowed_hospitals OWNER TO sims_user;

--
-- Name: training_programrotationtemplate_allowed_hospitals_id_seq; Type: SEQUENCE; Schema: public; Owner: sims_user
--

ALTER TABLE public.training_programrotationtemplate_allowed_hospitals ALTER COLUMN id ADD GENERATED BY DEFAULT AS IDENTITY (
    SEQUENCE NAME public.training_programrotationtemplate_allowed_hospitals_id_seq
    START WITH 1
    INCREMENT BY 1
    NO MINVALUE
    NO MAXVALUE
    CACHE 1
);


--
-- Name: training_programrotationtemplate_id_seq; Type: SEQUENCE; Schema: public; Owner: sims_user
--

ALTER TABLE public.training_programrotationtemplate ALTER COLUMN id ADD GENERATED BY DEFAULT AS IDENTITY (
    SEQUENCE NAME public.training_programrotationtemplate_id_seq
    START WITH 1
    INCREMENT BY 1
    NO MINVALUE
    NO MAXVALUE
    CACHE 1
);


--
-- Name: training_residentmilestoneeligibility; Type: TABLE; Schema: public; Owner: sims_user
--

CREATE TABLE public.training_residentmilestoneeligibility (
    id bigint NOT NULL,
    status character varying(20) NOT NULL,
    reasons_json jsonb NOT NULL,
    computed_at timestamp with time zone NOT NULL,
    milestone_id bigint NOT NULL,
    resident_training_record_id bigint NOT NULL
);


ALTER TABLE public.training_residentmilestoneeligibility OWNER TO sims_user;

--
-- Name: training_residentmilestoneeligibility_id_seq; Type: SEQUENCE; Schema: public; Owner: sims_user
--

ALTER TABLE public.training_residentmilestoneeligibility ALTER COLUMN id ADD GENERATED BY DEFAULT AS IDENTITY (
    SEQUENCE NAME public.training_residentmilestoneeligibility_id_seq
    START WITH 1
    INCREMENT BY 1
    NO MINVALUE
    NO MAXVALUE
    CACHE 1
);


--
-- Name: training_residentresearchproject; Type: TABLE; Schema: public; Owner: sims_user
--

CREATE TABLE public.training_residentresearchproject (
    id bigint NOT NULL,
    title character varying(500) NOT NULL,
    topic_area character varying(300) NOT NULL,
    status character varying(40) NOT NULL,
    synopsis_file character varying(100),
    synopsis_approved_at timestamp with time zone,
    supervisor_feedback text NOT NULL,
    university_submission_ref character varying(200),
    submitted_to_supervisor_at timestamp with time zone,
    submitted_to_university_at timestamp with time zone,
    accepted_at timestamp with time zone,
    created_at timestamp with time zone NOT NULL,
    updated_at timestamp with time zone NOT NULL,
    resident_training_record_id bigint NOT NULL,
    supervisor_id bigint
);


ALTER TABLE public.training_residentresearchproject OWNER TO sims_user;

--
-- Name: training_residentresearchproject_id_seq; Type: SEQUENCE; Schema: public; Owner: sims_user
--

ALTER TABLE public.training_residentresearchproject ALTER COLUMN id ADD GENERATED BY DEFAULT AS IDENTITY (
    SEQUENCE NAME public.training_residentresearchproject_id_seq
    START WITH 1
    INCREMENT BY 1
    NO MINVALUE
    NO MAXVALUE
    CACHE 1
);


--
-- Name: training_residentsubmission; Type: TABLE; Schema: public; Owner: sims_user
--

CREATE TABLE public.training_residentsubmission (
    id bigint NOT NULL,
    submission_type character varying(20) NOT NULL,
    status character varying(30) NOT NULL,
    submitted_at timestamp with time zone,
    under_review_at timestamp with time zone,
    returned_at timestamp with time zone,
    verified_at timestamp with time zone,
    certificate_issued_at timestamp with time zone,
    feedback text NOT NULL,
    created_at timestamp with time zone NOT NULL,
    updated_at timestamp with time zone NOT NULL,
    resident_training_record_id bigint NOT NULL,
    reviewed_by_id bigint
);


ALTER TABLE public.training_residentsubmission OWNER TO sims_user;

--
-- Name: training_residentsubmission_id_seq; Type: SEQUENCE; Schema: public; Owner: sims_user
--

ALTER TABLE public.training_residentsubmission ALTER COLUMN id ADD GENERATED BY DEFAULT AS IDENTITY (
    SEQUENCE NAME public.training_residentsubmission_id_seq
    START WITH 1
    INCREMENT BY 1
    NO MINVALUE
    NO MAXVALUE
    CACHE 1
);


--
-- Name: training_residentthesis; Type: TABLE; Schema: public; Owner: sims_user
--

CREATE TABLE public.training_residentthesis (
    id bigint NOT NULL,
    status character varying(20) NOT NULL,
    thesis_file character varying(100),
    submitted_at timestamp with time zone,
    final_submission_ref character varying(200),
    notes text NOT NULL,
    created_at timestamp with time zone NOT NULL,
    updated_at timestamp with time zone NOT NULL,
    resident_training_record_id bigint NOT NULL
);


ALTER TABLE public.training_residentthesis OWNER TO sims_user;

--
-- Name: training_residentthesis_id_seq; Type: SEQUENCE; Schema: public; Owner: sims_user
--

ALTER TABLE public.training_residentthesis ALTER COLUMN id ADD GENERATED BY DEFAULT AS IDENTITY (
    SEQUENCE NAME public.training_residentthesis_id_seq
    START WITH 1
    INCREMENT BY 1
    NO MINVALUE
    NO MAXVALUE
    CACHE 1
);


--
-- Name: training_residenttrainingrecord; Type: TABLE; Schema: public; Owner: sims_user
--

CREATE TABLE public.training_residenttrainingrecord (
    id bigint NOT NULL,
    start_date date NOT NULL,
    expected_end_date date,
    current_level character varying(10) NOT NULL,
    active boolean NOT NULL,
    created_at timestamp with time zone NOT NULL,
    updated_at timestamp with time zone NOT NULL,
    created_by_id bigint,
    program_id bigint NOT NULL,
    resident_user_id bigint NOT NULL,
    locked_program boolean NOT NULL,
    program_change_reason text,
    restart_from_scratch_on_change boolean NOT NULL,
    status character varying(20) NOT NULL,
    has_default_dates boolean NOT NULL
);


ALTER TABLE public.training_residenttrainingrecord OWNER TO sims_user;

--
-- Name: training_residenttrainingrecord_id_seq; Type: SEQUENCE; Schema: public; Owner: sims_user
--

ALTER TABLE public.training_residenttrainingrecord ALTER COLUMN id ADD GENERATED BY DEFAULT AS IDENTITY (
    SEQUENCE NAME public.training_residenttrainingrecord_id_seq
    START WITH 1
    INCREMENT BY 1
    NO MINVALUE
    NO MAXVALUE
    CACHE 1
);


--
-- Name: training_residentworkshopcompletion; Type: TABLE; Schema: public; Owner: sims_user
--

CREATE TABLE public.training_residentworkshopcompletion (
    id bigint NOT NULL,
    completed_at date NOT NULL,
    certificate_file character varying(100),
    source character varying(20) NOT NULL,
    notes text NOT NULL,
    created_at timestamp with time zone NOT NULL,
    updated_at timestamp with time zone NOT NULL,
    resident_training_record_id bigint NOT NULL,
    workshop_id bigint NOT NULL,
    workshop_run_id bigint
);


ALTER TABLE public.training_residentworkshopcompletion OWNER TO sims_user;

--
-- Name: training_residentworkshopcompletion_id_seq; Type: SEQUENCE; Schema: public; Owner: sims_user
--

ALTER TABLE public.training_residentworkshopcompletion ALTER COLUMN id ADD GENERATED BY DEFAULT AS IDENTITY (
    SEQUENCE NAME public.training_residentworkshopcompletion_id_seq
    START WITH 1
    INCREMENT BY 1
    NO MINVALUE
    NO MAXVALUE
    CACHE 1
);


--
-- Name: training_rotationassignment; Type: TABLE; Schema: public; Owner: sims_user
--

CREATE TABLE public.training_rotationassignment (
    id bigint NOT NULL,
    start_date date NOT NULL,
    end_date date NOT NULL,
    status character varying(20) NOT NULL,
    notes text NOT NULL,
    return_reason text NOT NULL,
    reject_reason text NOT NULL,
    submitted_at timestamp with time zone,
    approved_at timestamp with time zone,
    completed_at timestamp with time zone,
    created_at timestamp with time zone NOT NULL,
    updated_at timestamp with time zone NOT NULL,
    approved_by_hod_id bigint,
    approved_by_utrmc_id bigint,
    hospital_department_id bigint NOT NULL,
    requested_by_id bigint,
    resident_training_id bigint NOT NULL,
    template_id bigint,
    CONSTRAINT rotation_assignment_end_after_start CHECK ((end_date > start_date))
);


ALTER TABLE public.training_rotationassignment OWNER TO sims_user;

--
-- Name: training_rotationassignment_id_seq; Type: SEQUENCE; Schema: public; Owner: sims_user
--

ALTER TABLE public.training_rotationassignment ALTER COLUMN id ADD GENERATED BY DEFAULT AS IDENTITY (
    SEQUENCE NAME public.training_rotationassignment_id_seq
    START WITH 1
    INCREMENT BY 1
    NO MINVALUE
    NO MAXVALUE
    CACHE 1
);


--
-- Name: training_rotationcertificate; Type: TABLE; Schema: public; Owner: sims_user
--

CREATE TABLE public.training_rotationcertificate (
    id bigint NOT NULL,
    certificate_number character varying(80) NOT NULL,
    status character varying(20) NOT NULL,
    issued_at timestamp with time zone NOT NULL,
    verified_at timestamp with time zone,
    metadata jsonb NOT NULL,
    completion_id bigint NOT NULL,
    issued_by_id bigint,
    verified_by_id bigint
);


ALTER TABLE public.training_rotationcertificate OWNER TO sims_user;

--
-- Name: training_rotationcertificate_id_seq; Type: SEQUENCE; Schema: public; Owner: sims_user
--

ALTER TABLE public.training_rotationcertificate ALTER COLUMN id ADD GENERATED BY DEFAULT AS IDENTITY (
    SEQUENCE NAME public.training_rotationcertificate_id_seq
    START WITH 1
    INCREMENT BY 1
    NO MINVALUE
    NO MAXVALUE
    CACHE 1
);


--
-- Name: training_rotationcompletion; Type: TABLE; Schema: public; Owner: sims_user
--

CREATE TABLE public.training_rotationcompletion (
    id bigint NOT NULL,
    status character varying(40) NOT NULL,
    confirmed_at timestamp with time zone,
    verification_submitted_at timestamp with time zone,
    verified_at timestamp with time zone,
    notes text NOT NULL,
    confirmed_by_id bigint,
    rotation_id bigint NOT NULL,
    verified_by_id bigint
);


ALTER TABLE public.training_rotationcompletion OWNER TO sims_user;

--
-- Name: training_rotationcompletion_id_seq; Type: SEQUENCE; Schema: public; Owner: sims_user
--

ALTER TABLE public.training_rotationcompletion ALTER COLUMN id ADD GENERATED BY DEFAULT AS IDENTITY (
    SEQUENCE NAME public.training_rotationcompletion_id_seq
    START WITH 1
    INCREMENT BY 1
    NO MINVALUE
    NO MAXVALUE
    CACHE 1
);


--
-- Name: training_submissioncertificate; Type: TABLE; Schema: public; Owner: sims_user
--

CREATE TABLE public.training_submissioncertificate (
    id bigint NOT NULL,
    certificate_number character varying(80) NOT NULL,
    status character varying(20) NOT NULL,
    issued_at timestamp with time zone NOT NULL,
    verified_at timestamp with time zone,
    metadata jsonb NOT NULL,
    issued_by_id bigint,
    submission_id bigint NOT NULL,
    verified_by_id bigint
);


ALTER TABLE public.training_submissioncertificate OWNER TO sims_user;

--
-- Name: training_submissioncertificate_id_seq; Type: SEQUENCE; Schema: public; Owner: sims_user
--

ALTER TABLE public.training_submissioncertificate ALTER COLUMN id ADD GENERATED BY DEFAULT AS IDENTITY (
    SEQUENCE NAME public.training_submissioncertificate_id_seq
    START WITH 1
    INCREMENT BY 1
    NO MINVALUE
    NO MAXVALUE
    CACHE 1
);


--
-- Name: training_submissiondocument; Type: TABLE; Schema: public; Owner: sims_user
--

CREATE TABLE public.training_submissiondocument (
    id bigint NOT NULL,
    file character varying(100) NOT NULL,
    original_filename character varying(255) NOT NULL,
    uploaded_at timestamp with time zone NOT NULL,
    is_active boolean NOT NULL,
    requirement_id bigint,
    submission_id bigint NOT NULL,
    uploaded_by_id bigint
);


ALTER TABLE public.training_submissiondocument OWNER TO sims_user;

--
-- Name: training_submissiondocument_id_seq; Type: SEQUENCE; Schema: public; Owner: sims_user
--

ALTER TABLE public.training_submissiondocument ALTER COLUMN id ADD GENERATED BY DEFAULT AS IDENTITY (
    SEQUENCE NAME public.training_submissiondocument_id_seq
    START WITH 1
    INCREMENT BY 1
    NO MINVALUE
    NO MAXVALUE
    CACHE 1
);


--
-- Name: training_submissionrequirementtemplate; Type: TABLE; Schema: public; Owner: sims_user
--

CREATE TABLE public.training_submissionrequirementtemplate (
    id bigint NOT NULL,
    submission_type character varying(20) NOT NULL,
    code character varying(80) NOT NULL,
    title character varying(255) NOT NULL,
    description text NOT NULL,
    is_required boolean NOT NULL,
    active boolean NOT NULL,
    sort_order integer NOT NULL,
    created_at timestamp with time zone NOT NULL,
    updated_at timestamp with time zone NOT NULL,
    created_by_id bigint,
    department_id bigint,
    program_id bigint,
    CONSTRAINT training_submissionrequirementtemplate_sort_order_check CHECK ((sort_order >= 0))
);


ALTER TABLE public.training_submissionrequirementtemplate OWNER TO sims_user;

--
-- Name: training_submissionrequirementtemplate_id_seq; Type: SEQUENCE; Schema: public; Owner: sims_user
--

ALTER TABLE public.training_submissionrequirementtemplate ALTER COLUMN id ADD GENERATED BY DEFAULT AS IDENTITY (
    SEQUENCE NAME public.training_submissionrequirementtemplate_id_seq
    START WITH 1
    INCREMENT BY 1
    NO MINVALUE
    NO MAXVALUE
    CACHE 1
);


--
-- Name: training_submissionreview; Type: TABLE; Schema: public; Owner: sims_user
--

CREATE TABLE public.training_submissionreview (
    id bigint NOT NULL,
    action character varying(30) NOT NULL,
    comments text NOT NULL,
    created_at timestamp with time zone NOT NULL,
    reviewer_id bigint,
    submission_id bigint NOT NULL
);


ALTER TABLE public.training_submissionreview OWNER TO sims_user;

--
-- Name: training_submissionreview_id_seq; Type: SEQUENCE; Schema: public; Owner: sims_user
--

ALTER TABLE public.training_submissionreview ALTER COLUMN id ADD GENERATED BY DEFAULT AS IDENTITY (
    SEQUENCE NAME public.training_submissionreview_id_seq
    START WITH 1
    INCREMENT BY 1
    NO MINVALUE
    NO MAXVALUE
    CACHE 1
);


--
-- Name: training_trainingprogram; Type: TABLE; Schema: public; Owner: sims_user
--

CREATE TABLE public.training_trainingprogram (
    id bigint NOT NULL,
    name character varying(200) NOT NULL,
    code character varying(30) NOT NULL,
    duration_months integer NOT NULL,
    description text NOT NULL,
    active boolean NOT NULL,
    created_at timestamp with time zone NOT NULL,
    updated_at timestamp with time zone NOT NULL,
    degree_type character varying(20) NOT NULL,
    department_id bigint,
    notes text NOT NULL,
    CONSTRAINT training_trainingprogram_duration_months_check CHECK ((duration_months >= 0))
);


ALTER TABLE public.training_trainingprogram OWNER TO sims_user;

--
-- Name: training_trainingprogram_id_seq; Type: SEQUENCE; Schema: public; Owner: sims_user
--

ALTER TABLE public.training_trainingprogram ALTER COLUMN id ADD GENERATED BY DEFAULT AS IDENTITY (
    SEQUENCE NAME public.training_trainingprogram_id_seq
    START WITH 1
    INCREMENT BY 1
    NO MINVALUE
    NO MAXVALUE
    CACHE 1
);


--
-- Name: training_workshop; Type: TABLE; Schema: public; Owner: sims_user
--

CREATE TABLE public.training_workshop (
    id bigint NOT NULL,
    name character varying(300) NOT NULL,
    code character varying(30) NOT NULL,
    description text NOT NULL,
    is_active boolean NOT NULL,
    created_at timestamp with time zone NOT NULL,
    updated_at timestamp with time zone NOT NULL
);


ALTER TABLE public.training_workshop OWNER TO sims_user;

--
-- Name: training_workshop_id_seq; Type: SEQUENCE; Schema: public; Owner: sims_user
--

ALTER TABLE public.training_workshop ALTER COLUMN id ADD GENERATED BY DEFAULT AS IDENTITY (
    SEQUENCE NAME public.training_workshop_id_seq
    START WITH 1
    INCREMENT BY 1
    NO MINVALUE
    NO MAXVALUE
    CACHE 1
);


--
-- Name: training_workshopblock; Type: TABLE; Schema: public; Owner: sims_user
--

CREATE TABLE public.training_workshopblock (
    id bigint NOT NULL,
    name character varying(200) NOT NULL,
    capacity integer NOT NULL,
    created_at timestamp with time zone NOT NULL,
    workshop_id bigint NOT NULL,
    CONSTRAINT training_workshopblock_capacity_check CHECK ((capacity >= 0))
);


ALTER TABLE public.training_workshopblock OWNER TO sims_user;

--
-- Name: training_workshopblock_id_seq; Type: SEQUENCE; Schema: public; Owner: sims_user
--

ALTER TABLE public.training_workshopblock ALTER COLUMN id ADD GENERATED BY DEFAULT AS IDENTITY (
    SEQUENCE NAME public.training_workshopblock_id_seq
    START WITH 1
    INCREMENT BY 1
    NO MINVALUE
    NO MAXVALUE
    CACHE 1
);


--
-- Name: training_workshoprun; Type: TABLE; Schema: public; Owner: sims_user
--

CREATE TABLE public.training_workshoprun (
    id bigint NOT NULL,
    run_date date NOT NULL,
    status character varying(20) NOT NULL,
    notes text NOT NULL,
    created_at timestamp with time zone NOT NULL,
    block_id bigint NOT NULL,
    facilitator_id bigint
);


ALTER TABLE public.training_workshoprun OWNER TO sims_user;

--
-- Name: training_workshoprun_id_seq; Type: SEQUENCE; Schema: public; Owner: sims_user
--

ALTER TABLE public.training_workshoprun ALTER COLUMN id ADD GENERATED BY DEFAULT AS IDENTITY (
    SEQUENCE NAME public.training_workshoprun_id_seq
    START WITH 1
    INCREMENT BY 1
    NO MINVALUE
    NO MAXVALUE
    CACHE 1
);


--
-- Name: users_datacorrectionaudit; Type: TABLE; Schema: public; Owner: sims_user
--

CREATE TABLE public.users_datacorrectionaudit (
    id bigint NOT NULL,
    entity_type character varying(50) NOT NULL,
    entity_id character varying(64) NOT NULL,
    field_name character varying(100) NOT NULL,
    old_value text NOT NULL,
    new_value text NOT NULL,
    metadata jsonb NOT NULL,
    created_at timestamp with time zone NOT NULL,
    actor_id bigint
);


ALTER TABLE public.users_datacorrectionaudit OWNER TO sims_user;

--
-- Name: users_datacorrectionaudit_id_seq; Type: SEQUENCE; Schema: public; Owner: sims_user
--

ALTER TABLE public.users_datacorrectionaudit ALTER COLUMN id ADD GENERATED BY DEFAULT AS IDENTITY (
    SEQUENCE NAME public.users_datacorrectionaudit_id_seq
    START WITH 1
    INCREMENT BY 1
    NO MINVALUE
    NO MAXVALUE
    CACHE 1
);


--
-- Name: users_departmentmembership; Type: TABLE; Schema: public; Owner: sims_user
--

CREATE TABLE public.users_departmentmembership (
    id bigint NOT NULL,
    member_type character varying(20) NOT NULL,
    is_primary boolean NOT NULL,
    active boolean NOT NULL,
    start_date date NOT NULL,
    end_date date,
    created_at timestamp with time zone NOT NULL,
    updated_at timestamp with time zone NOT NULL,
    created_by_id bigint,
    department_id bigint NOT NULL,
    updated_by_id bigint,
    user_id bigint NOT NULL,
    CONSTRAINT dept_member_dates_valid CHECK (((end_date IS NULL) OR (end_date >= start_date)))
);


ALTER TABLE public.users_departmentmembership OWNER TO sims_user;

--
-- Name: users_departmentmembership_id_seq; Type: SEQUENCE; Schema: public; Owner: sims_user
--

ALTER TABLE public.users_departmentmembership ALTER COLUMN id ADD GENERATED BY DEFAULT AS IDENTITY (
    SEQUENCE NAME public.users_departmentmembership_id_seq
    START WITH 1
    INCREMENT BY 1
    NO MINVALUE
    NO MAXVALUE
    CACHE 1
);


--
-- Name: users_historicaluser; Type: TABLE; Schema: public; Owner: sims_user
--

CREATE TABLE public.users_historicaluser (
    id bigint NOT NULL,
    password character varying(128) NOT NULL,
    last_login timestamp with time zone,
    is_superuser boolean NOT NULL,
    username character varying(150) NOT NULL,
    first_name character varying(150) NOT NULL,
    last_name character varying(150) NOT NULL,
    email character varying(254) NOT NULL,
    is_staff boolean NOT NULL,
    is_active boolean NOT NULL,
    date_joined timestamp with time zone NOT NULL,
    role character varying(20) NOT NULL,
    specialty character varying(100),
    year character varying(10),
    registration_number character varying(50),
    phone_number character varying(15),
    last_login_ip inet,
    is_archived boolean NOT NULL,
    archived_date timestamp with time zone,
    history_id integer NOT NULL,
    history_date timestamp with time zone NOT NULL,
    history_change_reason character varying(100),
    history_type character varying(1) NOT NULL,
    created_by_id bigint,
    history_user_id bigint,
    home_department_id bigint,
    home_hospital_id bigint,
    modified_by_id bigint,
    supervisor_id bigint,
    is_complete_profile boolean NOT NULL,
    has_placeholder_email boolean NOT NULL,
    data_issues jsonb NOT NULL
);


ALTER TABLE public.users_historicaluser OWNER TO sims_user;

--
-- Name: users_historicaluser_history_id_seq; Type: SEQUENCE; Schema: public; Owner: sims_user
--

ALTER TABLE public.users_historicaluser ALTER COLUMN history_id ADD GENERATED BY DEFAULT AS IDENTITY (
    SEQUENCE NAME public.users_historicaluser_history_id_seq
    START WITH 1
    INCREMENT BY 1
    NO MINVALUE
    NO MAXVALUE
    CACHE 1
);


--
-- Name: users_historicalworkspaceidentity; Type: TABLE; Schema: public; Owner: sims_user
--

CREATE TABLE public.users_historicalworkspaceidentity (
    id bigint NOT NULL,
    public_id uuid NOT NULL,
    onboarding_status character varying(50) NOT NULL,
    approved_at timestamp with time zone,
    workspace_status character varying(50) NOT NULL,
    workspace_primary_email character varying(254) NOT NULL,
    workspace_org_unit_path character varying(500) NOT NULL,
    workspace_groups jsonb NOT NULL,
    workspace_last_sync_at timestamp with time zone,
    workspace_ready_at timestamp with time zone,
    workspace_failure_reason text NOT NULL,
    adminops_reference character varying(200) NOT NULL,
    last_bridge_attempt_at timestamp with time zone,
    last_bridge_error text NOT NULL,
    created_at timestamp with time zone NOT NULL,
    updated_at timestamp with time zone NOT NULL,
    history_id integer NOT NULL,
    history_date timestamp with time zone NOT NULL,
    history_change_reason character varying(100),
    history_type character varying(1) NOT NULL,
    approved_by_id bigint,
    history_user_id bigint,
    user_id bigint
);


ALTER TABLE public.users_historicalworkspaceidentity OWNER TO sims_user;

--
-- Name: users_historicalworkspaceidentity_history_id_seq; Type: SEQUENCE; Schema: public; Owner: sims_user
--

ALTER TABLE public.users_historicalworkspaceidentity ALTER COLUMN history_id ADD GENERATED BY DEFAULT AS IDENTITY (
    SEQUENCE NAME public.users_historicalworkspaceidentity_history_id_seq
    START WITH 1
    INCREMENT BY 1
    NO MINVALUE
    NO MAXVALUE
    CACHE 1
);


--
-- Name: users_hodassignment; Type: TABLE; Schema: public; Owner: sims_user
--

CREATE TABLE public.users_hodassignment (
    id bigint NOT NULL,
    start_date date NOT NULL,
    end_date date,
    active boolean NOT NULL,
    created_at timestamp with time zone NOT NULL,
    updated_at timestamp with time zone NOT NULL,
    created_by_id bigint,
    department_id bigint NOT NULL,
    hod_user_id bigint NOT NULL,
    updated_by_id bigint,
    CONSTRAINT hod_assignment_dates_valid CHECK (((end_date IS NULL) OR (end_date >= start_date)))
);


ALTER TABLE public.users_hodassignment OWNER TO sims_user;

--
-- Name: users_hodassignment_id_seq; Type: SEQUENCE; Schema: public; Owner: sims_user
--

ALTER TABLE public.users_hodassignment ALTER COLUMN id ADD GENERATED BY DEFAULT AS IDENTITY (
    SEQUENCE NAME public.users_hodassignment_id_seq
    START WITH 1
    INCREMENT BY 1
    NO MINVALUE
    NO MAXVALUE
    CACHE 1
);


--
-- Name: users_hospitalassignment; Type: TABLE; Schema: public; Owner: sims_user
--

CREATE TABLE public.users_hospitalassignment (
    id bigint NOT NULL,
    assignment_type character varying(30) NOT NULL,
    start_date date NOT NULL,
    end_date date,
    active boolean NOT NULL,
    created_at timestamp with time zone NOT NULL,
    updated_at timestamp with time zone NOT NULL,
    created_by_id bigint,
    hospital_department_id bigint NOT NULL,
    updated_by_id bigint,
    user_id bigint NOT NULL,
    CONSTRAINT hospital_assignment_dates_valid CHECK (((end_date IS NULL) OR (end_date >= start_date)))
);


ALTER TABLE public.users_hospitalassignment OWNER TO sims_user;

--
-- Name: users_hospitalassignment_id_seq; Type: SEQUENCE; Schema: public; Owner: sims_user
--

ALTER TABLE public.users_hospitalassignment ALTER COLUMN id ADD GENERATED BY DEFAULT AS IDENTITY (
    SEQUENCE NAME public.users_hospitalassignment_id_seq
    START WITH 1
    INCREMENT BY 1
    NO MINVALUE
    NO MAXVALUE
    CACHE 1
);


--
-- Name: users_residentprofile; Type: TABLE; Schema: public; Owner: sims_user
--

CREATE TABLE public.users_residentprofile (
    id bigint NOT NULL,
    pgr_id character varying(60) NOT NULL,
    training_start date NOT NULL,
    training_end date,
    training_level character varying(50) NOT NULL,
    active boolean NOT NULL,
    created_at timestamp with time zone NOT NULL,
    updated_at timestamp with time zone NOT NULL,
    user_id bigint NOT NULL
);


ALTER TABLE public.users_residentprofile OWNER TO sims_user;

--
-- Name: users_residentprofile_id_seq; Type: SEQUENCE; Schema: public; Owner: sims_user
--

ALTER TABLE public.users_residentprofile ALTER COLUMN id ADD GENERATED BY DEFAULT AS IDENTITY (
    SEQUENCE NAME public.users_residentprofile_id_seq
    START WITH 1
    INCREMENT BY 1
    NO MINVALUE
    NO MAXVALUE
    CACHE 1
);


--
-- Name: users_staffprofile; Type: TABLE; Schema: public; Owner: sims_user
--

CREATE TABLE public.users_staffprofile (
    id bigint NOT NULL,
    designation character varying(120) NOT NULL,
    phone character varying(20) NOT NULL,
    active boolean NOT NULL,
    created_at timestamp with time zone NOT NULL,
    updated_at timestamp with time zone NOT NULL,
    user_id bigint NOT NULL
);


ALTER TABLE public.users_staffprofile OWNER TO sims_user;

--
-- Name: users_staffprofile_id_seq; Type: SEQUENCE; Schema: public; Owner: sims_user
--

ALTER TABLE public.users_staffprofile ALTER COLUMN id ADD GENERATED BY DEFAULT AS IDENTITY (
    SEQUENCE NAME public.users_staffprofile_id_seq
    START WITH 1
    INCREMENT BY 1
    NO MINVALUE
    NO MAXVALUE
    CACHE 1
);


--
-- Name: users_supervisorresidentlink; Type: TABLE; Schema: public; Owner: sims_user
--

CREATE TABLE public.users_supervisorresidentlink (
    id bigint NOT NULL,
    start_date date NOT NULL,
    end_date date,
    active boolean NOT NULL,
    created_at timestamp with time zone NOT NULL,
    updated_at timestamp with time zone NOT NULL,
    created_by_id bigint,
    department_id bigint,
    resident_user_id bigint NOT NULL,
    supervisor_user_id bigint NOT NULL,
    updated_by_id bigint,
    has_default_dates boolean NOT NULL,
    CONSTRAINT supervision_link_dates_valid CHECK (((end_date IS NULL) OR (end_date >= start_date)))
);


ALTER TABLE public.users_supervisorresidentlink OWNER TO sims_user;

--
-- Name: users_supervisorresidentlink_id_seq; Type: SEQUENCE; Schema: public; Owner: sims_user
--

ALTER TABLE public.users_supervisorresidentlink ALTER COLUMN id ADD GENERATED BY DEFAULT AS IDENTITY (
    SEQUENCE NAME public.users_supervisorresidentlink_id_seq
    START WITH 1
    INCREMENT BY 1
    NO MINVALUE
    NO MAXVALUE
    CACHE 1
);


--
-- Name: users_user; Type: TABLE; Schema: public; Owner: sims_user
--

CREATE TABLE public.users_user (
    id bigint NOT NULL,
    password character varying(128) NOT NULL,
    last_login timestamp with time zone,
    is_superuser boolean NOT NULL,
    username character varying(150) NOT NULL,
    first_name character varying(150) NOT NULL,
    last_name character varying(150) NOT NULL,
    email character varying(254) NOT NULL,
    is_staff boolean NOT NULL,
    is_active boolean NOT NULL,
    date_joined timestamp with time zone NOT NULL,
    role character varying(20) NOT NULL,
    specialty character varying(100),
    year character varying(10),
    registration_number character varying(50),
    phone_number character varying(15),
    last_login_ip inet,
    is_archived boolean NOT NULL,
    archived_date timestamp with time zone,
    created_by_id bigint,
    home_department_id bigint,
    home_hospital_id bigint,
    modified_by_id bigint,
    supervisor_id bigint,
    is_complete_profile boolean NOT NULL,
    has_placeholder_email boolean NOT NULL,
    data_issues jsonb NOT NULL
);


ALTER TABLE public.users_user OWNER TO sims_user;

--
-- Name: users_user_groups; Type: TABLE; Schema: public; Owner: sims_user
--

CREATE TABLE public.users_user_groups (
    id bigint NOT NULL,
    user_id bigint NOT NULL,
    group_id integer NOT NULL
);


ALTER TABLE public.users_user_groups OWNER TO sims_user;

--
-- Name: users_user_groups_id_seq; Type: SEQUENCE; Schema: public; Owner: sims_user
--

ALTER TABLE public.users_user_groups ALTER COLUMN id ADD GENERATED BY DEFAULT AS IDENTITY (
    SEQUENCE NAME public.users_user_groups_id_seq
    START WITH 1
    INCREMENT BY 1
    NO MINVALUE
    NO MAXVALUE
    CACHE 1
);


--
-- Name: users_user_id_seq; Type: SEQUENCE; Schema: public; Owner: sims_user
--

ALTER TABLE public.users_user ALTER COLUMN id ADD GENERATED BY DEFAULT AS IDENTITY (
    SEQUENCE NAME public.users_user_id_seq
    START WITH 1
    INCREMENT BY 1
    NO MINVALUE
    NO MAXVALUE
    CACHE 1
);


--
-- Name: users_user_user_permissions; Type: TABLE; Schema: public; Owner: sims_user
--

CREATE TABLE public.users_user_user_permissions (
    id bigint NOT NULL,
    user_id bigint NOT NULL,
    permission_id integer NOT NULL
);


ALTER TABLE public.users_user_user_permissions OWNER TO sims_user;

--
-- Name: users_user_user_permissions_id_seq; Type: SEQUENCE; Schema: public; Owner: sims_user
--

ALTER TABLE public.users_user_user_permissions ALTER COLUMN id ADD GENERATED BY DEFAULT AS IDENTITY (
    SEQUENCE NAME public.users_user_user_permissions_id_seq
    START WITH 1
    INCREMENT BY 1
    NO MINVALUE
    NO MAXVALUE
    CACHE 1
);


--
-- Name: users_workspacebridgelog; Type: TABLE; Schema: public; Owner: sims_user
--

CREATE TABLE public.users_workspacebridgelog (
    id bigint NOT NULL,
    person_type character varying(50) NOT NULL,
    external_id character varying(200) NOT NULL,
    request_id character varying(200) NOT NULL,
    endpoint character varying(500) NOT NULL,
    payload_hash character varying(64) NOT NULL,
    response_status_code integer,
    response_body_sanitized text NOT NULL,
    status character varying(50) NOT NULL,
    error_message text NOT NULL,
    sent_at timestamp with time zone NOT NULL,
    created_by_id bigint,
    identity_id bigint NOT NULL
);


ALTER TABLE public.users_workspacebridgelog OWNER TO sims_user;

--
-- Name: users_workspacebridgelog_id_seq; Type: SEQUENCE; Schema: public; Owner: sims_user
--

ALTER TABLE public.users_workspacebridgelog ALTER COLUMN id ADD GENERATED BY DEFAULT AS IDENTITY (
    SEQUENCE NAME public.users_workspacebridgelog_id_seq
    START WITH 1
    INCREMENT BY 1
    NO MINVALUE
    NO MAXVALUE
    CACHE 1
);


--
-- Name: users_workspaceidentity; Type: TABLE; Schema: public; Owner: sims_user
--

CREATE TABLE public.users_workspaceidentity (
    id bigint NOT NULL,
    public_id uuid NOT NULL,
    onboarding_status character varying(50) NOT NULL,
    approved_at timestamp with time zone,
    workspace_status character varying(50) NOT NULL,
    workspace_primary_email character varying(254) NOT NULL,
    workspace_org_unit_path character varying(500) NOT NULL,
    workspace_groups jsonb NOT NULL,
    workspace_last_sync_at timestamp with time zone,
    workspace_ready_at timestamp with time zone,
    workspace_failure_reason text NOT NULL,
    adminops_reference character varying(200) NOT NULL,
    last_bridge_attempt_at timestamp with time zone,
    last_bridge_error text NOT NULL,
    created_at timestamp with time zone NOT NULL,
    updated_at timestamp with time zone NOT NULL,
    approved_by_id bigint,
    user_id bigint NOT NULL
);


ALTER TABLE public.users_workspaceidentity OWNER TO sims_user;

--
-- Name: users_workspaceidentity_id_seq; Type: SEQUENCE; Schema: public; Owner: sims_user
--

ALTER TABLE public.users_workspaceidentity ALTER COLUMN id ADD GENERATED BY DEFAULT AS IDENTITY (
    SEQUENCE NAME public.users_workspaceidentity_id_seq
    START WITH 1
    INCREMENT BY 1
    NO MINVALUE
    NO MAXVALUE
    CACHE 1
);


--
-- Data for Name: academics_department; Type: TABLE DATA; Schema: public; Owner: sims_user
--

COPY public.academics_department (id, name, code, description, active, created_at, updated_at, head_id) FROM stdin;
28	Urology	URO		t	2026-06-19 06:42:11.019155+00	2026-06-19 06:42:56.551757+00	\N
29	Renal Transplantation	RENAL_TX		t	2026-06-19 06:42:11.023724+00	2026-06-19 06:42:56.556164+00	\N
14	Nephrology	NEPH		t	2026-05-12 22:04:10.275303+00	2026-06-19 06:42:56.558739+00	\N
2	General Surgery	SURG		t	2026-05-12 22:04:10.223001+00	2026-06-19 06:42:56.561299+00	\N
6	Ear, Nose & Throat	ENT		t	2026-05-12 22:04:10.240784+00	2026-05-30 23:35:06.557539+00	\N
7	Ophthalmology	OPTH		t	2026-05-12 22:04:10.244525+00	2026-05-30 23:35:06.560597+00	\N
8	Dermatology	DERM		t	2026-05-12 22:04:10.248721+00	2026-05-30 23:35:06.569239+00	\N
9	Psychiatry	PSY		t	2026-05-12 22:04:10.25288+00	2026-05-30 23:35:06.573048+00	\N
10	Neurology	NEURO		t	2026-05-12 22:04:10.256612+00	2026-05-30 23:35:06.577482+00	\N
11	Cardiology	CARD		t	2026-05-12 22:04:10.260518+00	2026-05-30 23:35:06.580919+00	\N
12	Pulmonology	PULM		t	2026-05-12 22:04:10.267245+00	2026-05-30 23:35:06.583832+00	\N
13	Gastroenterology	GASTRO		t	2026-05-12 22:04:10.271164+00	2026-05-30 23:35:06.586779+00	\N
15	Oncology	ONCO		t	2026-05-12 22:04:10.279262+00	2026-05-30 23:35:06.592469+00	\N
16	Pathology	PATH		t	2026-05-12 22:04:10.283088+00	2026-05-30 23:35:06.595452+00	\N
17	Radiology	RADIO		t	2026-05-12 22:04:10.286994+00	2026-05-30 23:35:06.598066+00	\N
18	Anaesthesiology	ANAES		t	2026-05-12 22:04:10.290975+00	2026-05-30 23:35:06.601082+00	\N
19	Emergency Medicine	EMERG		t	2026-05-12 22:04:10.296108+00	2026-05-30 23:35:06.604279+00	\N
20	Intensive Care Unit	ICU		t	2026-05-12 22:04:10.300085+00	2026-05-30 23:35:06.607642+00	\N
1	Medicine	MED		t	2026-05-12 22:04:10.217172+00	2026-05-30 23:35:16.569202+00	\N
3	Pediatrics	PED		t	2026-05-12 22:04:10.2274+00	2026-05-30 23:35:16.573645+00	\N
4	Gynecology & Obstetrics	OBG		t	2026-05-12 22:04:10.233291+00	2026-05-30 23:35:16.578621+00	\N
5	Orthopedics	ORTH		t	2026-05-12 22:04:10.23719+00	2026-05-30 23:35:16.582938+00	\N
\.


--
-- Data for Name: audit_activitylog; Type: TABLE DATA; Schema: public; Owner: sims_user
--

COPY public.audit_activitylog (id, action, verb, target_object_id, target_repr, metadata, ip_address, is_sensitive, created_at, actor_id, target_content_type_id) FROM stdin;
1308	create	HistoricalUser:743			{"history_id": 743, "object_repr": "Dr. Muhammad Akmal (Supervisor)", "history_date": "2026-06-04T19:58:46.550111+00:00"}	\N	f	2026-06-04 19:58:46.55455+00	\N	\N
1309	create	HistoricalUser:744			{"history_id": 744, "object_repr": "Muhammad Irfan Munir (Supervisor)", "history_date": "2026-06-04T19:58:47.239779+00:00"}	\N	f	2026-06-04 19:58:47.241506+00	\N	\N
1310	create	HistoricalUser:745			{"history_id": 745, "object_repr": "Dr. M. Tahir Bashir Malik (Supervisor)", "history_date": "2026-06-04T19:58:47.732331+00:00"}	\N	f	2026-06-04 19:58:47.734346+00	\N	\N
1311	create	HistoricalUser:746			{"history_id": 746, "object_repr": "Sheraz Javed (Supervisor)", "history_date": "2026-06-04T19:58:48.262665+00:00"}	\N	f	2026-06-04 19:58:48.264458+00	\N	\N
1312	create	HistoricalUser:747			{"history_id": 747, "object_repr": "Dr. Amir Shaukat (Supervisor)", "history_date": "2026-06-04T19:58:48.694864+00:00"}	\N	f	2026-06-04 19:58:48.69656+00	\N	\N
1313	create	HistoricalUser:748			{"history_id": 748, "object_repr": "Muhammad Irfan (Supervisor)", "history_date": "2026-06-04T19:58:49.138096+00:00"}	\N	f	2026-06-04 19:58:49.139958+00	\N	\N
1314	create	HistoricalUser:749			{"history_id": 749, "object_repr": "Umair Ahmed (Supervisor)", "history_date": "2026-06-04T19:58:49.571785+00:00"}	\N	f	2026-06-04 19:58:49.573441+00	\N	\N
1315	create	HistoricalUser:750			{"history_id": 750, "object_repr": "Muhammad Arif (Supervisor)", "history_date": "2026-06-04T19:58:50.007200+00:00"}	\N	f	2026-06-04 19:58:50.008852+00	\N	\N
1316	create	HistoricalUser:751			{"history_id": 751, "object_repr": "Shahid Abbas (Supervisor)", "history_date": "2026-06-04T19:58:50.467818+00:00"}	\N	f	2026-06-04 19:58:50.469563+00	\N	\N
1317	create	HistoricalUser:752			{"history_id": 752, "object_repr": "syed ali haziq (Resident)", "history_date": "2026-06-04T19:58:50.899543+00:00"}	\N	f	2026-06-04 19:58:50.901163+00	\N	\N
1318	create	HistoricalUser:753			{"history_id": 753, "object_repr": "Zaineb (Resident)", "history_date": "2026-06-04T19:58:51.374095+00:00"}	\N	f	2026-06-04 19:58:51.376561+00	\N	\N
1319	create	HistoricalUser:754			{"history_id": 754, "object_repr": "FATIMA RIAZ (Resident)", "history_date": "2026-06-04T19:58:51.817884+00:00"}	\N	f	2026-06-04 19:58:51.819507+00	\N	\N
1320	create	HistoricalUser:755			{"history_id": 755, "object_repr": "Manahil Khalil (Resident)", "history_date": "2026-06-04T19:58:52.330777+00:00"}	\N	f	2026-06-04 19:58:52.332726+00	\N	\N
1321	create	HistoricalUser:756			{"history_id": 756, "object_repr": "Muhammad Asad Shabbir (Resident)", "history_date": "2026-06-04T19:58:52.821548+00:00"}	\N	f	2026-06-04 19:58:52.823608+00	\N	\N
1322	create	HistoricalUser:757			{"history_id": 757, "object_repr": "Muhammad usman (Resident)", "history_date": "2026-06-04T19:58:53.246095+00:00"}	\N	f	2026-06-04 19:58:53.247818+00	\N	\N
1323	create	HistoricalUser:758			{"history_id": 758, "object_repr": "Areeb Amjad (Resident)", "history_date": "2026-06-04T19:58:53.718224+00:00"}	\N	f	2026-06-04 19:58:53.719956+00	\N	\N
1324	create	HistoricalUser:759			{"history_id": 759, "object_repr": "Farhan Ali (Resident)", "history_date": "2026-06-04T19:58:54.146816+00:00"}	\N	f	2026-06-04 19:58:54.148525+00	\N	\N
1325	create	HistoricalUser:760			{"history_id": 760, "object_repr": "Muhammad Haris Jamil (Resident)", "history_date": "2026-06-04T19:58:54.584240+00:00"}	\N	f	2026-06-04 19:58:54.586585+00	\N	\N
1326	create	HistoricalUser:761			{"history_id": 761, "object_repr": "SYED ALI ARSHED (Resident)", "history_date": "2026-06-04T19:58:55.044455+00:00"}	\N	f	2026-06-04 19:58:55.046099+00	\N	\N
1327	create	HistoricalUser:762			{"history_id": 762, "object_repr": "Dr.Bullawel Arshad (Resident)", "history_date": "2026-06-04T19:58:55.522224+00:00"}	\N	f	2026-06-04 19:58:55.524835+00	\N	\N
1328	create	HistoricalUser:763			{"history_id": 763, "object_repr": "Faraz Khalid (Resident)", "history_date": "2026-06-04T19:58:56.034350+00:00"}	\N	f	2026-06-04 19:58:56.036092+00	\N	\N
1329	create	HistoricalUser:764			{"history_id": 764, "object_repr": "Muhammad Muzammil (Resident)", "history_date": "2026-06-04T19:58:56.465058+00:00"}	\N	f	2026-06-04 19:58:56.466743+00	\N	\N
1466	update	HistoricalUser:766			{"history_id": 766, "object_repr": "Pilot Admin (Admin)", "history_date": "2026-06-20T20:09:19.876712+00:00"}	\N	f	2026-06-20 20:09:20.004219+00	\N	\N
1343	create	HistoricalTrainingProgram:56			{"history_id": 56, "object_repr": "MS Urology (ms-urology)", "history_date": "2026-06-19T06:42:11.082684+00:00"}	\N	f	2026-06-19 06:42:11.088267+00	\N	\N
1344	create	HistoricalProgramPolicy:13			{"history_id": 13, "object_repr": "Policy: ms-urology", "history_date": "2026-06-19T06:42:11.643635+00:00"}	\N	f	2026-06-19 06:42:11.647557+00	\N	\N
1345	create	HistoricalProgramRotationTemplate:6			{"history_id": 6, "object_repr": "ms-urology – Part I Urology Training", "history_date": "2026-06-19T06:42:11.656475+00:00"}	\N	f	2026-06-19 06:42:11.659415+00	\N	\N
1346	create	HistoricalProgramRotationRequirement:26			{"history_id": 26, "object_repr": "ms-urology:URO:26w", "history_date": "2026-06-19T06:42:11.666865+00:00"}	\N	f	2026-06-19 06:42:11.669874+00	\N	\N
1347	create	HistoricalProgramRotationTemplate:7			{"history_id": 7, "object_repr": "ms-urology – Part II General Surgery Placement", "history_date": "2026-06-19T06:42:11.671557+00:00"}	\N	f	2026-06-19 06:42:11.673049+00	\N	\N
1348	create	HistoricalProgramRotationRequirement:27			{"history_id": 27, "object_repr": "ms-urology:SURG:78w", "history_date": "2026-06-19T06:42:11.676862+00:00"}	\N	f	2026-06-19 06:42:11.678035+00	\N	\N
1349	create	HistoricalProgramRotationTemplate:8			{"history_id": 8, "object_repr": "ms-urology – Part III Urology Core Training", "history_date": "2026-06-19T06:42:11.679483+00:00"}	\N	f	2026-06-19 06:42:11.68071+00	\N	\N
1350	create	HistoricalProgramRotationRequirement:28			{"history_id": 28, "object_repr": "ms-urology:URO:143w", "history_date": "2026-06-19T06:42:11.684364+00:00"}	\N	f	2026-06-19 06:42:11.685535+00	\N	\N
1351	create	HistoricalProgramRotationTemplate:9			{"history_id": 9, "object_repr": "ms-urology – Renal Transplantation Rotation", "history_date": "2026-06-19T06:42:11.686914+00:00"}	\N	f	2026-06-19 06:42:11.688184+00	\N	\N
1352	create	HistoricalProgramRotationRequirement:29			{"history_id": 29, "object_repr": "ms-urology:RENAL_TX:8w", "history_date": "2026-06-19T06:42:11.692016+00:00"}	\N	f	2026-06-19 06:42:11.693136+00	\N	\N
1353	create	HistoricalProgramRotationTemplate:10			{"history_id": 10, "object_repr": "ms-urology – Nephrology Rotation", "history_date": "2026-06-19T06:42:11.694613+00:00"}	\N	f	2026-06-19 06:42:11.696161+00	\N	\N
1354	create	HistoricalProgramRotationRequirement:30			{"history_id": 30, "object_repr": "ms-urology:NEPH:4w", "history_date": "2026-06-19T06:42:11.700781+00:00"}	\N	f	2026-06-19 06:42:11.702266+00	\N	\N
1355	create	HistoricalWorkshop:2			{"history_id": 2, "object_repr": "Communication Skills (comm-skills)", "history_date": "2026-06-19T06:42:11.708609+00:00"}	\N	f	2026-06-19 06:42:11.712006+00	\N	\N
1356	create	HistoricalWorkshop:3			{"history_id": 3, "object_repr": "Research Synopsis and Thesis Writing Skills (research-writing)", "history_date": "2026-06-19T06:42:11.715579+00:00"}	\N	f	2026-06-19 06:42:11.717428+00	\N	\N
1357	create	HistoricalWorkshop:4			{"history_id": 4, "object_repr": "Basic Biostatistics and Research Methodology (biostats-method)", "history_date": "2026-06-19T06:42:11.723107+00:00"}	\N	f	2026-06-19 06:42:11.724637+00	\N	\N
1358	create	HistoricalWorkshop:5			{"history_id": 5, "object_repr": "Information Technology Skills (it-skills)", "history_date": "2026-06-19T06:42:11.728294+00:00"}	\N	f	2026-06-19 06:42:11.729854+00	\N	\N
1359	create	HistoricalWorkshop:6			{"history_id": 6, "object_repr": "Initial Life Support / ILS (ils-support)", "history_date": "2026-06-19T06:42:11.733450+00:00"}	\N	f	2026-06-19 06:42:11.734988+00	\N	\N
1360	create	HistoricalWorkshop:7			{"history_id": 7, "object_repr": "Basic Surgical Skills (surgical-skills)", "history_date": "2026-06-19T06:42:11.738567+00:00"}	\N	f	2026-06-19 06:42:11.741531+00	\N	\N
1361	create	HistoricalProgramMilestone:47			{"history_id": 47, "object_repr": "ms-urology – Intermediate Membership (iMM)", "history_date": "2026-06-19T06:42:12.285694+00:00"}	\N	f	2026-06-19 06:42:13.137798+00	\N	\N
1362	create	HistoricalProgramMilestone:48			{"history_id": 48, "object_repr": "ms-urology – Final Examination", "history_date": "2026-06-19T06:42:13.144040+00:00"}	\N	f	2026-06-19 06:42:13.145932+00	\N	\N
1363	create	HistoricalProgramMilestoneWorkshopRequirement:1			{"history_id": 1, "object_repr": "Workshop req: ms-urology – Intermediate Membership (iMM) — Communication Skills (comm-skills) x1", "history_date": "2026-06-19T06:42:14.043832+00:00"}	\N	f	2026-06-19 06:42:14.673993+00	\N	\N
1364	create	HistoricalProgramMilestoneWorkshopRequirement:2			{"history_id": 2, "object_repr": "Workshop req: ms-urology – Intermediate Membership (iMM) — Research Synopsis and Thesis Writing Skills (research-writing) x1", "history_date": "2026-06-19T06:42:14.676699+00:00"}	\N	f	2026-06-19 06:42:14.6787+00	\N	\N
1365	create	HistoricalProgramMilestoneWorkshopRequirement:3			{"history_id": 3, "object_repr": "Workshop req: ms-urology – Intermediate Membership (iMM) — Basic Surgical Skills (surgical-skills) x1", "history_date": "2026-06-19T06:42:14.680284+00:00"}	\N	f	2026-06-19 06:42:14.681647+00	\N	\N
1366	create	HistoricalProgramMilestoneWorkshopRequirement:4			{"history_id": 4, "object_repr": "Workshop req: ms-urology – Final Examination — Communication Skills (comm-skills) x1", "history_date": "2026-06-19T06:42:14.684704+00:00"}	\N	f	2026-06-19 06:42:14.68606+00	\N	\N
1367	create	HistoricalProgramMilestoneWorkshopRequirement:5			{"history_id": 5, "object_repr": "Workshop req: ms-urology – Final Examination — Research Synopsis and Thesis Writing Skills (research-writing) x1", "history_date": "2026-06-19T06:42:14.687757+00:00"}	\N	f	2026-06-19 06:42:14.689344+00	\N	\N
1368	create	HistoricalProgramMilestoneWorkshopRequirement:6			{"history_id": 6, "object_repr": "Workshop req: ms-urology – Final Examination — Basic Biostatistics and Research Methodology (biostats-method) x1", "history_date": "2026-06-19T06:42:14.691102+00:00"}	\N	f	2026-06-19 06:42:14.692525+00	\N	\N
1369	create	HistoricalProgramMilestoneWorkshopRequirement:7			{"history_id": 7, "object_repr": "Workshop req: ms-urology – Final Examination — Information Technology Skills (it-skills) x1", "history_date": "2026-06-19T06:42:14.694177+00:00"}	\N	f	2026-06-19 06:42:14.696515+00	\N	\N
1370	create	HistoricalProgramMilestoneWorkshopRequirement:8			{"history_id": 8, "object_repr": "Workshop req: ms-urology – Final Examination — Initial Life Support / ILS (ils-support) x1", "history_date": "2026-06-19T06:42:14.698164+00:00"}	\N	f	2026-06-19 06:42:14.699338+00	\N	\N
1371	create	HistoricalProgramMilestoneWorkshopRequirement:9			{"history_id": 9, "object_repr": "Workshop req: ms-urology – Final Examination — Basic Surgical Skills (surgical-skills) x1", "history_date": "2026-06-19T06:42:14.700782+00:00"}	\N	f	2026-06-19 06:42:14.702086+00	\N	\N
1372	create	HistoricalProgramMilestoneResearchRequirement:50			{"history_id": 50, "object_repr": "Research req: ms-urology – Intermediate Membership (iMM)", "history_date": "2026-06-19T06:42:15.256591+00:00"}	\N	f	2026-06-19 06:42:15.90971+00	\N	\N
1373	create	HistoricalProgramMilestoneResearchRequirement:51			{"history_id": 51, "object_repr": "Research req: ms-urology – Final Examination", "history_date": "2026-06-19T06:42:15.914173+00:00"}	\N	f	2026-06-19 06:42:15.915514+00	\N	\N
1374	create	HistoricalProgramMilestoneLogbookRequirement:1			{"history_id": 1, "object_repr": "Logbook req: ms-urology – Final Examination — OPD and Ward Clinical Work x0", "history_date": "2026-06-19T06:42:16.134748+00:00"}	\N	f	2026-06-19 06:42:17.172452+00	\N	\N
1375	create	HistoricalProgramMilestoneLogbookRequirement:2			{"history_id": 2, "object_repr": "Logbook req: ms-urology – Final Examination — Emergency Urology x0", "history_date": "2026-06-19T06:42:17.175234+00:00"}	\N	f	2026-06-19 06:42:17.177785+00	\N	\N
1376	create	HistoricalProgramMilestoneLogbookRequirement:3			{"history_id": 3, "object_repr": "Logbook req: ms-urology – Final Examination — Diagnostic Skills x0", "history_date": "2026-06-19T06:42:17.180186+00:00"}	\N	f	2026-06-19 06:42:17.182244+00	\N	\N
1377	create	HistoricalProgramMilestoneLogbookRequirement:4			{"history_id": 4, "object_repr": "Logbook req: ms-urology – Final Examination — Basic Urological Procedures x0", "history_date": "2026-06-19T06:42:17.184246+00:00"}	\N	f	2026-06-19 06:42:17.185618+00	\N	\N
1378	create	HistoricalProgramMilestoneLogbookRequirement:5			{"history_id": 5, "object_repr": "Logbook req: ms-urology – Final Examination — Endoscopic Procedures x0", "history_date": "2026-06-19T06:42:17.187334+00:00"}	\N	f	2026-06-19 06:42:17.1884+00	\N	\N
1379	create	HistoricalProgramMilestoneLogbookRequirement:6			{"history_id": 6, "object_repr": "Logbook req: ms-urology – Final Examination — Open Surgical Procedures x0", "history_date": "2026-06-19T06:42:17.189728+00:00"}	\N	f	2026-06-19 06:42:17.190815+00	\N	\N
1380	create	HistoricalProgramMilestoneLogbookRequirement:7			{"history_id": 7, "object_repr": "Logbook req: ms-urology – Final Examination — Therapeutic Technology Exposure x0", "history_date": "2026-06-19T06:42:17.192155+00:00"}	\N	f	2026-06-19 06:42:17.19324+00	\N	\N
1381	create	HistoricalProgramMilestoneLogbookRequirement:8			{"history_id": 8, "object_repr": "Logbook req: ms-urology – Final Examination — Renal Transplantation Exposure x0", "history_date": "2026-06-19T06:42:17.194519+00:00"}	\N	f	2026-06-19 06:42:17.195573+00	\N	\N
1382	create	HistoricalProgramMilestoneLogbookRequirement:9			{"history_id": 9, "object_repr": "Logbook req: ms-urology – Final Examination — Nephrology Rotation Activities x0", "history_date": "2026-06-19T06:42:17.196910+00:00"}	\N	f	2026-06-19 06:42:17.197992+00	\N	\N
1383	create	HistoricalProgramMilestoneLogbookRequirement:10			{"history_id": 10, "object_repr": "Logbook req: ms-urology – Final Examination — Academic Activities x0", "history_date": "2026-06-19T06:42:17.199541+00:00"}	\N	f	2026-06-19 06:42:17.200785+00	\N	\N
1384	create	HistoricalProgramMilestoneLogbookRequirement:11			{"history_id": 11, "object_repr": "Logbook req: ms-urology – Final Examination — Research Activities x0", "history_date": "2026-06-19T06:42:17.202407+00:00"}	\N	f	2026-06-19 06:42:17.203557+00	\N	\N
1385	create	HistoricalProgramMilestoneLogbookRequirement:12			{"history_id": 12, "object_repr": "Logbook req: ms-urology – Final Examination — Supervisor Feedback and Sign-off x0", "history_date": "2026-06-19T06:42:17.205226+00:00"}	\N	f	2026-06-19 06:42:17.207098+00	\N	\N
1386	create	HistoricalLogbookThresholdConfig:41			{"history_id": 41, "object_repr": "MS Urology Per Rotation Minimums (PER_ROTATION)", "history_date": "2026-06-19T06:42:17.787565+00:00"}	\N	f	2026-06-19 06:42:19.5527+00	\N	\N
1430	create	HistoricalProgramMilestoneWorkshopRequirement:23			{"history_id": 23, "object_repr": "Workshop req: ms-urology – Final Examination — Research Synopsis and Thesis Writing Skills (research-writing) x1", "history_date": "2026-06-19T06:42:58.986749+00:00"}	\N	f	2026-06-19 06:42:58.988143+00	\N	\N
1431	create	HistoricalProgramMilestoneWorkshopRequirement:24			{"history_id": 24, "object_repr": "Workshop req: ms-urology – Final Examination — Basic Biostatistics and Research Methodology (biostats-method) x1", "history_date": "2026-06-19T06:42:58.989519+00:00"}	\N	f	2026-06-19 06:42:58.990633+00	\N	\N
1432	create	HistoricalProgramMilestoneWorkshopRequirement:25			{"history_id": 25, "object_repr": "Workshop req: ms-urology – Final Examination — Information Technology Skills (it-skills) x1", "history_date": "2026-06-19T06:42:58.991930+00:00"}	\N	f	2026-06-19 06:42:58.993047+00	\N	\N
1433	create	HistoricalProgramMilestoneWorkshopRequirement:26			{"history_id": 26, "object_repr": "Workshop req: ms-urology – Final Examination — Initial Life Support / ILS (ils-support) x1", "history_date": "2026-06-19T06:42:58.994316+00:00"}	\N	f	2026-06-19 06:42:58.99535+00	\N	\N
1434	create	HistoricalProgramMilestoneWorkshopRequirement:27			{"history_id": 27, "object_repr": "Workshop req: ms-urology – Final Examination — Basic Surgical Skills (surgical-skills) x1", "history_date": "2026-06-19T06:42:58.996654+00:00"}	\N	f	2026-06-19 06:42:58.9977+00	\N	\N
1435	update	HistoricalProgramMilestoneResearchRequirement:52			{"history_id": 52, "object_repr": "Research req: ms-urology – Intermediate Membership (iMM)", "history_date": "2026-06-19T06:42:59.001476+00:00"}	\N	f	2026-06-19 06:42:59.006097+00	\N	\N
1436	update	HistoricalProgramMilestoneResearchRequirement:53			{"history_id": 53, "object_repr": "Research req: ms-urology – Final Examination", "history_date": "2026-06-19T06:42:59.009447+00:00"}	\N	f	2026-06-19 06:42:59.013888+00	\N	\N
1282	delete	HistoricalResidentResearchProject:31			{"history_id": 31, "object_repr": "E2E PG – E2E-FCPS – Research: E2E Baseline Research Project", "history_date": "2026-06-04T19:44:45.409007+00:00"}	\N	f	2026-06-04 19:44:45.444268+00	\N	\N
1283	delete	HistoricalResidentTrainingRecord:126			{"history_id": 126, "object_repr": "Pilot Resident – ACTIVE-BASELINE", "history_date": "2026-06-04T19:44:45.475871+00:00"}	\N	f	2026-06-04 19:44:45.480564+00	\N	\N
1284	delete	HistoricalResidentTrainingRecord:127			{"history_id": 127, "object_repr": "Pilot PG – ACTIVE-BASELINE", "history_date": "2026-06-04T19:44:45.481593+00:00"}	\N	f	2026-06-04 19:44:45.48542+00	\N	\N
1285	delete	HistoricalResidentTrainingRecord:128			{"history_id": 128, "object_repr": "Pilot Resident – PILOT-BASELINE", "history_date": "2026-06-04T19:44:45.486160+00:00"}	\N	f	2026-06-04 19:44:45.489739+00	\N	\N
1286	delete	HistoricalResidentTrainingRecord:129			{"history_id": 129, "object_repr": "Pilot PG – PILOT-BASELINE", "history_date": "2026-06-04T19:44:45.490534+00:00"}	\N	f	2026-06-04 19:44:45.493929+00	\N	\N
1287	delete	HistoricalResidentTrainingRecord:130			{"history_id": 130, "object_repr": "Feature Negative – E2E-FCPS", "history_date": "2026-06-04T19:44:45.494688+00:00"}	\N	f	2026-06-04 19:44:45.498741+00	\N	\N
1288	delete	HistoricalResidentTrainingRecord:131			{"history_id": 131, "object_repr": "Feature Resident – E2E-FCPS", "history_date": "2026-06-04T19:44:45.499655+00:00"}	\N	f	2026-06-04 19:44:45.503236+00	\N	\N
1387	update	HistoricalTrainingProgram:57			{"history_id": 57, "object_repr": "MS Urology (ms-urology)", "history_date": "2026-06-19T06:42:56.605598+00:00"}	\N	f	2026-06-19 06:42:56.613109+00	\N	\N
1388	update	HistoricalProgramPolicy:14			{"history_id": 14, "object_repr": "Policy: ms-urology", "history_date": "2026-06-19T06:42:56.623888+00:00"}	\N	f	2026-06-19 06:42:56.631974+00	\N	\N
1389	delete	HistoricalProgramRotationTemplate:11			{"history_id": 11, "object_repr": "ms-urology – Nephrology Rotation", "history_date": "2026-06-19T06:42:58.790810+00:00"}	\N	f	2026-06-19 06:42:58.795448+00	\N	\N
1390	delete	HistoricalProgramRotationTemplate:12			{"history_id": 12, "object_repr": "ms-urology – Renal Transplantation Rotation", "history_date": "2026-06-19T06:42:58.796426+00:00"}	\N	f	2026-06-19 06:42:58.799324+00	\N	\N
1391	delete	HistoricalProgramRotationTemplate:13			{"history_id": 13, "object_repr": "ms-urology – Part III Urology Core Training", "history_date": "2026-06-19T06:42:58.800128+00:00"}	\N	f	2026-06-19 06:42:58.803177+00	\N	\N
1392	delete	HistoricalProgramRotationTemplate:14			{"history_id": 14, "object_repr": "ms-urology – Part II General Surgery Placement", "history_date": "2026-06-19T06:42:58.804380+00:00"}	\N	f	2026-06-19 06:42:58.807241+00	\N	\N
1393	delete	HistoricalProgramRotationTemplate:15			{"history_id": 15, "object_repr": "ms-urology – Part I Urology Training", "history_date": "2026-06-19T06:42:58.808109+00:00"}	\N	f	2026-06-19 06:42:58.811025+00	\N	\N
1394	delete	HistoricalProgramRotationRequirement:31			{"history_id": 31, "object_repr": "ms-urology:NEPH:4w", "history_date": "2026-06-19T06:42:58.816487+00:00"}	\N	f	2026-06-19 06:42:58.822336+00	\N	\N
1395	delete	HistoricalProgramRotationRequirement:32			{"history_id": 32, "object_repr": "ms-urology:RENAL_TX:8w", "history_date": "2026-06-19T06:42:58.823084+00:00"}	\N	f	2026-06-19 06:42:58.826311+00	\N	\N
1396	delete	HistoricalProgramRotationRequirement:33			{"history_id": 33, "object_repr": "ms-urology:URO:143w", "history_date": "2026-06-19T06:42:58.827016+00:00"}	\N	f	2026-06-19 06:42:58.830329+00	\N	\N
1397	delete	HistoricalProgramRotationRequirement:34			{"history_id": 34, "object_repr": "ms-urology:SURG:78w", "history_date": "2026-06-19T06:42:58.831059+00:00"}	\N	f	2026-06-19 06:42:58.834028+00	\N	\N
1398	delete	HistoricalProgramRotationRequirement:35			{"history_id": 35, "object_repr": "ms-urology:URO:26w", "history_date": "2026-06-19T06:42:58.834659+00:00"}	\N	f	2026-06-19 06:42:58.83762+00	\N	\N
1399	create	HistoricalProgramRotationTemplate:16			{"history_id": 16, "object_repr": "ms-urology – Part I Urology Training", "history_date": "2026-06-19T06:42:58.839566+00:00"}	\N	f	2026-06-19 06:42:58.840834+00	\N	\N
1400	create	HistoricalProgramRotationRequirement:36			{"history_id": 36, "object_repr": "ms-urology:URO:26w", "history_date": "2026-06-19T06:42:58.845910+00:00"}	\N	f	2026-06-19 06:42:58.847054+00	\N	\N
1401	create	HistoricalProgramRotationTemplate:17			{"history_id": 17, "object_repr": "ms-urology – Part II General Surgery Placement", "history_date": "2026-06-19T06:42:58.848436+00:00"}	\N	f	2026-06-19 06:42:58.849905+00	\N	\N
1402	create	HistoricalProgramRotationRequirement:37			{"history_id": 37, "object_repr": "ms-urology:SURG:78w", "history_date": "2026-06-19T06:42:58.854268+00:00"}	\N	f	2026-06-19 06:42:58.855412+00	\N	\N
1403	create	HistoricalProgramRotationTemplate:18			{"history_id": 18, "object_repr": "ms-urology – Part III Urology Core Training", "history_date": "2026-06-19T06:42:58.857090+00:00"}	\N	f	2026-06-19 06:42:58.858349+00	\N	\N
1404	create	HistoricalProgramRotationRequirement:38			{"history_id": 38, "object_repr": "ms-urology:URO:143w", "history_date": "2026-06-19T06:42:58.863263+00:00"}	\N	f	2026-06-19 06:42:58.865036+00	\N	\N
1405	create	HistoricalProgramRotationTemplate:19			{"history_id": 19, "object_repr": "ms-urology – Renal Transplantation Rotation", "history_date": "2026-06-19T06:42:58.866991+00:00"}	\N	f	2026-06-19 06:42:58.868412+00	\N	\N
1406	create	HistoricalProgramRotationRequirement:39			{"history_id": 39, "object_repr": "ms-urology:RENAL_TX:8w", "history_date": "2026-06-19T06:42:58.872396+00:00"}	\N	f	2026-06-19 06:42:58.873668+00	\N	\N
1407	create	HistoricalProgramRotationTemplate:20			{"history_id": 20, "object_repr": "ms-urology – Nephrology Rotation", "history_date": "2026-06-19T06:42:58.875426+00:00"}	\N	f	2026-06-19 06:42:58.876728+00	\N	\N
1408	create	HistoricalProgramRotationRequirement:40			{"history_id": 40, "object_repr": "ms-urology:NEPH:4w", "history_date": "2026-06-19T06:42:58.880546+00:00"}	\N	f	2026-06-19 06:42:58.881717+00	\N	\N
1409	update	HistoricalWorkshop:8			{"history_id": 8, "object_repr": "Communication Skills (comm-skills)", "history_date": "2026-06-19T06:42:58.885632+00:00"}	\N	f	2026-06-19 06:42:58.888459+00	\N	\N
1410	update	HistoricalWorkshop:9			{"history_id": 9, "object_repr": "Research Synopsis and Thesis Writing Skills (research-writing)", "history_date": "2026-06-19T06:42:58.891483+00:00"}	\N	f	2026-06-19 06:42:58.892613+00	\N	\N
1411	update	HistoricalWorkshop:10			{"history_id": 10, "object_repr": "Basic Biostatistics and Research Methodology (biostats-method)", "history_date": "2026-06-19T06:42:58.895206+00:00"}	\N	f	2026-06-19 06:42:58.896205+00	\N	\N
1412	update	HistoricalWorkshop:11			{"history_id": 11, "object_repr": "Information Technology Skills (it-skills)", "history_date": "2026-06-19T06:42:58.898767+00:00"}	\N	f	2026-06-19 06:42:58.900092+00	\N	\N
1413	update	HistoricalWorkshop:12			{"history_id": 12, "object_repr": "Initial Life Support / ILS (ils-support)", "history_date": "2026-06-19T06:42:58.902768+00:00"}	\N	f	2026-06-19 06:42:58.90405+00	\N	\N
1414	update	HistoricalWorkshop:13			{"history_id": 13, "object_repr": "Basic Surgical Skills (surgical-skills)", "history_date": "2026-06-19T06:42:58.907177+00:00"}	\N	f	2026-06-19 06:42:58.90833+00	\N	\N
1415	update	HistoricalProgramMilestone:49			{"history_id": 49, "object_repr": "ms-urology – Intermediate Membership (iMM)", "history_date": "2026-06-19T06:42:58.913012+00:00"}	\N	f	2026-06-19 06:42:58.91679+00	\N	\N
1416	update	HistoricalProgramMilestone:50			{"history_id": 50, "object_repr": "ms-urology – Final Examination", "history_date": "2026-06-19T06:42:58.919905+00:00"}	\N	f	2026-06-19 06:42:58.922312+00	\N	\N
1417	delete	HistoricalProgramMilestoneWorkshopRequirement:10			{"history_id": 10, "object_repr": "Workshop req: ms-urology – Intermediate Membership (iMM) — Basic Surgical Skills (surgical-skills) x1", "history_date": "2026-06-19T06:42:58.926378+00:00"}	\N	f	2026-06-19 06:42:58.931585+00	\N	\N
1418	delete	HistoricalProgramMilestoneWorkshopRequirement:11			{"history_id": 11, "object_repr": "Workshop req: ms-urology – Intermediate Membership (iMM) — Research Synopsis and Thesis Writing Skills (research-writing) x1", "history_date": "2026-06-19T06:42:58.932347+00:00"}	\N	f	2026-06-19 06:42:58.936105+00	\N	\N
1463	update	HistoricalUser:765			{"history_id": 765, "object_repr": "Pilot Admin (Admin)", "history_date": "2026-06-20T08:01:34.268283+00:00"}	\N	f	2026-06-20 08:01:34.710557+00	\N	\N
1419	delete	HistoricalProgramMilestoneWorkshopRequirement:12			{"history_id": 12, "object_repr": "Workshop req: ms-urology – Intermediate Membership (iMM) — Communication Skills (comm-skills) x1", "history_date": "2026-06-19T06:42:58.936762+00:00"}	\N	f	2026-06-19 06:42:58.940688+00	\N	\N
1420	create	HistoricalProgramMilestoneWorkshopRequirement:13			{"history_id": 13, "object_repr": "Workshop req: ms-urology – Intermediate Membership (iMM) — Communication Skills (comm-skills) x1", "history_date": "2026-06-19T06:42:58.942204+00:00"}	\N	f	2026-06-19 06:42:58.943273+00	\N	\N
1421	create	HistoricalProgramMilestoneWorkshopRequirement:14			{"history_id": 14, "object_repr": "Workshop req: ms-urology – Intermediate Membership (iMM) — Research Synopsis and Thesis Writing Skills (research-writing) x1", "history_date": "2026-06-19T06:42:58.944546+00:00"}	\N	f	2026-06-19 06:42:58.945576+00	\N	\N
1422	create	HistoricalProgramMilestoneWorkshopRequirement:15			{"history_id": 15, "object_repr": "Workshop req: ms-urology – Intermediate Membership (iMM) — Basic Surgical Skills (surgical-skills) x1", "history_date": "2026-06-19T06:42:58.946777+00:00"}	\N	f	2026-06-19 06:42:58.947838+00	\N	\N
1423	delete	HistoricalProgramMilestoneWorkshopRequirement:16			{"history_id": 16, "object_repr": "Workshop req: ms-urology – Final Examination — Basic Surgical Skills (surgical-skills) x1", "history_date": "2026-06-19T06:42:58.950429+00:00"}	\N	f	2026-06-19 06:42:58.954872+00	\N	\N
1424	delete	HistoricalProgramMilestoneWorkshopRequirement:17			{"history_id": 17, "object_repr": "Workshop req: ms-urology – Final Examination — Initial Life Support / ILS (ils-support) x1", "history_date": "2026-06-19T06:42:58.955613+00:00"}	\N	f	2026-06-19 06:42:58.960138+00	\N	\N
1425	delete	HistoricalProgramMilestoneWorkshopRequirement:18			{"history_id": 18, "object_repr": "Workshop req: ms-urology – Final Examination — Information Technology Skills (it-skills) x1", "history_date": "2026-06-19T06:42:58.961429+00:00"}	\N	f	2026-06-19 06:42:58.967608+00	\N	\N
1426	delete	HistoricalProgramMilestoneWorkshopRequirement:19			{"history_id": 19, "object_repr": "Workshop req: ms-urology – Final Examination — Basic Biostatistics and Research Methodology (biostats-method) x1", "history_date": "2026-06-19T06:42:58.968661+00:00"}	\N	f	2026-06-19 06:42:58.973039+00	\N	\N
1427	delete	HistoricalProgramMilestoneWorkshopRequirement:20			{"history_id": 20, "object_repr": "Workshop req: ms-urology – Final Examination — Research Synopsis and Thesis Writing Skills (research-writing) x1", "history_date": "2026-06-19T06:42:58.973797+00:00"}	\N	f	2026-06-19 06:42:58.977973+00	\N	\N
1428	delete	HistoricalProgramMilestoneWorkshopRequirement:21			{"history_id": 21, "object_repr": "Workshop req: ms-urology – Final Examination — Communication Skills (comm-skills) x1", "history_date": "2026-06-19T06:42:58.978707+00:00"}	\N	f	2026-06-19 06:42:58.982714+00	\N	\N
1429	create	HistoricalProgramMilestoneWorkshopRequirement:22			{"history_id": 22, "object_repr": "Workshop req: ms-urology – Final Examination — Communication Skills (comm-skills) x1", "history_date": "2026-06-19T06:42:58.984114+00:00"}	\N	f	2026-06-19 06:42:58.985225+00	\N	\N
1289	delete	HistoricalResidentTrainingRecord:132			{"history_id": 132, "object_repr": "E2E PG – E2E-FCPS", "history_date": "2026-06-04T19:44:45.504011+00:00"}	\N	f	2026-06-04 19:44:45.507578+00	\N	\N
1290	delete	HistoricalFlexibleImportAudit:7			{"history_id": 7, "object_repr": "residents import by E2E UTRMC Admin (UTRMC Admin) on 2026-05-30 21:49:07.193341+00:00", "history_date": "2026-06-04T19:44:45.837997+00:00"}	\N	f	2026-06-04 19:44:45.842893+00	\N	\N
1291	delete	HistoricalFlexibleImportAudit:8			{"history_id": 8, "object_repr": "residents import by E2E UTRMC Admin (UTRMC Admin) on 2026-05-30 14:27:01.290083+00:00", "history_date": "2026-06-04T19:44:45.843718+00:00"}	\N	f	2026-06-04 19:44:45.846515+00	\N	\N
1292	delete	HistoricalFlexibleImportAudit:9			{"history_id": 9, "object_repr": "residents import by E2E UTRMC Admin (UTRMC Admin) on 2026-05-30 06:30:45.325186+00:00", "history_date": "2026-06-04T19:44:45.847220+00:00"}	\N	f	2026-06-04 19:44:45.849849+00	\N	\N
1293	delete	HistoricalUser:728			{"history_id": 728, "object_repr": "Pilot Resident (Resident)", "history_date": "2026-06-04T19:44:45.851731+00:00"}	\N	f	2026-06-04 19:44:45.854335+00	\N	\N
1294	delete	HistoricalUser:729			{"history_id": 729, "object_repr": "Pilot PG (Postgraduate)", "history_date": "2026-06-04T19:44:45.855072+00:00"}	\N	f	2026-06-04 19:44:45.856539+00	\N	\N
1295	delete	HistoricalUser:730			{"history_id": 730, "object_repr": "Pilot UTRMC User (UTRMC User)", "history_date": "2026-06-04T19:44:45.857168+00:00"}	\N	f	2026-06-04 19:44:45.858474+00	\N	\N
1296	delete	HistoricalUser:731			{"history_id": 731, "object_repr": "Pilot UTRMC Admin (UTRMC Admin)", "history_date": "2026-06-04T19:44:45.859077+00:00"}	\N	f	2026-06-04 19:44:45.860434+00	\N	\N
1297	delete	HistoricalUser:732			{"history_id": 732, "object_repr": "Pilot Supervisor (Supervisor)", "history_date": "2026-06-04T19:44:45.861052+00:00"}	\N	f	2026-06-04 19:44:45.862353+00	\N	\N
1298	delete	HistoricalUser:733			{"history_id": 733, "object_repr": "Feature Negative (Postgraduate)", "history_date": "2026-06-04T19:44:45.862947+00:00"}	\N	f	2026-06-04 19:44:45.864243+00	\N	\N
1299	delete	HistoricalUser:734			{"history_id": 734, "object_repr": "Feature UTRMC Staff (UTRMC User)", "history_date": "2026-06-04T19:44:45.864943+00:00"}	\N	f	2026-06-04 19:44:45.866255+00	\N	\N
1300	delete	HistoricalUser:735			{"history_id": 735, "object_repr": "Feature UTRMC Admin (UTRMC Admin)", "history_date": "2026-06-04T19:44:45.866889+00:00"}	\N	f	2026-06-04 19:44:45.86827+00	\N	\N
1301	delete	HistoricalUser:736			{"history_id": 736, "object_repr": "Feature Resident (Postgraduate)", "history_date": "2026-06-04T19:44:45.869007+00:00"}	\N	f	2026-06-04 19:44:45.870364+00	\N	\N
1302	delete	HistoricalUser:737			{"history_id": 737, "object_repr": "Feature HOD (Supervisor)", "history_date": "2026-06-04T19:44:45.870949+00:00"}	\N	f	2026-06-04 19:44:45.885997+00	\N	\N
1303	delete	HistoricalUser:738			{"history_id": 738, "object_repr": "Feature Supervisor (Supervisor)", "history_date": "2026-06-04T19:44:45.887024+00:00"}	\N	f	2026-06-04 19:44:45.888701+00	\N	\N
1304	delete	HistoricalUser:739			{"history_id": 739, "object_repr": "E2E PG (Postgraduate)", "history_date": "2026-06-04T19:44:45.889465+00:00"}	\N	f	2026-06-04 19:44:45.890922+00	\N	\N
1305	delete	HistoricalUser:740			{"history_id": 740, "object_repr": "E2E Supervisor (Supervisor)", "history_date": "2026-06-04T19:44:45.891632+00:00"}	\N	f	2026-06-04 19:44:45.893045+00	\N	\N
1306	delete	HistoricalUser:741			{"history_id": 741, "object_repr": "E2E UTRMC Admin (UTRMC Admin)", "history_date": "2026-06-04T19:44:45.893684+00:00"}	\N	f	2026-06-04 19:44:45.894994+00	\N	\N
1307	delete	HistoricalUser:742			{"history_id": 742, "object_repr": "E2E UTRMC User (UTRMC User)", "history_date": "2026-06-04T19:44:45.895655+00:00"}	\N	f	2026-06-04 19:44:45.89692+00	\N	\N
1437	delete	HistoricalProgramMilestoneLogbookRequirement:13			{"history_id": 13, "object_repr": "Logbook req: ms-urology – Final Examination — Supervisor Feedback and Sign-off x0", "history_date": "2026-06-19T06:42:59.020336+00:00"}	\N	f	2026-06-19 06:42:59.028275+00	\N	\N
1438	delete	HistoricalProgramMilestoneLogbookRequirement:14			{"history_id": 14, "object_repr": "Logbook req: ms-urology – Final Examination — Research Activities x0", "history_date": "2026-06-19T06:42:59.311517+00:00"}	\N	f	2026-06-19 06:42:59.3167+00	\N	\N
1439	delete	HistoricalProgramMilestoneLogbookRequirement:15			{"history_id": 15, "object_repr": "Logbook req: ms-urology – Final Examination — Academic Activities x0", "history_date": "2026-06-19T06:42:59.317730+00:00"}	\N	f	2026-06-19 06:42:59.322013+00	\N	\N
1440	delete	HistoricalProgramMilestoneLogbookRequirement:16			{"history_id": 16, "object_repr": "Logbook req: ms-urology – Final Examination — Nephrology Rotation Activities x0", "history_date": "2026-06-19T06:42:59.323084+00:00"}	\N	f	2026-06-19 06:42:59.328385+00	\N	\N
1441	delete	HistoricalProgramMilestoneLogbookRequirement:17			{"history_id": 17, "object_repr": "Logbook req: ms-urology – Final Examination — Renal Transplantation Exposure x0", "history_date": "2026-06-19T06:42:59.329622+00:00"}	\N	f	2026-06-19 06:42:59.334928+00	\N	\N
1442	delete	HistoricalProgramMilestoneLogbookRequirement:18			{"history_id": 18, "object_repr": "Logbook req: ms-urology – Final Examination — Therapeutic Technology Exposure x0", "history_date": "2026-06-19T06:42:59.335763+00:00"}	\N	f	2026-06-19 06:42:59.339427+00	\N	\N
1443	delete	HistoricalProgramMilestoneLogbookRequirement:19			{"history_id": 19, "object_repr": "Logbook req: ms-urology – Final Examination — Open Surgical Procedures x0", "history_date": "2026-06-19T06:42:59.340376+00:00"}	\N	f	2026-06-19 06:42:59.344651+00	\N	\N
1444	delete	HistoricalProgramMilestoneLogbookRequirement:20			{"history_id": 20, "object_repr": "Logbook req: ms-urology – Final Examination — Endoscopic Procedures x0", "history_date": "2026-06-19T06:42:59.345593+00:00"}	\N	f	2026-06-19 06:42:59.349769+00	\N	\N
1445	delete	HistoricalProgramMilestoneLogbookRequirement:21			{"history_id": 21, "object_repr": "Logbook req: ms-urology – Final Examination — Basic Urological Procedures x0", "history_date": "2026-06-19T06:42:59.350613+00:00"}	\N	f	2026-06-19 06:42:59.354589+00	\N	\N
1446	delete	HistoricalProgramMilestoneLogbookRequirement:22			{"history_id": 22, "object_repr": "Logbook req: ms-urology – Final Examination — Diagnostic Skills x0", "history_date": "2026-06-19T06:42:59.355494+00:00"}	\N	f	2026-06-19 06:42:59.359334+00	\N	\N
1447	delete	HistoricalProgramMilestoneLogbookRequirement:23			{"history_id": 23, "object_repr": "Logbook req: ms-urology – Final Examination — Emergency Urology x0", "history_date": "2026-06-19T06:42:59.360141+00:00"}	\N	f	2026-06-19 06:42:59.36411+00	\N	\N
1448	delete	HistoricalProgramMilestoneLogbookRequirement:24			{"history_id": 24, "object_repr": "Logbook req: ms-urology – Final Examination — OPD and Ward Clinical Work x0", "history_date": "2026-06-19T06:42:59.364915+00:00"}	\N	f	2026-06-19 06:42:59.368868+00	\N	\N
1449	create	HistoricalProgramMilestoneLogbookRequirement:25			{"history_id": 25, "object_repr": "Logbook req: ms-urology – Final Examination — OPD and Ward Clinical Work x0", "history_date": "2026-06-19T06:42:59.371090+00:00"}	\N	f	2026-06-19 06:42:59.372719+00	\N	\N
1450	create	HistoricalProgramMilestoneLogbookRequirement:26			{"history_id": 26, "object_repr": "Logbook req: ms-urology – Final Examination — Emergency Urology x0", "history_date": "2026-06-19T06:42:59.374332+00:00"}	\N	f	2026-06-19 06:42:59.375518+00	\N	\N
1451	create	HistoricalProgramMilestoneLogbookRequirement:27			{"history_id": 27, "object_repr": "Logbook req: ms-urology – Final Examination — Diagnostic Skills x0", "history_date": "2026-06-19T06:42:59.377335+00:00"}	\N	f	2026-06-19 06:42:59.37876+00	\N	\N
1452	create	HistoricalProgramMilestoneLogbookRequirement:28			{"history_id": 28, "object_repr": "Logbook req: ms-urology – Final Examination — Basic Urological Procedures x0", "history_date": "2026-06-19T06:42:59.380296+00:00"}	\N	f	2026-06-19 06:42:59.381506+00	\N	\N
1453	create	HistoricalProgramMilestoneLogbookRequirement:29			{"history_id": 29, "object_repr": "Logbook req: ms-urology – Final Examination — Endoscopic Procedures x0", "history_date": "2026-06-19T06:42:59.382933+00:00"}	\N	f	2026-06-19 06:42:59.384093+00	\N	\N
1454	create	HistoricalProgramMilestoneLogbookRequirement:30			{"history_id": 30, "object_repr": "Logbook req: ms-urology – Final Examination — Open Surgical Procedures x0", "history_date": "2026-06-19T06:42:59.385406+00:00"}	\N	f	2026-06-19 06:42:59.386489+00	\N	\N
1455	create	HistoricalProgramMilestoneLogbookRequirement:31			{"history_id": 31, "object_repr": "Logbook req: ms-urology – Final Examination — Therapeutic Technology Exposure x0", "history_date": "2026-06-19T06:42:59.387900+00:00"}	\N	f	2026-06-19 06:42:59.389181+00	\N	\N
1456	create	HistoricalProgramMilestoneLogbookRequirement:32			{"history_id": 32, "object_repr": "Logbook req: ms-urology – Final Examination — Renal Transplantation Exposure x0", "history_date": "2026-06-19T06:42:59.390537+00:00"}	\N	f	2026-06-19 06:42:59.391605+00	\N	\N
1457	create	HistoricalProgramMilestoneLogbookRequirement:33			{"history_id": 33, "object_repr": "Logbook req: ms-urology – Final Examination — Nephrology Rotation Activities x0", "history_date": "2026-06-19T06:42:59.392818+00:00"}	\N	f	2026-06-19 06:42:59.393806+00	\N	\N
1458	create	HistoricalProgramMilestoneLogbookRequirement:34			{"history_id": 34, "object_repr": "Logbook req: ms-urology – Final Examination — Academic Activities x0", "history_date": "2026-06-19T06:42:59.394991+00:00"}	\N	f	2026-06-19 06:42:59.396003+00	\N	\N
1459	create	HistoricalProgramMilestoneLogbookRequirement:35			{"history_id": 35, "object_repr": "Logbook req: ms-urology – Final Examination — Research Activities x0", "history_date": "2026-06-19T06:42:59.397142+00:00"}	\N	f	2026-06-19 06:42:59.39812+00	\N	\N
1460	create	HistoricalProgramMilestoneLogbookRequirement:36			{"history_id": 36, "object_repr": "Logbook req: ms-urology – Final Examination — Supervisor Feedback and Sign-off x0", "history_date": "2026-06-19T06:42:59.399363+00:00"}	\N	f	2026-06-19 06:42:59.400434+00	\N	\N
1461	delete	HistoricalLogbookThresholdConfig:42			{"history_id": 42, "object_repr": "MS Urology Per Rotation Minimums (PER_ROTATION)", "history_date": "2026-06-19T06:43:00.731446+00:00"}	\N	f	2026-06-19 06:43:00.734756+00	\N	\N
1462	create	HistoricalLogbookThresholdConfig:43			{"history_id": 43, "object_repr": "MS Urology Per Rotation Minimums (PER_ROTATION)", "history_date": "2026-06-19T06:43:00.736800+00:00"}	\N	f	2026-06-19 06:43:00.738129+00	\N	\N
1464	create	HistoricalFlexibleImportAudit:10			{"history_id": 10, "object_repr": "residents import by Pilot Admin (Admin) on 2026-06-20 08:11:39.547535+00:00", "history_date": "2026-06-20T08:11:39.809775+00:00"}	\N	f	2026-06-20 08:11:40.03245+00	1	\N
1465	update	HistoricalFlexibleImportAudit:11			{"history_id": 11, "object_repr": "residents import by Pilot Admin (Admin) on 2026-06-20 08:11:39.547535+00:00", "history_date": "2026-06-20T08:11:40.048311+00:00"}	\N	f	2026-06-20 08:11:40.051071+00	1	\N
1467	create	HistoricalUser:767			{"history_id": 767, "object_repr": "resident resident (Resident)", "history_date": "2026-06-20T20:13:58.004408+00:00"}	\N	f	2026-06-20 20:13:58.126347+00	1	\N
1468	create	HistoricalUser:768			{"history_id": 768, "object_repr": "supervisor test (Supervisor)", "history_date": "2026-06-20T20:14:29.520251+00:00"}	\N	f	2026-06-20 20:14:29.526042+00	1	\N
1469	create	HistoricalUser:769			{"history_id": 769, "object_repr": "supervisor supervisor (Supervisor)", "history_date": "2026-06-20T20:15:15.623332+00:00"}	\N	f	2026-06-20 20:15:15.626827+00	1	\N
1470	update	HistoricalUser:770			{"history_id": 770, "object_repr": "FATIMA RIAZ (Resident)", "history_date": "2026-06-20T20:22:35.062178+00:00"}	\N	f	2026-06-20 20:22:35.193563+00	1	\N
1471	update	HistoricalUser:771			{"history_id": 771, "object_repr": "FATIMA RIAZ (Resident)", "history_date": "2026-06-20T20:22:35.516230+00:00"}	\N	f	2026-06-20 20:22:35.518113+00	1	\N
1472	update	HistoricalUser:772			{"history_id": 772, "object_repr": "Zaineb (Resident)", "history_date": "2026-06-20T20:23:37.227491+00:00"}	\N	f	2026-06-20 20:23:37.229818+00	1	\N
1473	update	HistoricalUser:773			{"history_id": 773, "object_repr": "SYED ALI ARSHED (Resident)", "history_date": "2026-06-20T20:23:37.241002+00:00"}	\N	f	2026-06-20 20:23:37.268521+00	1	\N
1474	update	HistoricalUser:774			{"history_id": 774, "object_repr": "Farhan Ali (Resident)", "history_date": "2026-06-20T20:23:37.281057+00:00"}	\N	f	2026-06-20 20:23:37.282739+00	1	\N
1475	update	HistoricalUser:775			{"history_id": 775, "object_repr": "Areeb Amjad (Resident)", "history_date": "2026-06-20T20:23:37.292364+00:00"}	\N	f	2026-06-20 20:23:37.293903+00	1	\N
1476	update	HistoricalUser:776			{"history_id": 776, "object_repr": "Dr.Bullawel Arshad (Resident)", "history_date": "2026-06-20T20:23:37.303852+00:00"}	\N	f	2026-06-20 20:23:37.305623+00	1	\N
1477	update	HistoricalUser:777			{"history_id": 777, "object_repr": "Muhammad Haris Jamil (Resident)", "history_date": "2026-06-20T20:23:37.315311+00:00"}	\N	f	2026-06-20 20:23:37.317242+00	1	\N
1478	update	HistoricalUser:778			{"history_id": 778, "object_repr": "Faraz Khalid (Resident)", "history_date": "2026-06-20T20:23:37.326662+00:00"}	\N	f	2026-06-20 20:23:37.328364+00	1	\N
1479	update	HistoricalUser:779			{"history_id": 779, "object_repr": "Manahil Khalil (Resident)", "history_date": "2026-06-20T20:23:37.338316+00:00"}	\N	f	2026-06-20 20:23:37.33992+00	1	\N
1480	update	HistoricalUser:780			{"history_id": 780, "object_repr": "Muhammad Muzammil (Resident)", "history_date": "2026-06-20T20:23:37.349222+00:00"}	\N	f	2026-06-20 20:23:37.350787+00	1	\N
1481	update	HistoricalUser:781			{"history_id": 781, "object_repr": "FATIMA RIAZ (Resident)", "history_date": "2026-06-20T20:23:37.359905+00:00"}	\N	f	2026-06-20 20:23:37.361449+00	1	\N
1482	update	HistoricalUser:782			{"history_id": 782, "object_repr": "Muhammad Asad Shabbir (Resident)", "history_date": "2026-06-20T20:23:37.371141+00:00"}	\N	f	2026-06-20 20:23:37.372829+00	1	\N
1483	update	HistoricalUser:783			{"history_id": 783, "object_repr": "syed ali haziq (Resident)", "history_date": "2026-06-20T20:23:37.381969+00:00"}	\N	f	2026-06-20 20:23:37.383573+00	1	\N
1484	update	HistoricalUser:784			{"history_id": 784, "object_repr": "resident resident (Resident)", "history_date": "2026-06-20T20:23:37.392141+00:00"}	\N	f	2026-06-20 20:23:37.393834+00	1	\N
1485	update	HistoricalUser:785			{"history_id": 785, "object_repr": "Muhammad usman (Resident)", "history_date": "2026-06-20T20:23:37.403997+00:00"}	\N	f	2026-06-20 20:23:37.406205+00	1	\N
1486	update	HistoricalUser:786			{"history_id": 786, "object_repr": "Zaineb (Resident)", "history_date": "2026-06-20T20:23:42.836329+00:00"}	\N	f	2026-06-20 20:23:42.843925+00	1	\N
1487	update	HistoricalUser:787			{"history_id": 787, "object_repr": "Zaineb (Resident)", "history_date": "2026-06-20T20:23:42.862020+00:00"}	\N	f	2026-06-20 20:23:42.863874+00	1	\N
1488	update	HistoricalUser:788			{"history_id": 788, "object_repr": "Zaineb (Resident)", "history_date": "2026-06-20T20:23:43.133053+00:00"}	\N	f	2026-06-20 20:23:43.135148+00	1	\N
1489	update	HistoricalUser:789			{"history_id": 789, "object_repr": "Zaineb (Resident)", "history_date": "2026-06-20T20:23:43.397530+00:00"}	\N	f	2026-06-20 20:23:43.399983+00	1	\N
1490	update	HistoricalUser:790			{"history_id": 790, "object_repr": "SYED ALI ARSHED (Resident)", "history_date": "2026-06-20T20:23:43.410515+00:00"}	\N	f	2026-06-20 20:23:43.412239+00	1	\N
1491	update	HistoricalUser:791			{"history_id": 791, "object_repr": "Farhan Ali (Resident)", "history_date": "2026-06-20T20:23:43.423039+00:00"}	\N	f	2026-06-20 20:23:43.424674+00	1	\N
1492	update	HistoricalUser:792			{"history_id": 792, "object_repr": "Areeb Amjad (Resident)", "history_date": "2026-06-20T20:23:43.435463+00:00"}	\N	f	2026-06-20 20:23:43.437543+00	1	\N
1493	update	HistoricalUser:793			{"history_id": 793, "object_repr": "Dr.Bullawel Arshad (Resident)", "history_date": "2026-06-20T20:23:43.451514+00:00"}	\N	f	2026-06-20 20:23:43.453448+00	1	\N
1494	update	HistoricalUser:794			{"history_id": 794, "object_repr": "Muhammad Haris Jamil (Resident)", "history_date": "2026-06-20T20:23:43.465095+00:00"}	\N	f	2026-06-20 20:23:43.467144+00	1	\N
1495	update	HistoricalUser:795			{"history_id": 795, "object_repr": "Faraz Khalid (Resident)", "history_date": "2026-06-20T20:23:43.477057+00:00"}	\N	f	2026-06-20 20:23:43.478919+00	1	\N
1496	update	HistoricalUser:796			{"history_id": 796, "object_repr": "Manahil Khalil (Resident)", "history_date": "2026-06-20T20:23:43.489023+00:00"}	\N	f	2026-06-20 20:23:43.490743+00	1	\N
1497	update	HistoricalUser:797			{"history_id": 797, "object_repr": "Muhammad Muzammil (Resident)", "history_date": "2026-06-20T20:23:43.501207+00:00"}	\N	f	2026-06-20 20:23:43.50308+00	1	\N
1498	update	HistoricalUser:798			{"history_id": 798, "object_repr": "FATIMA RIAZ (Resident)", "history_date": "2026-06-20T20:23:43.514019+00:00"}	\N	f	2026-06-20 20:23:43.515778+00	1	\N
1499	update	HistoricalUser:799			{"history_id": 799, "object_repr": "Muhammad Asad Shabbir (Resident)", "history_date": "2026-06-20T20:23:43.525516+00:00"}	\N	f	2026-06-20 20:23:43.527266+00	1	\N
1500	update	HistoricalUser:800			{"history_id": 800, "object_repr": "syed ali haziq (Resident)", "history_date": "2026-06-20T20:23:43.536818+00:00"}	\N	f	2026-06-20 20:23:43.538658+00	1	\N
1501	update	HistoricalUser:801			{"history_id": 801, "object_repr": "resident resident (Resident)", "history_date": "2026-06-20T20:23:43.546276+00:00"}	\N	f	2026-06-20 20:23:43.547924+00	1	\N
1502	update	HistoricalUser:802			{"history_id": 802, "object_repr": "Muhammad usman (Resident)", "history_date": "2026-06-20T20:23:43.557525+00:00"}	\N	f	2026-06-20 20:23:43.559242+00	1	\N
1503	update	HistoricalUser:803			{"history_id": 803, "object_repr": "Zaineb (Resident)", "history_date": "2026-06-20T20:23:46.123584+00:00"}	\N	f	2026-06-20 20:23:46.125597+00	1	\N
1504	update	HistoricalUser:804			{"history_id": 804, "object_repr": "SYED ALI ARSHED (Resident)", "history_date": "2026-06-20T20:23:46.136879+00:00"}	\N	f	2026-06-20 20:23:46.138649+00	1	\N
1505	update	HistoricalUser:805			{"history_id": 805, "object_repr": "Farhan Ali (Resident)", "history_date": "2026-06-20T20:23:46.149501+00:00"}	\N	f	2026-06-20 20:23:46.151441+00	1	\N
1506	update	HistoricalUser:806			{"history_id": 806, "object_repr": "Areeb Amjad (Resident)", "history_date": "2026-06-20T20:23:46.165485+00:00"}	\N	f	2026-06-20 20:23:46.167822+00	1	\N
1507	update	HistoricalUser:807			{"history_id": 807, "object_repr": "Dr.Bullawel Arshad (Resident)", "history_date": "2026-06-20T20:23:46.178407+00:00"}	\N	f	2026-06-20 20:23:46.180488+00	1	\N
1508	update	HistoricalUser:808			{"history_id": 808, "object_repr": "Muhammad Haris Jamil (Resident)", "history_date": "2026-06-20T20:23:46.191049+00:00"}	\N	f	2026-06-20 20:23:46.192682+00	1	\N
1509	update	HistoricalUser:809			{"history_id": 809, "object_repr": "Faraz Khalid (Resident)", "history_date": "2026-06-20T20:23:46.202873+00:00"}	\N	f	2026-06-20 20:23:46.204746+00	1	\N
1510	update	HistoricalUser:810			{"history_id": 810, "object_repr": "Manahil Khalil (Resident)", "history_date": "2026-06-20T20:23:46.215670+00:00"}	\N	f	2026-06-20 20:23:46.217508+00	1	\N
1511	update	HistoricalUser:811			{"history_id": 811, "object_repr": "Muhammad Muzammil (Resident)", "history_date": "2026-06-20T20:23:46.228125+00:00"}	\N	f	2026-06-20 20:23:46.230061+00	1	\N
1512	update	HistoricalUser:812			{"history_id": 812, "object_repr": "FATIMA RIAZ (Resident)", "history_date": "2026-06-20T20:23:46.241428+00:00"}	\N	f	2026-06-20 20:23:46.243333+00	1	\N
1513	update	HistoricalUser:813			{"history_id": 813, "object_repr": "Muhammad Asad Shabbir (Resident)", "history_date": "2026-06-20T20:23:46.254218+00:00"}	\N	f	2026-06-20 20:23:46.256093+00	1	\N
1514	update	HistoricalUser:814			{"history_id": 814, "object_repr": "syed ali haziq (Resident)", "history_date": "2026-06-20T20:23:46.266572+00:00"}	\N	f	2026-06-20 20:23:46.268415+00	1	\N
1515	update	HistoricalUser:815			{"history_id": 815, "object_repr": "resident resident (Resident)", "history_date": "2026-06-20T20:23:46.276906+00:00"}	\N	f	2026-06-20 20:23:46.27861+00	1	\N
1516	update	HistoricalUser:816			{"history_id": 816, "object_repr": "Muhammad usman (Resident)", "history_date": "2026-06-20T20:23:46.290015+00:00"}	\N	f	2026-06-20 20:23:46.292119+00	1	\N
1517	update	HistoricalUser:817			{"history_id": 817, "object_repr": "resident resident (Resident)", "history_date": "2026-06-20T20:24:19.238401+00:00"}	\N	f	2026-06-20 20:24:19.241846+00	1	\N
1518	update	HistoricalUser:818			{"history_id": 818, "object_repr": "resident resident (Resident)", "history_date": "2026-06-20T20:24:19.253144+00:00"}	\N	f	2026-06-20 20:24:19.254727+00	1	\N
1519	update	HistoricalUser:819			{"history_id": 819, "object_repr": "Pilot Admin (Admin)", "history_date": "2026-06-20T20:24:42.056707+00:00"}	\N	f	2026-06-20 20:24:42.062173+00	1	\N
1520	update	HistoricalUser:820			{"history_id": 820, "object_repr": "resident resident (Resident)", "history_date": "2026-06-20T20:25:31.276586+00:00"}	\N	f	2026-06-20 20:25:31.283056+00	\N	\N
1521	update	HistoricalUser:821			{"history_id": 821, "object_repr": "Pilot Admin (Admin)", "history_date": "2026-06-20T20:41:01.659533+00:00"}	\N	f	2026-06-20 20:41:01.6666+00	\N	\N
1522	update	HistoricalUser:822			{"history_id": 822, "object_repr": "Pilot Admin (Admin)", "history_date": "2026-06-20T20:50:01.241562+00:00"}	\N	f	2026-06-20 20:50:01.370509+00	\N	\N
1523	update	HistoricalUser:823			{"history_id": 823, "object_repr": "Pilot Admin (Admin)", "history_date": "2026-06-20T22:28:55.097817+00:00"}	\N	f	2026-06-20 22:28:55.159084+00	\N	\N
1524	update	HistoricalUser:824			{"history_id": 824, "object_repr": "Pilot Admin (Admin)", "history_date": "2026-06-20T23:30:34.048242+00:00"}	\N	f	2026-06-20 23:30:34.056999+00	\N	\N
1525	update	HistoricalUser:825			{"history_id": 825, "object_repr": "Pilot Admin (Admin)", "history_date": "2026-06-20T23:30:41.664922+00:00"}	\N	f	2026-06-20 23:30:41.669159+00	\N	\N
1526	update	HistoricalUser:826			{"history_id": 826, "object_repr": "Pilot Admin (Admin)", "history_date": "2026-06-20T23:31:03.158072+00:00"}	\N	f	2026-06-20 23:31:03.164931+00	\N	\N
1527	update	HistoricalUser:827			{"history_id": 827, "object_repr": "Pilot Admin (Admin)", "history_date": "2026-06-21T00:12:47.568907+00:00"}	\N	f	2026-06-21 00:12:47.596078+00	\N	\N
\.


--
-- Data for Name: audit_auditreport; Type: TABLE DATA; Schema: public; Owner: sims_user
--

COPY public.audit_auditreport (id, start, "end", generated_at, payload, created_by_id) FROM stdin;
\.


--
-- Data for Name: audit_historicalauditreport; Type: TABLE DATA; Schema: public; Owner: sims_user
--

COPY public.audit_historicalauditreport (id, start, "end", generated_at, payload, history_id, history_date, history_change_reason, history_type, created_by_id, history_user_id) FROM stdin;
\.


--
-- Data for Name: auth_group; Type: TABLE DATA; Schema: public; Owner: sims_user
--

COPY public.auth_group (id, name) FROM stdin;
1	admin
2	utrmc_admin
3	supervisor
4	resident
5	pg
6	hod
7	superadmin
\.


--
-- Data for Name: auth_group_permissions; Type: TABLE DATA; Schema: public; Owner: sims_user
--

COPY public.auth_group_permissions (id, group_id, permission_id) FROM stdin;
1	1	1
2	1	2
3	1	3
4	1	4
5	1	5
6	1	6
7	1	7
8	1	8
9	1	9
10	1	10
11	1	11
12	1	12
13	1	13
14	1	14
15	1	15
16	1	16
17	1	17
18	1	18
19	1	19
20	1	20
21	1	21
22	1	22
23	1	23
24	1	24
25	1	25
26	1	26
27	1	27
28	1	28
29	1	29
30	1	30
31	1	31
32	1	32
33	1	33
34	1	34
35	1	35
36	1	36
37	1	37
38	1	38
39	1	39
40	1	40
41	1	41
42	1	42
43	1	43
44	1	44
45	1	45
46	1	46
47	1	47
48	1	48
49	1	49
50	1	50
51	1	51
52	1	52
53	1	53
54	1	54
55	1	55
56	1	56
57	1	57
58	1	58
59	1	59
60	1	60
61	1	61
62	1	62
63	1	63
64	1	64
65	1	65
66	1	66
67	1	67
68	1	68
69	1	69
70	1	70
71	1	71
72	1	72
73	1	73
74	1	74
75	1	75
76	1	76
77	1	77
78	1	78
79	1	79
80	1	80
81	1	81
82	1	82
83	1	83
84	1	84
85	1	85
86	1	86
87	1	87
88	1	88
89	1	89
90	1	90
91	1	91
92	1	92
93	1	93
94	1	94
95	1	95
96	1	96
97	1	97
98	1	98
99	1	99
100	1	100
101	1	101
102	1	102
103	1	103
104	1	104
105	1	105
106	1	106
107	1	107
108	1	108
109	1	109
110	1	110
111	1	111
112	1	112
113	1	113
114	1	114
115	1	115
116	1	116
117	1	117
118	1	118
119	1	119
120	1	120
121	1	121
122	1	122
123	1	123
124	1	124
125	1	125
126	1	126
127	1	127
128	1	128
129	1	129
130	1	130
131	1	131
132	1	132
133	1	133
134	1	134
135	1	135
136	1	136
137	1	137
138	1	138
139	1	139
140	1	140
141	1	141
142	1	142
143	1	143
144	1	144
145	1	145
146	1	146
147	1	147
148	1	148
149	1	149
150	1	150
151	1	151
152	1	152
153	1	153
154	1	154
155	1	155
156	1	156
157	1	157
158	1	158
159	1	159
160	1	160
161	1	161
162	1	162
163	1	163
164	1	164
165	1	165
166	1	166
167	1	167
168	1	168
169	1	169
170	1	170
171	1	171
172	1	172
173	1	173
174	1	174
175	1	175
176	1	176
177	1	177
178	1	178
179	1	179
180	1	180
181	1	181
182	1	182
183	1	183
184	1	184
185	1	185
186	1	186
187	1	187
188	1	188
189	1	189
190	1	190
191	1	191
192	1	192
193	1	193
194	1	194
195	1	195
196	1	196
197	1	197
198	1	198
199	1	199
200	1	200
201	1	201
202	1	202
203	1	203
204	1	204
205	1	205
206	1	206
207	1	207
208	1	208
209	1	209
210	1	210
211	1	211
212	1	212
213	1	213
214	1	214
215	1	215
216	1	216
217	1	217
218	1	218
219	1	219
220	1	220
221	1	221
222	1	222
223	1	223
224	1	224
225	1	225
226	1	226
227	1	227
228	1	228
229	1	229
230	1	230
231	1	231
232	1	232
233	1	233
234	1	234
235	1	235
236	1	236
237	1	237
238	1	238
239	1	239
240	1	240
241	1	241
242	1	242
243	1	243
244	1	244
245	1	245
246	1	246
247	1	247
248	1	248
249	1	249
250	1	250
251	1	251
252	1	252
253	1	253
254	1	254
255	1	255
256	1	256
257	1	257
258	1	258
259	1	259
260	1	260
261	1	261
262	1	262
263	1	263
264	1	264
265	1	265
266	1	266
267	1	267
268	1	268
269	1	269
270	1	270
271	1	271
272	1	272
273	1	273
274	1	274
275	1	275
276	1	276
277	1	277
278	1	278
279	1	279
280	1	280
281	1	281
282	1	282
283	1	283
284	1	284
285	1	285
286	1	286
287	1	287
288	1	288
289	1	289
290	1	290
291	1	291
292	1	292
293	1	293
294	1	294
295	1	295
296	1	296
297	1	297
298	1	298
299	1	299
300	1	300
301	1	301
302	1	302
303	1	303
304	1	304
305	1	305
306	1	306
307	1	307
308	1	308
309	1	309
310	1	310
311	1	311
312	1	312
313	1	313
314	1	314
315	1	315
316	1	316
317	1	317
318	1	318
319	1	319
320	1	320
321	1	321
322	1	322
323	1	323
324	1	324
325	1	325
326	1	326
327	1	327
328	1	328
329	1	329
330	1	330
331	1	331
332	1	332
333	1	333
334	1	334
335	1	335
336	1	336
337	1	337
338	1	338
339	1	339
340	1	340
341	1	341
342	1	342
343	1	343
344	1	344
345	1	345
346	1	346
347	1	347
348	1	348
349	1	349
350	1	350
351	1	351
352	1	352
353	1	353
354	1	354
355	1	355
356	1	356
357	7	1
358	7	2
359	7	3
360	7	4
361	7	5
362	7	6
363	7	7
364	7	8
365	7	9
366	7	10
367	7	11
368	7	12
369	7	13
370	7	14
371	7	15
372	7	16
373	7	17
374	7	18
375	7	19
376	7	20
377	7	21
378	7	22
379	7	23
380	7	24
381	7	25
382	7	26
383	7	27
384	7	28
385	7	29
386	7	30
387	7	31
388	7	32
389	7	33
390	7	34
391	7	35
392	7	36
393	7	37
394	7	38
395	7	39
396	7	40
397	7	41
398	7	42
399	7	43
400	7	44
401	7	45
402	7	46
403	7	47
404	7	48
405	7	49
406	7	50
407	7	51
408	7	52
409	7	53
410	7	54
411	7	55
412	7	56
413	7	57
414	7	58
415	7	59
416	7	60
417	7	61
418	7	62
419	7	63
420	7	64
421	7	65
422	7	66
423	7	67
424	7	68
425	7	69
426	7	70
427	7	71
428	7	72
429	7	73
430	7	74
431	7	75
432	7	76
433	7	77
434	7	78
435	7	79
436	7	80
437	7	81
438	7	82
439	7	83
440	7	84
441	7	85
442	7	86
443	7	87
444	7	88
445	7	89
446	7	90
447	7	91
448	7	92
449	7	93
450	7	94
451	7	95
452	7	96
453	7	97
454	7	98
455	7	99
456	7	100
457	7	101
458	7	102
459	7	103
460	7	104
461	7	105
462	7	106
463	7	107
464	7	108
465	7	109
466	7	110
467	7	111
468	7	112
469	7	113
470	7	114
471	7	115
472	7	116
473	7	117
474	7	118
475	7	119
476	7	120
477	7	121
478	7	122
479	7	123
480	7	124
481	7	125
482	7	126
483	7	127
484	7	128
485	7	129
486	7	130
487	7	131
488	7	132
489	7	133
490	7	134
491	7	135
492	7	136
493	7	137
494	7	138
495	7	139
496	7	140
497	7	141
498	7	142
499	7	143
500	7	144
501	7	145
502	7	146
503	7	147
504	7	148
505	7	149
506	7	150
507	7	151
508	7	152
509	7	153
510	7	154
511	7	155
512	7	156
513	7	157
514	7	158
515	7	159
516	7	160
517	7	161
518	7	162
519	7	163
520	7	164
521	7	165
522	7	166
523	7	167
524	7	168
525	7	169
526	7	170
527	7	171
528	7	172
529	7	173
530	7	174
531	7	175
532	7	176
533	7	177
534	7	178
535	7	179
536	7	180
537	7	181
538	7	182
539	7	183
540	7	184
541	7	185
542	7	186
543	7	187
544	7	188
545	7	189
546	7	190
547	7	191
548	7	192
549	7	193
550	7	194
551	7	195
552	7	196
553	7	197
554	7	198
555	7	199
556	7	200
557	7	201
558	7	202
559	7	203
560	7	204
561	7	205
562	7	206
563	7	207
564	7	208
565	7	209
566	7	210
567	7	211
568	7	212
569	7	213
570	7	214
571	7	215
572	7	216
573	7	217
574	7	218
575	7	219
576	7	220
577	7	221
578	7	222
579	7	223
580	7	224
581	7	225
582	7	226
583	7	227
584	7	228
585	7	229
586	7	230
587	7	231
588	7	232
589	7	233
590	7	234
591	7	235
592	7	236
593	7	237
594	7	238
595	7	239
596	7	240
597	7	241
598	7	242
599	7	243
600	7	244
601	7	245
602	7	246
603	7	247
604	7	248
605	7	249
606	7	250
607	7	251
608	7	252
609	7	253
610	7	254
611	7	255
612	7	256
613	7	257
614	7	258
615	7	259
616	7	260
617	7	261
618	7	262
619	7	263
620	7	264
621	7	265
622	7	266
623	7	267
624	7	268
625	7	269
626	7	270
627	7	271
628	7	272
629	7	273
630	7	274
631	7	275
632	7	276
633	7	277
634	7	278
635	7	279
636	7	280
637	7	281
638	7	282
639	7	283
640	7	284
641	7	285
642	7	286
643	7	287
644	7	288
645	7	289
646	7	290
647	7	291
648	7	292
649	7	293
650	7	294
651	7	295
652	7	296
653	7	297
654	7	298
655	7	299
656	7	300
657	7	301
658	7	302
659	7	303
660	7	304
661	7	305
662	7	306
663	7	307
664	7	308
665	7	309
666	7	310
667	7	311
668	7	312
669	7	313
670	7	314
671	7	315
672	7	316
673	7	317
674	7	318
675	7	319
676	7	320
677	7	321
678	7	322
679	7	323
680	7	324
681	7	325
682	7	326
683	7	327
684	7	328
685	7	329
686	7	330
687	7	331
688	7	332
689	7	333
690	7	334
691	7	335
692	7	336
693	7	337
694	7	338
695	7	339
696	7	340
697	7	341
698	7	342
699	7	343
700	7	344
701	7	345
702	7	346
703	7	347
704	7	348
705	7	349
706	7	350
707	7	351
708	7	352
709	7	353
710	7	354
711	7	355
712	7	356
713	7	357
714	7	358
715	7	359
716	7	360
717	7	361
718	7	362
719	7	363
720	7	364
721	7	365
722	7	366
723	7	367
724	7	368
725	7	369
726	7	370
727	7	371
728	7	372
729	7	373
730	7	374
731	7	375
732	7	376
733	7	377
734	7	378
735	7	379
736	7	380
737	7	381
738	7	382
739	7	383
740	7	384
741	7	385
742	7	386
743	7	387
744	7	388
745	7	389
746	7	390
747	7	391
748	7	392
\.


--
-- Data for Name: auth_permission; Type: TABLE DATA; Schema: public; Owner: sims_user
--

COPY public.auth_permission (id, name, content_type_id, codename) FROM stdin;
1	Can add log entry	1	add_logentry
2	Can change log entry	1	change_logentry
3	Can delete log entry	1	delete_logentry
4	Can view log entry	1	view_logentry
5	Can add permission	2	add_permission
6	Can change permission	2	change_permission
7	Can delete permission	2	delete_permission
8	Can view permission	2	view_permission
9	Can add group	3	add_group
10	Can change group	3	change_group
11	Can delete group	3	delete_group
12	Can view group	3	view_group
13	Can add content type	4	add_contenttype
14	Can change content type	4	change_contenttype
15	Can delete content type	4	delete_contenttype
16	Can view content type	4	view_contenttype
17	Can add session	5	add_session
18	Can change session	5	change_session
19	Can delete session	5	delete_session
20	Can view session	5	view_session
21	Can add crontab	6	add_crontabschedule
22	Can change crontab	6	change_crontabschedule
23	Can delete crontab	6	delete_crontabschedule
24	Can view crontab	6	view_crontabschedule
25	Can add interval	7	add_intervalschedule
26	Can change interval	7	change_intervalschedule
27	Can delete interval	7	delete_intervalschedule
28	Can view interval	7	view_intervalschedule
29	Can add periodic task	8	add_periodictask
30	Can change periodic task	8	change_periodictask
31	Can delete periodic task	8	delete_periodictask
32	Can view periodic task	8	view_periodictask
33	Can add periodic task track	9	add_periodictasks
34	Can change periodic task track	9	change_periodictasks
35	Can delete periodic task track	9	delete_periodictasks
36	Can view periodic task track	9	view_periodictasks
37	Can add solar event	10	add_solarschedule
38	Can change solar event	10	change_solarschedule
39	Can delete solar event	10	delete_solarschedule
40	Can view solar event	10	view_solarschedule
41	Can add clocked	11	add_clockedschedule
42	Can change clocked	11	change_clockedschedule
43	Can delete clocked	11	delete_clockedschedule
44	Can view clocked	11	view_clockedschedule
45	Can add SIMS User	12	add_user
46	Can change SIMS User	12	change_user
47	Can delete SIMS User	12	delete_user
48	Can view SIMS User	12	view_user
49	Can add historical SIMS User	13	add_historicaluser
50	Can change historical SIMS User	13	change_historicaluser
51	Can delete historical SIMS User	13	delete_historicaluser
52	Can view historical SIMS User	13	view_historicaluser
53	Can add staff profile	14	add_staffprofile
54	Can change staff profile	14	change_staffprofile
55	Can delete staff profile	14	delete_staffprofile
56	Can view staff profile	14	view_staffprofile
57	Can add resident profile	15	add_residentprofile
58	Can change resident profile	15	change_residentprofile
59	Can delete resident profile	15	delete_residentprofile
60	Can view resident profile	15	view_residentprofile
61	Can add hospital assignment	16	add_hospitalassignment
62	Can change hospital assignment	16	change_hospitalassignment
63	Can delete hospital assignment	16	delete_hospitalassignment
64	Can view hospital assignment	16	view_hospitalassignment
65	Can add hod assignment	17	add_hodassignment
66	Can change hod assignment	17	change_hodassignment
67	Can delete hod assignment	17	delete_hodassignment
68	Can view hod assignment	17	view_hodassignment
69	Can add department membership	18	add_departmentmembership
70	Can change department membership	18	change_departmentmembership
71	Can delete department membership	18	delete_departmentmembership
72	Can view department membership	18	view_departmentmembership
73	Can add supervisor resident link	19	add_supervisorresidentlink
74	Can change supervisor resident link	19	change_supervisorresidentlink
75	Can delete supervisor resident link	19	delete_supervisorresidentlink
76	Can view supervisor resident link	19	view_supervisorresidentlink
77	Can add data correction audit	20	add_datacorrectionaudit
78	Can change data correction audit	20	change_datacorrectionaudit
79	Can delete data correction audit	20	delete_datacorrectionaudit
80	Can view data correction audit	20	view_datacorrectionaudit
81	Can add Batch	21	add_batch
82	Can change Batch	21	change_batch
83	Can delete Batch	21	delete_batch
84	Can view Batch	21	view_batch
85	Can add Department	22	add_department
86	Can change Department	22	change_department
87	Can delete Department	22	delete_department
88	Can view Department	22	view_department
89	Can add Student Profile	23	add_studentprofile
90	Can change Student Profile	23	change_studentprofile
91	Can delete Student Profile	23	delete_studentprofile
92	Can view Student Profile	23	view_studentprofile
93	Can add Hospital	24	add_hospital
94	Can change Hospital	24	change_hospital
95	Can delete Hospital	24	delete_hospital
96	Can view Hospital	24	view_hospital
97	Can add Hospital Department	25	add_hospitaldepartment
98	Can change Hospital Department	25	change_hospitaldepartment
99	Can delete Hospital Department	25	delete_hospitaldepartment
100	Can view Hospital Department	25	view_hospitaldepartment
101	Can add activity log	26	add_activitylog
102	Can change activity log	26	change_activitylog
103	Can delete activity log	26	delete_activitylog
104	Can view activity log	26	view_activitylog
105	Can add audit report	27	add_auditreport
106	Can change audit report	27	change_auditreport
107	Can delete audit report	27	delete_auditreport
108	Can view audit report	27	view_auditreport
109	Can add historical audit report	28	add_historicalauditreport
110	Can change historical audit report	28	change_historicalauditreport
111	Can delete historical audit report	28	delete_historicalauditreport
112	Can view historical audit report	28	view_historicalauditreport
113	Can add bulk operation	29	add_bulkoperation
114	Can change bulk operation	29	change_bulkoperation
115	Can delete bulk operation	29	delete_bulkoperation
116	Can view bulk operation	29	view_bulkoperation
117	Can add notification	30	add_notification
118	Can change notification	30	change_notification
119	Can delete notification	30	delete_notification
120	Can view notification	30	view_notification
121	Can add Notification Preference	31	add_notificationpreference
122	Can change Notification Preference	31	change_notificationpreference
123	Can delete Notification Preference	31	delete_notificationpreference
124	Can view Notification Preference	31	view_notificationpreference
125	Can add Training Program	32	add_trainingprogram
126	Can change Training Program	32	change_trainingprogram
127	Can delete Training Program	32	delete_trainingprogram
128	Can view Training Program	32	view_trainingprogram
129	Can add Resident Training Record	33	add_residenttrainingrecord
130	Can change Resident Training Record	33	change_residenttrainingrecord
131	Can delete Resident Training Record	33	delete_residenttrainingrecord
132	Can view Resident Training Record	33	view_residenttrainingrecord
133	Can add Rotation Template	34	add_programrotationtemplate
134	Can change Rotation Template	34	change_programrotationtemplate
135	Can delete Rotation Template	34	delete_programrotationtemplate
136	Can view Rotation Template	34	view_programrotationtemplate
137	Can add Leave Request	35	add_leaverequest
138	Can change Leave Request	35	change_leaverequest
139	Can delete Leave Request	35	delete_leaverequest
140	Can view Leave Request	35	view_leaverequest
141	Can add historical Training Program	36	add_historicaltrainingprogram
142	Can change historical Training Program	36	change_historicaltrainingprogram
143	Can delete historical Training Program	36	delete_historicaltrainingprogram
144	Can view historical Training Program	36	view_historicaltrainingprogram
145	Can add historical Rotation Assignment	37	add_historicalrotationassignment
146	Can change historical Rotation Assignment	37	change_historicalrotationassignment
147	Can delete historical Rotation Assignment	37	delete_historicalrotationassignment
148	Can view historical Rotation Assignment	37	view_historicalrotationassignment
149	Can add historical Resident Training Record	38	add_historicalresidenttrainingrecord
150	Can change historical Resident Training Record	38	change_historicalresidenttrainingrecord
151	Can delete historical Resident Training Record	38	delete_historicalresidenttrainingrecord
152	Can view historical Resident Training Record	38	view_historicalresidenttrainingrecord
153	Can add historical Rotation Template	39	add_historicalprogramrotationtemplate
154	Can change historical Rotation Template	39	change_historicalprogramrotationtemplate
155	Can delete historical Rotation Template	39	delete_historicalprogramrotationtemplate
156	Can view historical Rotation Template	39	view_historicalprogramrotationtemplate
157	Can add historical Leave Request	40	add_historicalleaverequest
158	Can change historical Leave Request	40	change_historicalleaverequest
159	Can delete historical Leave Request	40	delete_historicalleaverequest
160	Can view historical Leave Request	40	view_historicalleaverequest
161	Can add historical Deputation/Off-service Posting	41	add_historicaldeputationposting
162	Can change historical Deputation/Off-service Posting	41	change_historicaldeputationposting
163	Can delete historical Deputation/Off-service Posting	41	delete_historicaldeputationposting
164	Can view historical Deputation/Off-service Posting	41	view_historicaldeputationposting
165	Can add Deputation/Off-service Posting	42	add_deputationposting
166	Can change Deputation/Off-service Posting	42	change_deputationposting
167	Can delete Deputation/Off-service Posting	42	delete_deputationposting
168	Can view Deputation/Off-service Posting	42	view_deputationposting
169	Can add Rotation Assignment	43	add_rotationassignment
170	Can change Rotation Assignment	43	change_rotationassignment
171	Can delete Rotation Assignment	43	delete_rotationassignment
172	Can view Rotation Assignment	43	view_rotationassignment
173	Can add Program Milestone	44	add_programmilestone
174	Can change Program Milestone	44	change_programmilestone
175	Can delete Program Milestone	44	delete_programmilestone
176	Can view Program Milestone	44	view_programmilestone
177	Can add Workshop	45	add_workshop
178	Can change Workshop	45	change_workshop
179	Can delete Workshop	45	delete_workshop
180	Can view Workshop	45	view_workshop
181	Can add Workshop Block	46	add_workshopblock
182	Can change Workshop Block	46	change_workshopblock
183	Can delete Workshop Block	46	delete_workshopblock
184	Can view Workshop Block	46	view_workshopblock
185	Can add Workshop Run	47	add_workshoprun
186	Can change Workshop Run	47	change_workshoprun
187	Can delete Workshop Run	47	delete_workshoprun
188	Can view Workshop Run	47	view_workshoprun
189	Can add Resident Thesis	48	add_residentthesis
190	Can change Resident Thesis	48	change_residentthesis
191	Can delete Resident Thesis	48	delete_residentthesis
192	Can view Resident Thesis	48	view_residentthesis
193	Can add Research Project	49	add_residentresearchproject
194	Can change Research Project	49	change_residentresearchproject
195	Can delete Research Project	49	delete_residentresearchproject
196	Can view Research Project	49	view_residentresearchproject
197	Can add Program Policy	50	add_programpolicy
198	Can change Program Policy	50	change_programpolicy
199	Can delete Program Policy	50	delete_programpolicy
200	Can view Program Policy	50	view_programpolicy
201	Can add Milestone Research Requirement	51	add_programmilestoneresearchrequirement
202	Can change Milestone Research Requirement	51	change_programmilestoneresearchrequirement
203	Can delete Milestone Research Requirement	51	delete_programmilestoneresearchrequirement
204	Can view Milestone Research Requirement	51	view_programmilestoneresearchrequirement
205	Can add Milestone Logbook Requirement	52	add_programmilestonelogbookrequirement
206	Can change Milestone Logbook Requirement	52	change_programmilestonelogbookrequirement
207	Can delete Milestone Logbook Requirement	52	delete_programmilestonelogbookrequirement
208	Can view Milestone Logbook Requirement	52	view_programmilestonelogbookrequirement
209	Can add historical Workshop Run	53	add_historicalworkshoprun
210	Can change historical Workshop Run	53	change_historicalworkshoprun
211	Can delete historical Workshop Run	53	delete_historicalworkshoprun
212	Can view historical Workshop Run	53	view_historicalworkshoprun
213	Can add historical Workshop Block	54	add_historicalworkshopblock
214	Can change historical Workshop Block	54	change_historicalworkshopblock
215	Can delete historical Workshop Block	54	delete_historicalworkshopblock
216	Can view historical Workshop Block	54	view_historicalworkshopblock
217	Can add historical Workshop	55	add_historicalworkshop
218	Can change historical Workshop	55	change_historicalworkshop
219	Can delete historical Workshop	55	delete_historicalworkshop
220	Can view historical Workshop	55	view_historicalworkshop
221	Can add historical Workshop Completion	56	add_historicalresidentworkshopcompletion
222	Can change historical Workshop Completion	56	change_historicalresidentworkshopcompletion
223	Can delete historical Workshop Completion	56	delete_historicalresidentworkshopcompletion
224	Can view historical Workshop Completion	56	view_historicalresidentworkshopcompletion
225	Can add historical Resident Thesis	57	add_historicalresidentthesis
226	Can change historical Resident Thesis	57	change_historicalresidentthesis
227	Can delete historical Resident Thesis	57	delete_historicalresidentthesis
228	Can view historical Resident Thesis	57	view_historicalresidentthesis
229	Can add historical Research Project	58	add_historicalresidentresearchproject
230	Can change historical Research Project	58	change_historicalresidentresearchproject
231	Can delete historical Research Project	58	delete_historicalresidentresearchproject
232	Can view historical Research Project	58	view_historicalresidentresearchproject
233	Can add historical Program Policy	59	add_historicalprogrampolicy
234	Can change historical Program Policy	59	change_historicalprogrampolicy
235	Can delete historical Program Policy	59	delete_historicalprogrampolicy
236	Can view historical Program Policy	59	view_historicalprogrampolicy
237	Can add historical Milestone Workshop Requirement	60	add_historicalprogrammilestoneworkshoprequirement
238	Can change historical Milestone Workshop Requirement	60	change_historicalprogrammilestoneworkshoprequirement
239	Can delete historical Milestone Workshop Requirement	60	delete_historicalprogrammilestoneworkshoprequirement
240	Can view historical Milestone Workshop Requirement	60	view_historicalprogrammilestoneworkshoprequirement
241	Can add historical Milestone Research Requirement	61	add_historicalprogrammilestoneresearchrequirement
242	Can change historical Milestone Research Requirement	61	change_historicalprogrammilestoneresearchrequirement
243	Can delete historical Milestone Research Requirement	61	delete_historicalprogrammilestoneresearchrequirement
244	Can view historical Milestone Research Requirement	61	view_historicalprogrammilestoneresearchrequirement
245	Can add historical Milestone Logbook Requirement	62	add_historicalprogrammilestonelogbookrequirement
246	Can change historical Milestone Logbook Requirement	62	change_historicalprogrammilestonelogbookrequirement
247	Can delete historical Milestone Logbook Requirement	62	delete_historicalprogrammilestonelogbookrequirement
248	Can view historical Milestone Logbook Requirement	62	view_historicalprogrammilestonelogbookrequirement
249	Can add historical Program Milestone	63	add_historicalprogrammilestone
250	Can change historical Program Milestone	63	change_historicalprogrammilestone
251	Can delete historical Program Milestone	63	delete_historicalprogrammilestone
252	Can view historical Program Milestone	63	view_historicalprogrammilestone
253	Can add Workshop Completion	64	add_residentworkshopcompletion
254	Can change Workshop Completion	64	change_residentworkshopcompletion
255	Can delete Workshop Completion	64	delete_residentworkshopcompletion
256	Can view Workshop Completion	64	view_residentworkshopcompletion
257	Can add Milestone Eligibility	65	add_residentmilestoneeligibility
258	Can change Milestone Eligibility	65	change_residentmilestoneeligibility
259	Can delete Milestone Eligibility	65	delete_residentmilestoneeligibility
260	Can view Milestone Eligibility	65	view_residentmilestoneeligibility
261	Can add Milestone Workshop Requirement	66	add_programmilestoneworkshoprequirement
262	Can change Milestone Workshop Requirement	66	change_programmilestoneworkshoprequirement
263	Can delete Milestone Workshop Requirement	66	delete_programmilestoneworkshoprequirement
264	Can view Milestone Workshop Requirement	66	view_programmilestoneworkshoprequirement
265	Can add logbook entry	67	add_logbookentry
266	Can change logbook entry	67	change_logbookentry
267	Can delete logbook entry	67	delete_logbookentry
268	Can view logbook entry	67	view_logbookentry
269	Can add logbook threshold config	68	add_logbookthresholdconfig
270	Can change logbook threshold config	68	change_logbookthresholdconfig
271	Can delete logbook threshold config	68	delete_logbookthresholdconfig
272	Can view logbook threshold config	68	view_logbookthresholdconfig
273	Can add resident submission	69	add_residentsubmission
274	Can change resident submission	69	change_residentsubmission
275	Can delete resident submission	69	delete_residentsubmission
276	Can view resident submission	69	view_residentsubmission
277	Can add submission requirement template	70	add_submissionrequirementtemplate
278	Can change submission requirement template	70	change_submissionrequirementtemplate
279	Can delete submission requirement template	70	delete_submissionrequirementtemplate
280	Can view submission requirement template	70	view_submissionrequirementtemplate
281	Can add submission document	71	add_submissiondocument
282	Can change submission document	71	change_submissiondocument
283	Can delete submission document	71	delete_submissiondocument
284	Can view submission document	71	view_submissiondocument
285	Can add submission certificate	72	add_submissioncertificate
286	Can change submission certificate	72	change_submissioncertificate
287	Can delete submission certificate	72	delete_submissioncertificate
288	Can view submission certificate	72	view_submissioncertificate
289	Can add rotation completion	73	add_rotationcompletion
290	Can change rotation completion	73	change_rotationcompletion
291	Can delete rotation completion	73	delete_rotationcompletion
292	Can view rotation completion	73	view_rotationcompletion
293	Can add rotation certificate	74	add_rotationcertificate
294	Can change rotation certificate	74	change_rotationcertificate
295	Can delete rotation certificate	74	delete_rotationcertificate
296	Can view rotation certificate	74	view_rotationcertificate
297	Can add program rotation requirement	75	add_programrotationrequirement
298	Can change program rotation requirement	75	change_programrotationrequirement
299	Can delete program rotation requirement	75	delete_programrotationrequirement
300	Can view program rotation requirement	75	view_programrotationrequirement
301	Can add logbook threshold snapshot	76	add_logbookthresholdsnapshot
302	Can change logbook threshold snapshot	76	change_logbookthresholdsnapshot
303	Can delete logbook threshold snapshot	76	delete_logbookthresholdsnapshot
304	Can view logbook threshold snapshot	76	view_logbookthresholdsnapshot
305	Can add logbook review	77	add_logbookreview
306	Can change logbook review	77	change_logbookreview
307	Can delete logbook review	77	delete_logbookreview
308	Can view logbook review	77	view_logbookreview
309	Can add historical submission review	78	add_historicalsubmissionreview
310	Can change historical submission review	78	change_historicalsubmissionreview
311	Can delete historical submission review	78	delete_historicalsubmissionreview
312	Can view historical submission review	78	view_historicalsubmissionreview
313	Can add historical submission requirement template	79	add_historicalsubmissionrequirementtemplate
314	Can change historical submission requirement template	79	change_historicalsubmissionrequirementtemplate
315	Can delete historical submission requirement template	79	delete_historicalsubmissionrequirementtemplate
316	Can view historical submission requirement template	79	view_historicalsubmissionrequirementtemplate
317	Can add historical submission document	80	add_historicalsubmissiondocument
318	Can change historical submission document	80	change_historicalsubmissiondocument
319	Can delete historical submission document	80	delete_historicalsubmissiondocument
320	Can view historical submission document	80	view_historicalsubmissiondocument
321	Can add historical submission certificate	81	add_historicalsubmissioncertificate
322	Can change historical submission certificate	81	change_historicalsubmissioncertificate
323	Can delete historical submission certificate	81	delete_historicalsubmissioncertificate
324	Can view historical submission certificate	81	view_historicalsubmissioncertificate
325	Can add historical rotation completion	82	add_historicalrotationcompletion
326	Can change historical rotation completion	82	change_historicalrotationcompletion
327	Can delete historical rotation completion	82	delete_historicalrotationcompletion
328	Can view historical rotation completion	82	view_historicalrotationcompletion
329	Can add historical rotation certificate	83	add_historicalrotationcertificate
330	Can change historical rotation certificate	83	change_historicalrotationcertificate
331	Can delete historical rotation certificate	83	delete_historicalrotationcertificate
332	Can view historical rotation certificate	83	view_historicalrotationcertificate
333	Can add historical resident submission	84	add_historicalresidentsubmission
334	Can change historical resident submission	84	change_historicalresidentsubmission
335	Can delete historical resident submission	84	delete_historicalresidentsubmission
336	Can view historical resident submission	84	view_historicalresidentsubmission
337	Can add historical program rotation requirement	85	add_historicalprogramrotationrequirement
338	Can change historical program rotation requirement	85	change_historicalprogramrotationrequirement
339	Can delete historical program rotation requirement	85	delete_historicalprogramrotationrequirement
340	Can view historical program rotation requirement	85	view_historicalprogramrotationrequirement
341	Can add historical logbook threshold config	86	add_historicallogbookthresholdconfig
342	Can change historical logbook threshold config	86	change_historicallogbookthresholdconfig
343	Can delete historical logbook threshold config	86	delete_historicallogbookthresholdconfig
344	Can view historical logbook threshold config	86	view_historicallogbookthresholdconfig
345	Can add historical logbook review	87	add_historicallogbookreview
346	Can change historical logbook review	87	change_historicallogbookreview
347	Can delete historical logbook review	87	delete_historicallogbookreview
348	Can view historical logbook review	87	view_historicallogbookreview
349	Can add historical logbook entry	88	add_historicallogbookentry
350	Can change historical logbook entry	88	change_historicallogbookentry
351	Can delete historical logbook entry	88	delete_historicallogbookentry
352	Can view historical logbook entry	88	view_historicallogbookentry
353	Can add submission review	89	add_submissionreview
354	Can change submission review	89	change_submissionreview
355	Can delete submission review	89	delete_submissionreview
356	Can view submission review	89	view_submissionreview
357	Can add historical mapping preset	90	add_historicalmappingpreset
358	Can change historical mapping preset	90	change_historicalmappingpreset
359	Can delete historical mapping preset	90	delete_historicalmappingpreset
360	Can view historical mapping preset	90	view_historicalmappingpreset
361	Can add flexible import audit	91	add_flexibleimportaudit
362	Can change flexible import audit	91	change_flexibleimportaudit
363	Can delete flexible import audit	91	delete_flexibleimportaudit
364	Can view flexible import audit	91	view_flexibleimportaudit
365	Can add mapping preset	92	add_mappingpreset
366	Can change mapping preset	92	change_mappingpreset
367	Can delete mapping preset	92	delete_mappingpreset
368	Can view mapping preset	92	view_mappingpreset
369	Can add historical flexible import audit	93	add_historicalflexibleimportaudit
370	Can change historical flexible import audit	93	change_historicalflexibleimportaudit
371	Can delete historical flexible import audit	93	delete_historicalflexibleimportaudit
372	Can view historical flexible import audit	93	view_historicalflexibleimportaudit
373	Can add Backup Job	94	add_backupjob
374	Can change Backup Job	94	change_backupjob
375	Can delete Backup Job	94	delete_backupjob
376	Can view Backup Job	94	view_backupjob
377	Can add Restore Job	95	add_restorejob
378	Can change Restore Job	95	change_restorejob
379	Can delete Restore Job	95	delete_restorejob
380	Can view Restore Job	95	view_restorejob
381	Can add Backup Audit Log	96	add_backupauditlog
382	Can change Backup Audit Log	96	change_backupauditlog
383	Can delete Backup Audit Log	96	delete_backupauditlog
384	Can view Backup Audit Log	96	view_backupauditlog
385	Can add Backup Cloud Connection	97	add_backupcloudconnection
386	Can change Backup Cloud Connection	97	change_backupcloudconnection
387	Can delete Backup Cloud Connection	97	delete_backupcloudconnection
388	Can view Backup Cloud Connection	97	view_backupcloudconnection
389	Can add Backup Cloud Copy	98	add_backupcloudcopy
390	Can change Backup Cloud Copy	98	change_backupcloudcopy
391	Can delete Backup Cloud Copy	98	delete_backupcloudcopy
392	Can view Backup Cloud Copy	98	view_backupcloudcopy
393	Can add Workspace Bridge Log	99	add_workspacebridgelog
394	Can change Workspace Bridge Log	99	change_workspacebridgelog
395	Can delete Workspace Bridge Log	99	delete_workspacebridgelog
396	Can view Workspace Bridge Log	99	view_workspacebridgelog
397	Can add historical Workspace Identity	100	add_historicalworkspaceidentity
398	Can change historical Workspace Identity	100	change_historicalworkspaceidentity
399	Can delete historical Workspace Identity	100	delete_historicalworkspaceidentity
400	Can view historical Workspace Identity	100	view_historicalworkspaceidentity
401	Can add Workspace Identity	101	add_workspaceidentity
402	Can change Workspace Identity	101	change_workspaceidentity
403	Can delete Workspace Identity	101	delete_workspaceidentity
404	Can view Workspace Identity	101	view_workspaceidentity
\.


--
-- Data for Name: backup_center_backupauditlog; Type: TABLE DATA; Schema: public; Owner: sims_user
--

COPY public.backup_center_backupauditlog (id, action, ip_address, user_agent, details_json, created_at, actor_id, backup_job_id, restore_job_id) FROM stdin;
1	routine_backup_started	\N	\N	{"notes": "docker postgres routine backup evidence"}	2026-05-30 23:00:35.092295+00	\N	1	\N
2	routine_backup_completed	\N	\N	{"size": 92866, "file_name": "PGSIMS_DATA_BACKUP_2026-05-30_230035_118727.pgsimsbak"}	2026-05-30 23:00:37.411631+00	\N	1	\N
3	routine_backup_started	\N	\N	{"notes": ""}	2026-05-31 00:41:38.108861+00	1	2	\N
4	routine_backup_completed	\N	\N	{"size": 101329, "file_name": "PGSIMS_DATA_BACKUP_2026-05-31_004138_138325.pgsimsbak"}	2026-05-31 00:41:42.329851+00	1	2	\N
5	disaster_backup_started	\N	\N	{"notes": ""}	2026-05-31 00:41:50.988038+00	1	3	\N
6	routine_backup_started	\N	\N	{"notes": "Internal routine backup for Disaster Recovery: 3"}	2026-05-31 00:41:50.993794+00	1	4	\N
7	routine_backup_completed	\N	\N	{"size": 101783, "file_name": "PGSIMS_DATA_BACKUP_2026-05-31_004150_997395.pgsimsbak"}	2026-05-31 00:41:51.531272+00	1	4	\N
8	disaster_backup_completed	\N	\N	{"size": 101541, "file_name": "PGSIMS_DISASTER_BACKUP_2026-05-31_004151_533451.pgsimsdr"}	2026-05-31 00:41:51.541729+00	1	3	\N
9	google_drive_connected	\N	\N	{"account_email": null}	2026-06-02 00:31:32.249414+00	1	\N	\N
10	google_drive_disconnected	\N	\N	{"provider": "google_drive"}	2026-06-02 07:59:01.180965+00	1	\N	\N
11	google_drive_connected	\N	\N	{"account_email": null}	2026-06-02 08:01:37.013916+00	1	\N	\N
12	google_drive_upload_failed	\N	\N	{"error": "Backup file not found on disk"}	2026-06-02 08:01:47.644269+00	1	4	\N
13	google_drive_folder_ready	\N	\N	{"folder_id": "1czIlV4xgYnDQRvZw8FVdDTYdySnC-OBU", "folder_name": "PGSIMS Backup"}	2026-06-02 08:01:53.268865+00	1	\N	\N
14	routine_backup_started	\N	\N	{"notes": ""}	2026-06-02 08:02:06.012657+00	1	5	\N
15	routine_backup_completed	\N	\N	{"size": 106415, "file_name": "PGSIMS_DATA_BACKUP_2026-06-02_080206_019169.pgsimsbak"}	2026-06-02 08:02:07.595082+00	1	5	\N
16	backup_validated	172.18.0.1	Mozilla/5.0 (X11; Linux x86_64) AppleWebKit/537.36 (KHTML, like Gecko) Chrome/148.0.0.0 Safari/537.36	{"valid": true, "errors": [], "manifest": {"notes": "", "branch": "unknown", "app_name": "PGSIMS", "created_at": "2026-06-02T08:02:07.562050+00:00", "created_by": "admin@pgsims.local", "app_version": "1.0.0", "backup_kind": "routine_application_data", "commit_hash": "unknown", "table_counts": {"auth.group": 7, "users.user": 17, "admin.logentry": 2, "auth.permission": 392, "sessions.session": 4, "audit.activitylog": 376, "audit.auditreport": 0, "training.workshop": 0, "bulk.bulkoperation": 10, "bulk.mappingpreset": 0, "rotations.hospital": 4, "users.staffprofile": 0, "users.hodassignment": 1, "academics.department": 20, "training.workshoprun": 0, "users.historicaluser": 249, "training.leaverequest": 0, "training.logbookentry": 0, "users.residentprofile": 0, "training.logbookreview": 0, "training.programpolicy": 0, "training.workshopblock": 0, "backup_center.backupjob": 5, "training.residentthesis": 0, "backup_center.restorejob": 0, "bulk.flexibleimportaudit": 3, "contenttypes.contenttype": 98, "training.trainingprogram": 3, "users.hospitalassignment": 0, "training.programmilestone": 2, "training.submissionreview": 0, "users.datacorrectionaudit": 0, "notifications.notification": 0, "training.deputationposting": 0, "users.departmentmembership": 5, "audit.historicalauditreport": 0, "training.historicalworkshop": 0, "training.residentsubmission": 0, "training.rotationassignment": 0, "training.rotationcompletion": 0, "training.submissiondocument": 0, "backup_center.backupauditlog": 14, "bulk.historicalmappingpreset": 0, "rotations.hospitaldepartment": 50, "training.rotationcertificate": 0, "users.supervisorresidentlink": 4, "backup_center.backupcloudcopy": 0, "training.historicalworkshoprun": 0, "training.submissioncertificate": 0, "django_celery_beat.periodictask": 1, "training.historicalleaverequest": 0, "training.historicallogbookentry": 56, "training.logbookthresholdconfig": 2, "training.residenttrainingrecord": 7, "django_celery_beat.periodictasks": 1, "django_celery_beat.solarschedule": 0, "training.historicallogbookreview": 20, "training.historicalprogrampolicy": 0, "training.historicalworkshopblock": 0, "training.programrotationtemplate": 0, "training.residentresearchproject": 1, "training.historicalresidentthesis": 0, "training.logbookthresholdsnapshot": 3, "bulk.historicalflexibleimportaudit": 6, "django_celery_beat.clockedschedule": 0, "django_celery_beat.crontabschedule": 1, "training.historicaltrainingprogram": 24, "backup_center.backupcloudconnection": 1, "django_celery_beat.intervalschedule": 0, "training.historicalprogrammilestone": 24, "training.historicalsubmissionreview": 0, "training.programrotationrequirement": 1, "training.residentworkshopcompletion": 0, "notifications.notificationpreference": 0, "training.historicaldeputationposting": 0, "training.historicalresidentsubmission": 0, "training.historicalrotationassignment": 0, "training.historicalrotationcompletion": 0, "training.historicalsubmissiondocument": 0, "training.residentmilestoneeligibility": 4, "training.historicalrotationcertificate": 0, "training.submissionrequirementtemplate": 4, "training.historicalsubmissioncertificate": 0, "training.historicallogbookthresholdconfig": 28, "training.historicalresidenttrainingrecord": 37, "training.historicalprogramrotationtemplate": 0, "training.historicalresidentresearchproject": 7, "training.programmilestonelogbookrequirement": 0, "training.programmilestoneresearchrequirement": 2, "training.programmilestoneworkshoprequirement": 0, "training.historicalprogramrotationrequirement": 14, "training.historicalresidentworkshopcompletion": 0, "training.historicalsubmissionrequirementtemplate": 56, "training.historicalprogrammilestonelogbookrequirement": 0, "training.historicalprogrammilestoneresearchrequirement": 28, "training.historicalprogrammilestoneworkshoprequirement": 0}, "media_summary": {"file_count": 1, "tree_sha256": "958b642cb249e731efcbdebd4ba5caefbd54a578164ce0e7a1a1dedaafb574ce", "total_size_bytes": 35, "media_root_exists": true}, "media_included": true, "database_engine": "django.db.backends.postgresql", "backup_format_version": "1.2"}, "warnings": [], "backup_kind": "routine_application_data", "can_restore": true, "table_counts": {"auth.group": 7, "users.user": 17, "admin.logentry": 2, "auth.permission": 392, "sessions.session": 4, "audit.activitylog": 376, "audit.auditreport": 0, "training.workshop": 0, "bulk.bulkoperation": 10, "bulk.mappingpreset": 0, "rotations.hospital": 4, "users.staffprofile": 0, "users.hodassignment": 1, "academics.department": 20, "training.workshoprun": 0, "users.historicaluser": 249, "training.leaverequest": 0, "training.logbookentry": 0, "users.residentprofile": 0, "training.logbookreview": 0, "training.programpolicy": 0, "training.workshopblock": 0, "backup_center.backupjob": 5, "training.residentthesis": 0, "backup_center.restorejob": 0, "bulk.flexibleimportaudit": 3, "contenttypes.contenttype": 98, "training.trainingprogram": 3, "users.hospitalassignment": 0, "training.programmilestone": 2, "training.submissionreview": 0, "users.datacorrectionaudit": 0, "notifications.notification": 0, "training.deputationposting": 0, "users.departmentmembership": 5, "audit.historicalauditreport": 0, "training.historicalworkshop": 0, "training.residentsubmission": 0, "training.rotationassignment": 0, "training.rotationcompletion": 0, "training.submissiondocument": 0, "backup_center.backupauditlog": 14, "bulk.historicalmappingpreset": 0, "rotations.hospitaldepartment": 50, "training.rotationcertificate": 0, "users.supervisorresidentlink": 4, "backup_center.backupcloudcopy": 0, "training.historicalworkshoprun": 0, "training.submissioncertificate": 0, "django_celery_beat.periodictask": 1, "training.historicalleaverequest": 0, "training.historicallogbookentry": 56, "training.logbookthresholdconfig": 2, "training.residenttrainingrecord": 7, "django_celery_beat.periodictasks": 1, "django_celery_beat.solarschedule": 0, "training.historicallogbookreview": 20, "training.historicalprogrampolicy": 0, "training.historicalworkshopblock": 0, "training.programrotationtemplate": 0, "training.residentresearchproject": 1, "training.historicalresidentthesis": 0, "training.logbookthresholdsnapshot": 3, "bulk.historicalflexibleimportaudit": 6, "django_celery_beat.clockedschedule": 0, "django_celery_beat.crontabschedule": 1, "training.historicaltrainingprogram": 24, "backup_center.backupcloudconnection": 1, "django_celery_beat.intervalschedule": 0, "training.historicalprogrammilestone": 24, "training.historicalsubmissionreview": 0, "training.programrotationrequirement": 1, "training.residentworkshopcompletion": 0, "notifications.notificationpreference": 0, "training.historicaldeputationposting": 0, "training.historicalresidentsubmission": 0, "training.historicalrotationassignment": 0, "training.historicalrotationcompletion": 0, "training.historicalsubmissiondocument": 0, "training.residentmilestoneeligibility": 4, "training.historicalrotationcertificate": 0, "training.submissionrequirementtemplate": 4, "training.historicalsubmissioncertificate": 0, "training.historicallogbookthresholdconfig": 28, "training.historicalresidenttrainingrecord": 37, "training.historicalprogramrotationtemplate": 0, "training.historicalresidentresearchproject": 7, "training.programmilestonelogbookrequirement": 0, "training.programmilestoneresearchrequirement": 2, "training.programmilestoneworkshoprequirement": 0, "training.historicalprogramrotationrequirement": 14, "training.historicalresidentworkshopcompletion": 0, "training.historicalsubmissionrequirementtemplate": 56, "training.historicalprogrammilestonelogbookrequirement": 0, "training.historicalprogrammilestoneresearchrequirement": 28, "training.historicalprogrammilestoneworkshoprequirement": 0}, "media_summary": {"file_count": 1, "tree_sha256": "958b642cb249e731efcbdebd4ba5caefbd54a578164ce0e7a1a1dedaafb574ce", "total_size_bytes": 35, "media_root_exists": true}}	2026-06-02 08:02:25.471761+00	1	5	\N
17	google_drive_upload_failed	\N	\N	{"error": "Backup file not found on disk"}	2026-06-02 08:02:29.296264+00	1	4	\N
18	google_drive_upload_completed	\N	\N	{"cloud_copy_id": 1, "remote_file_id": "1QJuOZcCKLHlH3xOECcYLOIotrsbVMyuv"}	2026-06-02 08:02:37.137036+00	1	5	\N
19	google_drive_verified	\N	\N	{"cloud_copy_id": 1}	2026-06-02 08:02:40.45622+00	1	5	\N
20	disaster_backup_started	\N	\N	{"notes": ""}	2026-06-02 08:02:56.711615+00	1	6	\N
21	routine_backup_started	\N	\N	{"notes": "Internal routine backup for Disaster Recovery: 6"}	2026-06-02 08:02:56.720225+00	1	7	\N
22	routine_backup_completed	\N	\N	{"size": 108593, "file_name": "PGSIMS_DATA_BACKUP_2026-06-02_080256_725262.pgsimsbak"}	2026-06-02 08:02:57.393543+00	1	7	\N
23	disaster_backup_completed	\N	\N	{"size": 108329, "file_name": "PGSIMS_DISASTER_BACKUP_2026-06-02_080257_396220.pgsimsdr"}	2026-06-02 08:02:57.404744+00	1	6	\N
24	google_drive_verified	\N	\N	{"cloud_copy_id": 1}	2026-06-02 08:03:01.806762+00	1	5	\N
25	google_drive_upload_completed	\N	\N	{"cloud_copy_id": 2, "remote_file_id": "1pWtvMQsBp4RuRJAjT97Lv-8ZFuOzRbxe"}	2026-06-02 08:03:17.404641+00	1	6	\N
26	google_drive_upload_completed	\N	\N	{"cloud_copy_id": 3, "remote_file_id": "1zCGQM2Zew7suCQyXESGbIQp5B9I8pA_E"}	2026-06-02 08:03:39.703539+00	1	6	\N
27	routine_backup_started	\N	\N	{"notes": null}	2026-06-04 19:44:37.874477+00	\N	8	\N
28	routine_backup_completed	\N	\N	{"size": 109356, "file_name": "PGSIMS_DATA_BACKUP_2026-06-04_194437_887853.pgsimsbak"}	2026-06-04 19:44:39.018996+00	\N	8	\N
\.


--
-- Data for Name: backup_center_backupcloudconnection; Type: TABLE DATA; Schema: public; Owner: sims_user
--

COPY public.backup_center_backupcloudconnection (id, provider, account_email, access_token_encrypted, refresh_token_encrypted, token_expiry, scopes, status, backup_folder_id, backup_folder_name, last_health_check_at, last_error, created_at, updated_at, connected_by_user_id) FROM stdin;
1	google_drive	\N	gAAAAABqHo3g7eMfyvEziMoD1Z1BfLCv7OpNyD4tO2wuIJkGcPULJZfxpyL-_GvzljyxvPx8PMy1-518pRGI_LAqoxt5Kf6Vrs-ze6Q2jL8ITHShmilw7a384Ji2zuRf5zHlS1ZcAp4A7rbG_os9WKQf3R2U7N1QbVzftNcn1Ws0eDLc28l8B4YfMQU4tg_I5pOe0T_lsrli3ZMEcNjb6Qx80xyuGyV2dRctWsMy3yLgo9gktUwTKyot6U2npvg19KY99_FPXRXaMsyvwLg8OJrGqvGN5wr2M0EI294nCUASDI05yq3Wbf6as2SHeYEYoCxKXRg-rejJVjnfGED0b-c8RCdERvxaUiCRl6XlpoJYzNP-Y2Be1O976Cau651nVsgaY-bakdPPNR9Y_gIPsEU9XCt_sIFd9A==	gAAAAABqHo3gUMeBeMWMkIsmIZOJfxAa2KWJSDfN_zuTzDD27jw9JJgXYNUaj1wmLEHsTdKoXhfrjkFbqYWyIP2GJsJYZtR3GpGl_WqTfC6ccJAeNQqFBYfaXaKx-lkUqgDbPjhw8nv6vXWxp9HR9cOSTaGu4tX1cEQUtWcGA-Z9R1-bldAIK-KNSE1y_-811FcvnUgUMR-1efQhAyEzdBx0_jcvhDyeqA==	2026-06-02 09:01:35.927972+00	https://www.googleapis.com/auth/drive.file	connected	1czIlV4xgYnDQRvZw8FVdDTYdySnC-OBU	PGSIMS Backup	2026-06-02 07:59:01.177494+00	\N	2026-06-02 00:31:31.981987+00	2026-06-02 08:03:34.896243+00	1
\.


--
-- Data for Name: backup_center_backupcloudcopy; Type: TABLE DATA; Schema: public; Owner: sims_user
--

COPY public.backup_center_backupcloudcopy (id, provider, remote_file_id, remote_manifest_file_id, remote_checksum_file_id, remote_folder_id, remote_file_name, remote_size, local_checksum, remote_checksum, upload_status, verification_status, download_status, uploaded_at, verified_at, downloaded_at, error_message, created_at, updated_at, backup_record_id, connection_id) FROM stdin;
1	google_drive	1QJuOZcCKLHlH3xOECcYLOIotrsbVMyuv	1TZoF0lVWs2TqLd8aMNFLHeI1MRp6CVjf	1ooR2duMbCjR5sb6GktMDc1jFuU37fDFi	1czIlV4xgYnDQRvZw8FVdDTYdySnC-OBU	backup-000005-20260602-routine_application_data.pgsimsbak.enc	141964	c31736d804ba1523a35dc1dd7c7b3afa3d9f2c0682bfeaf9926b90df551dd230	d4c7ecad081526d8dd0870ec7f2c6df6	uploaded	verified	not_uploaded	2026-06-02 08:02:37.133494+00	2026-06-02 08:03:01.804116+00	\N	\N	2026-06-02 08:02:32.877912+00	2026-06-02 08:03:01.804327+00	5	1
2	google_drive	1pWtvMQsBp4RuRJAjT97Lv-8ZFuOzRbxe	1sIlqHSbW1Ss_LdnIkcV17Cd-Uasl1gPc	1yLPimhJ27wcaODu92wTE9SHmy-4Qq5CI	1czIlV4xgYnDQRvZw8FVdDTYdySnC-OBU	backup-000006-20260602-disaster_recovery.pgsimsbak.enc	144524	05793acc7442d9d7763360a37a66befbe3437538e4878b0de796a7af1a002542	a40d624be749553041bad496e346701b	uploaded	verified	not_uploaded	2026-06-02 08:03:17.401123+00	2026-06-02 08:03:17.401132+00	\N	\N	2026-06-02 08:03:13.74956+00	2026-06-02 08:03:17.401342+00	6	1
3	google_drive	1zCGQM2Zew7suCQyXESGbIQp5B9I8pA_E	13OYMKGj9ZiMdD_BO8S4q6l6BY-g7B63l	1P2NDiTAlJvDsAa0gx1DnYITFNtwPr_mc	1czIlV4xgYnDQRvZw8FVdDTYdySnC-OBU	backup-000006-20260602-disaster_recovery.pgsimsbak.enc	144524	1887a38c3eca7f87ad1b856d57efb61b5cba7963db041990390662a8448d3532	5be6fa0b9703873b11bec4ccc3f75019	uploaded	verified	not_uploaded	2026-06-02 08:03:39.699636+00	2026-06-02 08:03:39.699645+00	\N	\N	2026-06-02 08:03:34.898963+00	2026-06-02 08:03:39.69985+00	6	1
\.


--
-- Data for Name: backup_center_backupjob; Type: TABLE DATA; Schema: public; Owner: sims_user
--

COPY public.backup_center_backupjob (id, backup_type, status, file_path, file_name, file_size, checksum, manifest_json, database_engine, media_included, created_at, completed_at, error_message, created_by_id, backup_kind, table_counts_json, media_summary_json, app_version, branch, commit_hash, notes, cloud_bucket, cloud_checksum, cloud_checksum_key, cloud_download_status, cloud_enabled, cloud_encryption_status, cloud_error_message, cloud_file_size, cloud_last_verified_at, cloud_manifest_key, cloud_object_key, cloud_prefix, cloud_provider, cloud_upload_completed_at, cloud_upload_started_at, cloud_upload_status) FROM stdin;
1	manual	completed	/app/backups/PGSIMS_DATA_BACKUP_2026-05-30_230035_118727.pgsimsbak	PGSIMS_DATA_BACKUP_2026-05-30_230035_118727.pgsimsbak	92866	68b95ad8f36f82711765120bac3caa083a3b4ba5642fa470bf44217a4d716d72	{"notes": "docker postgres routine backup evidence", "branch": "unknown", "app_name": "PGSIMS", "created_at": "2026-05-30T23:00:37.331065+00:00", "created_by": "system", "app_version": "1.0.0", "backup_kind": "routine_application_data", "commit_hash": "unknown", "table_counts": {"auth.group": 6, "users.user": 17, "admin.logentry": 0, "auth.permission": 384, "sessions.session": 2, "audit.activitylog": 256, "audit.auditreport": 0, "training.workshop": 0, "bulk.bulkoperation": 10, "bulk.mappingpreset": 0, "rotations.hospital": 4, "users.staffprofile": 0, "users.hodassignment": 1, "academics.department": 20, "training.workshoprun": 0, "users.historicaluser": 167, "training.leaverequest": 0, "training.logbookentry": 0, "users.residentprofile": 0, "training.logbookreview": 0, "training.programpolicy": 0, "training.workshopblock": 0, "backup_center.backupjob": 1, "training.residentthesis": 0, "backup_center.restorejob": 0, "bulk.flexibleimportaudit": 3, "contenttypes.contenttype": 96, "training.trainingprogram": 3, "users.hospitalassignment": 0, "training.programmilestone": 2, "training.submissionreview": 0, "users.datacorrectionaudit": 0, "notifications.notification": 0, "training.deputationposting": 0, "users.departmentmembership": 5, "audit.historicalauditreport": 0, "training.historicalworkshop": 0, "training.residentsubmission": 0, "training.rotationassignment": 0, "training.rotationcompletion": 0, "training.submissiondocument": 0, "backup_center.backupauditlog": 1, "bulk.historicalmappingpreset": 0, "rotations.hospitaldepartment": 50, "training.rotationcertificate": 0, "users.supervisorresidentlink": 4, "training.historicalworkshoprun": 0, "training.submissioncertificate": 0, "django_celery_beat.periodictask": 1, "training.historicalleaverequest": 0, "training.historicallogbookentry": 56, "training.logbookthresholdconfig": 2, "training.residenttrainingrecord": 7, "django_celery_beat.periodictasks": 1, "django_celery_beat.solarschedule": 0, "training.historicallogbookreview": 20, "training.historicalprogrampolicy": 0, "training.historicalworkshopblock": 0, "training.programrotationtemplate": 0, "training.residentresearchproject": 1, "training.historicalresidentthesis": 0, "training.logbookthresholdsnapshot": 3, "bulk.historicalflexibleimportaudit": 6, "django_celery_beat.clockedschedule": 0, "django_celery_beat.crontabschedule": 1, "training.historicaltrainingprogram": 20, "django_celery_beat.intervalschedule": 0, "training.historicalprogrammilestone": 20, "training.historicalsubmissionreview": 0, "training.programrotationrequirement": 1, "training.residentworkshopcompletion": 0, "notifications.notificationpreference": 0, "training.historicaldeputationposting": 0, "training.historicalresidentsubmission": 0, "training.historicalrotationassignment": 0, "training.historicalrotationcompletion": 0, "training.historicalsubmissiondocument": 0, "training.residentmilestoneeligibility": 4, "training.historicalrotationcertificate": 0, "training.submissionrequirementtemplate": 4, "training.historicalsubmissioncertificate": 0, "training.historicallogbookthresholdconfig": 24, "training.historicalresidenttrainingrecord": 27, "training.historicalprogramrotationtemplate": 0, "training.historicalresidentresearchproject": 5, "training.programmilestonelogbookrequirement": 0, "training.programmilestoneresearchrequirement": 2, "training.programmilestoneworkshoprequirement": 0, "training.historicalprogramrotationrequirement": 12, "training.historicalresidentworkshopcompletion": 0, "training.historicalsubmissionrequirementtemplate": 48, "training.historicalprogrammilestonelogbookrequirement": 0, "training.historicalprogrammilestoneresearchrequirement": 24, "training.historicalprogrammilestoneworkshoprequirement": 0}, "media_summary": {"file_count": 1, "tree_sha256": "958b642cb249e731efcbdebd4ba5caefbd54a578164ce0e7a1a1dedaafb574ce", "total_size_bytes": 35, "media_root_exists": true}, "media_included": true, "database_engine": "django.db.backends.postgresql", "backup_format_version": "1.2"}	django.db.backends.postgresql	t	2026-05-30 23:00:35.075179+00	2026-05-30 23:00:37.35175+00	\N	\N	routine_application_data	{"auth.group": 6, "users.user": 17, "admin.logentry": 0, "auth.permission": 384, "sessions.session": 2, "audit.activitylog": 256, "audit.auditreport": 0, "training.workshop": 0, "bulk.bulkoperation": 10, "bulk.mappingpreset": 0, "rotations.hospital": 4, "users.staffprofile": 0, "users.hodassignment": 1, "academics.department": 20, "training.workshoprun": 0, "users.historicaluser": 167, "training.leaverequest": 0, "training.logbookentry": 0, "users.residentprofile": 0, "training.logbookreview": 0, "training.programpolicy": 0, "training.workshopblock": 0, "backup_center.backupjob": 1, "training.residentthesis": 0, "backup_center.restorejob": 0, "bulk.flexibleimportaudit": 3, "contenttypes.contenttype": 96, "training.trainingprogram": 3, "users.hospitalassignment": 0, "training.programmilestone": 2, "training.submissionreview": 0, "users.datacorrectionaudit": 0, "notifications.notification": 0, "training.deputationposting": 0, "users.departmentmembership": 5, "audit.historicalauditreport": 0, "training.historicalworkshop": 0, "training.residentsubmission": 0, "training.rotationassignment": 0, "training.rotationcompletion": 0, "training.submissiondocument": 0, "backup_center.backupauditlog": 1, "bulk.historicalmappingpreset": 0, "rotations.hospitaldepartment": 50, "training.rotationcertificate": 0, "users.supervisorresidentlink": 4, "training.historicalworkshoprun": 0, "training.submissioncertificate": 0, "django_celery_beat.periodictask": 1, "training.historicalleaverequest": 0, "training.historicallogbookentry": 56, "training.logbookthresholdconfig": 2, "training.residenttrainingrecord": 7, "django_celery_beat.periodictasks": 1, "django_celery_beat.solarschedule": 0, "training.historicallogbookreview": 20, "training.historicalprogrampolicy": 0, "training.historicalworkshopblock": 0, "training.programrotationtemplate": 0, "training.residentresearchproject": 1, "training.historicalresidentthesis": 0, "training.logbookthresholdsnapshot": 3, "bulk.historicalflexibleimportaudit": 6, "django_celery_beat.clockedschedule": 0, "django_celery_beat.crontabschedule": 1, "training.historicaltrainingprogram": 20, "django_celery_beat.intervalschedule": 0, "training.historicalprogrammilestone": 20, "training.historicalsubmissionreview": 0, "training.programrotationrequirement": 1, "training.residentworkshopcompletion": 0, "notifications.notificationpreference": 0, "training.historicaldeputationposting": 0, "training.historicalresidentsubmission": 0, "training.historicalrotationassignment": 0, "training.historicalrotationcompletion": 0, "training.historicalsubmissiondocument": 0, "training.residentmilestoneeligibility": 4, "training.historicalrotationcertificate": 0, "training.submissionrequirementtemplate": 4, "training.historicalsubmissioncertificate": 0, "training.historicallogbookthresholdconfig": 24, "training.historicalresidenttrainingrecord": 27, "training.historicalprogramrotationtemplate": 0, "training.historicalresidentresearchproject": 5, "training.programmilestonelogbookrequirement": 0, "training.programmilestoneresearchrequirement": 2, "training.programmilestoneworkshoprequirement": 0, "training.historicalprogramrotationrequirement": 12, "training.historicalresidentworkshopcompletion": 0, "training.historicalsubmissionrequirementtemplate": 48, "training.historicalprogrammilestonelogbookrequirement": 0, "training.historicalprogrammilestoneresearchrequirement": 24, "training.historicalprogrammilestoneworkshoprequirement": 0}	{"file_count": 1, "tree_sha256": "958b642cb249e731efcbdebd4ba5caefbd54a578164ce0e7a1a1dedaafb574ce", "total_size_bytes": 35, "media_root_exists": true}	1.0.0	unknown	unknown	docker postgres routine backup evidence	\N	\N	\N	not_uploaded	f	unencrypted	\N	\N	\N	\N	\N	\N	\N	\N	\N	not_uploaded
2	manual	completed	/app/backups/PGSIMS_DATA_BACKUP_2026-05-31_004138_138325.pgsimsbak	PGSIMS_DATA_BACKUP_2026-05-31_004138_138325.pgsimsbak	101329	0369f2c227de770cb9ffba7911cb86f1a307bea8f475131557f754545347eed8	{"notes": "", "branch": "unknown", "app_name": "PGSIMS", "created_at": "2026-05-31T00:41:42.262866+00:00", "created_by": "admin@pgsims.local", "app_version": "1.0.0", "backup_kind": "routine_application_data", "commit_hash": "unknown", "table_counts": {"auth.group": 6, "users.user": 17, "admin.logentry": 0, "auth.permission": 384, "sessions.session": 2, "audit.activitylog": 369, "audit.auditreport": 0, "training.workshop": 0, "bulk.bulkoperation": 10, "bulk.mappingpreset": 0, "rotations.hospital": 4, "users.staffprofile": 0, "users.hodassignment": 1, "academics.department": 20, "training.workshoprun": 0, "users.historicaluser": 242, "training.leaverequest": 0, "training.logbookentry": 0, "users.residentprofile": 0, "training.logbookreview": 0, "training.programpolicy": 0, "training.workshopblock": 0, "backup_center.backupjob": 2, "training.residentthesis": 0, "backup_center.restorejob": 0, "bulk.flexibleimportaudit": 3, "contenttypes.contenttype": 96, "training.trainingprogram": 3, "users.hospitalassignment": 0, "training.programmilestone": 2, "training.submissionreview": 0, "users.datacorrectionaudit": 0, "notifications.notification": 0, "training.deputationposting": 0, "users.departmentmembership": 5, "audit.historicalauditreport": 0, "training.historicalworkshop": 0, "training.residentsubmission": 0, "training.rotationassignment": 0, "training.rotationcompletion": 0, "training.submissiondocument": 0, "backup_center.backupauditlog": 3, "bulk.historicalmappingpreset": 0, "rotations.hospitaldepartment": 50, "training.rotationcertificate": 0, "users.supervisorresidentlink": 4, "training.historicalworkshoprun": 0, "training.submissioncertificate": 0, "django_celery_beat.periodictask": 1, "training.historicalleaverequest": 0, "training.historicallogbookentry": 56, "training.logbookthresholdconfig": 2, "training.residenttrainingrecord": 7, "django_celery_beat.periodictasks": 1, "django_celery_beat.solarschedule": 0, "training.historicallogbookreview": 20, "training.historicalprogrampolicy": 0, "training.historicalworkshopblock": 0, "training.programrotationtemplate": 0, "training.residentresearchproject": 1, "training.historicalresidentthesis": 0, "training.logbookthresholdsnapshot": 3, "bulk.historicalflexibleimportaudit": 6, "django_celery_beat.clockedschedule": 0, "django_celery_beat.crontabschedule": 1, "training.historicaltrainingprogram": 24, "django_celery_beat.intervalschedule": 0, "training.historicalprogrammilestone": 24, "training.historicalsubmissionreview": 0, "training.programrotationrequirement": 1, "training.residentworkshopcompletion": 0, "notifications.notificationpreference": 0, "training.historicaldeputationposting": 0, "training.historicalresidentsubmission": 0, "training.historicalrotationassignment": 0, "training.historicalrotationcompletion": 0, "training.historicalsubmissiondocument": 0, "training.residentmilestoneeligibility": 4, "training.historicalrotationcertificate": 0, "training.submissionrequirementtemplate": 4, "training.historicalsubmissioncertificate": 0, "training.historicallogbookthresholdconfig": 28, "training.historicalresidenttrainingrecord": 37, "training.historicalprogramrotationtemplate": 0, "training.historicalresidentresearchproject": 7, "training.programmilestonelogbookrequirement": 0, "training.programmilestoneresearchrequirement": 2, "training.programmilestoneworkshoprequirement": 0, "training.historicalprogramrotationrequirement": 14, "training.historicalresidentworkshopcompletion": 0, "training.historicalsubmissionrequirementtemplate": 56, "training.historicalprogrammilestonelogbookrequirement": 0, "training.historicalprogrammilestoneresearchrequirement": 28, "training.historicalprogrammilestoneworkshoprequirement": 0}, "media_summary": {"file_count": 1, "tree_sha256": "958b642cb249e731efcbdebd4ba5caefbd54a578164ce0e7a1a1dedaafb574ce", "total_size_bytes": 35, "media_root_exists": true}, "media_included": true, "database_engine": "django.db.backends.postgresql", "backup_format_version": "1.2"}	django.db.backends.postgresql	t	2026-05-31 00:41:38.051157+00	2026-05-31 00:41:42.32523+00	\N	1	routine_application_data	{"auth.group": 6, "users.user": 17, "admin.logentry": 0, "auth.permission": 384, "sessions.session": 2, "audit.activitylog": 369, "audit.auditreport": 0, "training.workshop": 0, "bulk.bulkoperation": 10, "bulk.mappingpreset": 0, "rotations.hospital": 4, "users.staffprofile": 0, "users.hodassignment": 1, "academics.department": 20, "training.workshoprun": 0, "users.historicaluser": 242, "training.leaverequest": 0, "training.logbookentry": 0, "users.residentprofile": 0, "training.logbookreview": 0, "training.programpolicy": 0, "training.workshopblock": 0, "backup_center.backupjob": 2, "training.residentthesis": 0, "backup_center.restorejob": 0, "bulk.flexibleimportaudit": 3, "contenttypes.contenttype": 96, "training.trainingprogram": 3, "users.hospitalassignment": 0, "training.programmilestone": 2, "training.submissionreview": 0, "users.datacorrectionaudit": 0, "notifications.notification": 0, "training.deputationposting": 0, "users.departmentmembership": 5, "audit.historicalauditreport": 0, "training.historicalworkshop": 0, "training.residentsubmission": 0, "training.rotationassignment": 0, "training.rotationcompletion": 0, "training.submissiondocument": 0, "backup_center.backupauditlog": 3, "bulk.historicalmappingpreset": 0, "rotations.hospitaldepartment": 50, "training.rotationcertificate": 0, "users.supervisorresidentlink": 4, "training.historicalworkshoprun": 0, "training.submissioncertificate": 0, "django_celery_beat.periodictask": 1, "training.historicalleaverequest": 0, "training.historicallogbookentry": 56, "training.logbookthresholdconfig": 2, "training.residenttrainingrecord": 7, "django_celery_beat.periodictasks": 1, "django_celery_beat.solarschedule": 0, "training.historicallogbookreview": 20, "training.historicalprogrampolicy": 0, "training.historicalworkshopblock": 0, "training.programrotationtemplate": 0, "training.residentresearchproject": 1, "training.historicalresidentthesis": 0, "training.logbookthresholdsnapshot": 3, "bulk.historicalflexibleimportaudit": 6, "django_celery_beat.clockedschedule": 0, "django_celery_beat.crontabschedule": 1, "training.historicaltrainingprogram": 24, "django_celery_beat.intervalschedule": 0, "training.historicalprogrammilestone": 24, "training.historicalsubmissionreview": 0, "training.programrotationrequirement": 1, "training.residentworkshopcompletion": 0, "notifications.notificationpreference": 0, "training.historicaldeputationposting": 0, "training.historicalresidentsubmission": 0, "training.historicalrotationassignment": 0, "training.historicalrotationcompletion": 0, "training.historicalsubmissiondocument": 0, "training.residentmilestoneeligibility": 4, "training.historicalrotationcertificate": 0, "training.submissionrequirementtemplate": 4, "training.historicalsubmissioncertificate": 0, "training.historicallogbookthresholdconfig": 28, "training.historicalresidenttrainingrecord": 37, "training.historicalprogramrotationtemplate": 0, "training.historicalresidentresearchproject": 7, "training.programmilestonelogbookrequirement": 0, "training.programmilestoneresearchrequirement": 2, "training.programmilestoneworkshoprequirement": 0, "training.historicalprogramrotationrequirement": 14, "training.historicalresidentworkshopcompletion": 0, "training.historicalsubmissionrequirementtemplate": 56, "training.historicalprogrammilestonelogbookrequirement": 0, "training.historicalprogrammilestoneresearchrequirement": 28, "training.historicalprogrammilestoneworkshoprequirement": 0}	{"file_count": 1, "tree_sha256": "958b642cb249e731efcbdebd4ba5caefbd54a578164ce0e7a1a1dedaafb574ce", "total_size_bytes": 35, "media_root_exists": true}	1.0.0	unknown	unknown		\N	\N	\N	not_uploaded	f	unencrypted	\N	\N	\N	\N	\N	\N	\N	\N	\N	not_uploaded
4	automatic	completed	/app/backups/PGSIMS_DATA_BACKUP_2026-05-31_004150_997395.pgsimsbak	PGSIMS_DATA_BACKUP_2026-05-31_004150_997395.pgsimsbak	101783	65f6d2eba983adbf86f65eec1e216806c8786fc34fe9367d2ea762889a191a34	{"notes": "Internal routine backup for Disaster Recovery: 3", "branch": "unknown", "app_name": "PGSIMS", "created_at": "2026-05-31T00:41:51.510594+00:00", "created_by": "admin@pgsims.local", "app_version": "1.0.0", "backup_kind": "routine_application_data", "commit_hash": "unknown", "table_counts": {"auth.group": 6, "users.user": 17, "admin.logentry": 0, "auth.permission": 384, "sessions.session": 2, "audit.activitylog": 369, "audit.auditreport": 0, "training.workshop": 0, "bulk.bulkoperation": 10, "bulk.mappingpreset": 0, "rotations.hospital": 4, "users.staffprofile": 0, "users.hodassignment": 1, "academics.department": 20, "training.workshoprun": 0, "users.historicaluser": 242, "training.leaverequest": 0, "training.logbookentry": 0, "users.residentprofile": 0, "training.logbookreview": 0, "training.programpolicy": 0, "training.workshopblock": 0, "backup_center.backupjob": 4, "training.residentthesis": 0, "backup_center.restorejob": 0, "bulk.flexibleimportaudit": 3, "contenttypes.contenttype": 96, "training.trainingprogram": 3, "users.hospitalassignment": 0, "training.programmilestone": 2, "training.submissionreview": 0, "users.datacorrectionaudit": 0, "notifications.notification": 0, "training.deputationposting": 0, "users.departmentmembership": 5, "audit.historicalauditreport": 0, "training.historicalworkshop": 0, "training.residentsubmission": 0, "training.rotationassignment": 0, "training.rotationcompletion": 0, "training.submissiondocument": 0, "backup_center.backupauditlog": 6, "bulk.historicalmappingpreset": 0, "rotations.hospitaldepartment": 50, "training.rotationcertificate": 0, "users.supervisorresidentlink": 4, "training.historicalworkshoprun": 0, "training.submissioncertificate": 0, "django_celery_beat.periodictask": 1, "training.historicalleaverequest": 0, "training.historicallogbookentry": 56, "training.logbookthresholdconfig": 2, "training.residenttrainingrecord": 7, "django_celery_beat.periodictasks": 1, "django_celery_beat.solarschedule": 0, "training.historicallogbookreview": 20, "training.historicalprogrampolicy": 0, "training.historicalworkshopblock": 0, "training.programrotationtemplate": 0, "training.residentresearchproject": 1, "training.historicalresidentthesis": 0, "training.logbookthresholdsnapshot": 3, "bulk.historicalflexibleimportaudit": 6, "django_celery_beat.clockedschedule": 0, "django_celery_beat.crontabschedule": 1, "training.historicaltrainingprogram": 24, "django_celery_beat.intervalschedule": 0, "training.historicalprogrammilestone": 24, "training.historicalsubmissionreview": 0, "training.programrotationrequirement": 1, "training.residentworkshopcompletion": 0, "notifications.notificationpreference": 0, "training.historicaldeputationposting": 0, "training.historicalresidentsubmission": 0, "training.historicalrotationassignment": 0, "training.historicalrotationcompletion": 0, "training.historicalsubmissiondocument": 0, "training.residentmilestoneeligibility": 4, "training.historicalrotationcertificate": 0, "training.submissionrequirementtemplate": 4, "training.historicalsubmissioncertificate": 0, "training.historicallogbookthresholdconfig": 28, "training.historicalresidenttrainingrecord": 37, "training.historicalprogramrotationtemplate": 0, "training.historicalresidentresearchproject": 7, "training.programmilestonelogbookrequirement": 0, "training.programmilestoneresearchrequirement": 2, "training.programmilestoneworkshoprequirement": 0, "training.historicalprogramrotationrequirement": 14, "training.historicalresidentworkshopcompletion": 0, "training.historicalsubmissionrequirementtemplate": 56, "training.historicalprogrammilestonelogbookrequirement": 0, "training.historicalprogrammilestoneresearchrequirement": 28, "training.historicalprogrammilestoneworkshoprequirement": 0}, "media_summary": {"file_count": 1, "tree_sha256": "958b642cb249e731efcbdebd4ba5caefbd54a578164ce0e7a1a1dedaafb574ce", "total_size_bytes": 35, "media_root_exists": true}, "media_included": true, "database_engine": "django.db.backends.postgresql", "backup_format_version": "1.2"}	django.db.backends.postgresql	t	2026-05-31 00:41:50.992349+00	2026-05-31 00:41:51.527596+00	\N	1	routine_application_data	{"auth.group": 6, "users.user": 17, "admin.logentry": 0, "auth.permission": 384, "sessions.session": 2, "audit.activitylog": 369, "audit.auditreport": 0, "training.workshop": 0, "bulk.bulkoperation": 10, "bulk.mappingpreset": 0, "rotations.hospital": 4, "users.staffprofile": 0, "users.hodassignment": 1, "academics.department": 20, "training.workshoprun": 0, "users.historicaluser": 242, "training.leaverequest": 0, "training.logbookentry": 0, "users.residentprofile": 0, "training.logbookreview": 0, "training.programpolicy": 0, "training.workshopblock": 0, "backup_center.backupjob": 4, "training.residentthesis": 0, "backup_center.restorejob": 0, "bulk.flexibleimportaudit": 3, "contenttypes.contenttype": 96, "training.trainingprogram": 3, "users.hospitalassignment": 0, "training.programmilestone": 2, "training.submissionreview": 0, "users.datacorrectionaudit": 0, "notifications.notification": 0, "training.deputationposting": 0, "users.departmentmembership": 5, "audit.historicalauditreport": 0, "training.historicalworkshop": 0, "training.residentsubmission": 0, "training.rotationassignment": 0, "training.rotationcompletion": 0, "training.submissiondocument": 0, "backup_center.backupauditlog": 6, "bulk.historicalmappingpreset": 0, "rotations.hospitaldepartment": 50, "training.rotationcertificate": 0, "users.supervisorresidentlink": 4, "training.historicalworkshoprun": 0, "training.submissioncertificate": 0, "django_celery_beat.periodictask": 1, "training.historicalleaverequest": 0, "training.historicallogbookentry": 56, "training.logbookthresholdconfig": 2, "training.residenttrainingrecord": 7, "django_celery_beat.periodictasks": 1, "django_celery_beat.solarschedule": 0, "training.historicallogbookreview": 20, "training.historicalprogrampolicy": 0, "training.historicalworkshopblock": 0, "training.programrotationtemplate": 0, "training.residentresearchproject": 1, "training.historicalresidentthesis": 0, "training.logbookthresholdsnapshot": 3, "bulk.historicalflexibleimportaudit": 6, "django_celery_beat.clockedschedule": 0, "django_celery_beat.crontabschedule": 1, "training.historicaltrainingprogram": 24, "django_celery_beat.intervalschedule": 0, "training.historicalprogrammilestone": 24, "training.historicalsubmissionreview": 0, "training.programrotationrequirement": 1, "training.residentworkshopcompletion": 0, "notifications.notificationpreference": 0, "training.historicaldeputationposting": 0, "training.historicalresidentsubmission": 0, "training.historicalrotationassignment": 0, "training.historicalrotationcompletion": 0, "training.historicalsubmissiondocument": 0, "training.residentmilestoneeligibility": 4, "training.historicalrotationcertificate": 0, "training.submissionrequirementtemplate": 4, "training.historicalsubmissioncertificate": 0, "training.historicallogbookthresholdconfig": 28, "training.historicalresidenttrainingrecord": 37, "training.historicalprogramrotationtemplate": 0, "training.historicalresidentresearchproject": 7, "training.programmilestonelogbookrequirement": 0, "training.programmilestoneresearchrequirement": 2, "training.programmilestoneworkshoprequirement": 0, "training.historicalprogramrotationrequirement": 14, "training.historicalresidentworkshopcompletion": 0, "training.historicalsubmissionrequirementtemplate": 56, "training.historicalprogrammilestonelogbookrequirement": 0, "training.historicalprogrammilestoneresearchrequirement": 28, "training.historicalprogrammilestoneworkshoprequirement": 0}	{"file_count": 1, "tree_sha256": "958b642cb249e731efcbdebd4ba5caefbd54a578164ce0e7a1a1dedaafb574ce", "total_size_bytes": 35, "media_root_exists": true}	1.0.0	unknown	unknown	Internal routine backup for Disaster Recovery: 3	\N	\N	\N	not_uploaded	f	unencrypted	\N	\N	\N	\N	\N	\N	\N	\N	\N	not_uploaded
3	manual	completed	/app/backups/PGSIMS_DISASTER_BACKUP_2026-05-31_004151_533451.pgsimsdr	PGSIMS_DISASTER_BACKUP_2026-05-31_004151_533451.pgsimsdr	101541	3764534fa72bbd43d3a1b5799f6c2ff54545a22db6f173d3741baebc46256b42	\N	django.db.backends.postgresql	f	2026-05-31 00:41:50.985425+00	2026-05-31 00:41:51.539487+00	\N	1	disaster_recovery	\N	\N	1.0.0	unknown	unknown		\N	\N	\N	not_uploaded	f	unencrypted	\N	\N	\N	\N	\N	\N	\N	\N	\N	not_uploaded
5	manual	completed	/app/backups/PGSIMS_DATA_BACKUP_2026-06-02_080206_019169.pgsimsbak	PGSIMS_DATA_BACKUP_2026-06-02_080206_019169.pgsimsbak	106415	295174d3e64e1b7ab25d08fb2f1b78c5eaf8f2459d5e1b8862bfabb305c48bbf	{"notes": "", "branch": "unknown", "app_name": "PGSIMS", "created_at": "2026-06-02T08:02:07.562050+00:00", "created_by": "admin@pgsims.local", "app_version": "1.0.0", "backup_kind": "routine_application_data", "commit_hash": "unknown", "table_counts": {"auth.group": 7, "users.user": 17, "admin.logentry": 2, "auth.permission": 392, "sessions.session": 4, "audit.activitylog": 376, "audit.auditreport": 0, "training.workshop": 0, "bulk.bulkoperation": 10, "bulk.mappingpreset": 0, "rotations.hospital": 4, "users.staffprofile": 0, "users.hodassignment": 1, "academics.department": 20, "training.workshoprun": 0, "users.historicaluser": 249, "training.leaverequest": 0, "training.logbookentry": 0, "users.residentprofile": 0, "training.logbookreview": 0, "training.programpolicy": 0, "training.workshopblock": 0, "backup_center.backupjob": 5, "training.residentthesis": 0, "backup_center.restorejob": 0, "bulk.flexibleimportaudit": 3, "contenttypes.contenttype": 98, "training.trainingprogram": 3, "users.hospitalassignment": 0, "training.programmilestone": 2, "training.submissionreview": 0, "users.datacorrectionaudit": 0, "notifications.notification": 0, "training.deputationposting": 0, "users.departmentmembership": 5, "audit.historicalauditreport": 0, "training.historicalworkshop": 0, "training.residentsubmission": 0, "training.rotationassignment": 0, "training.rotationcompletion": 0, "training.submissiondocument": 0, "backup_center.backupauditlog": 14, "bulk.historicalmappingpreset": 0, "rotations.hospitaldepartment": 50, "training.rotationcertificate": 0, "users.supervisorresidentlink": 4, "backup_center.backupcloudcopy": 0, "training.historicalworkshoprun": 0, "training.submissioncertificate": 0, "django_celery_beat.periodictask": 1, "training.historicalleaverequest": 0, "training.historicallogbookentry": 56, "training.logbookthresholdconfig": 2, "training.residenttrainingrecord": 7, "django_celery_beat.periodictasks": 1, "django_celery_beat.solarschedule": 0, "training.historicallogbookreview": 20, "training.historicalprogrampolicy": 0, "training.historicalworkshopblock": 0, "training.programrotationtemplate": 0, "training.residentresearchproject": 1, "training.historicalresidentthesis": 0, "training.logbookthresholdsnapshot": 3, "bulk.historicalflexibleimportaudit": 6, "django_celery_beat.clockedschedule": 0, "django_celery_beat.crontabschedule": 1, "training.historicaltrainingprogram": 24, "backup_center.backupcloudconnection": 1, "django_celery_beat.intervalschedule": 0, "training.historicalprogrammilestone": 24, "training.historicalsubmissionreview": 0, "training.programrotationrequirement": 1, "training.residentworkshopcompletion": 0, "notifications.notificationpreference": 0, "training.historicaldeputationposting": 0, "training.historicalresidentsubmission": 0, "training.historicalrotationassignment": 0, "training.historicalrotationcompletion": 0, "training.historicalsubmissiondocument": 0, "training.residentmilestoneeligibility": 4, "training.historicalrotationcertificate": 0, "training.submissionrequirementtemplate": 4, "training.historicalsubmissioncertificate": 0, "training.historicallogbookthresholdconfig": 28, "training.historicalresidenttrainingrecord": 37, "training.historicalprogramrotationtemplate": 0, "training.historicalresidentresearchproject": 7, "training.programmilestonelogbookrequirement": 0, "training.programmilestoneresearchrequirement": 2, "training.programmilestoneworkshoprequirement": 0, "training.historicalprogramrotationrequirement": 14, "training.historicalresidentworkshopcompletion": 0, "training.historicalsubmissionrequirementtemplate": 56, "training.historicalprogrammilestonelogbookrequirement": 0, "training.historicalprogrammilestoneresearchrequirement": 28, "training.historicalprogrammilestoneworkshoprequirement": 0}, "media_summary": {"file_count": 1, "tree_sha256": "958b642cb249e731efcbdebd4ba5caefbd54a578164ce0e7a1a1dedaafb574ce", "total_size_bytes": 35, "media_root_exists": true}, "media_included": true, "database_engine": "django.db.backends.postgresql", "backup_format_version": "1.2"}	django.db.backends.postgresql	t	2026-06-02 08:02:06.008967+00	2026-06-02 08:02:07.584148+00	\N	1	routine_application_data	{"auth.group": 7, "users.user": 17, "admin.logentry": 2, "auth.permission": 392, "sessions.session": 4, "audit.activitylog": 376, "audit.auditreport": 0, "training.workshop": 0, "bulk.bulkoperation": 10, "bulk.mappingpreset": 0, "rotations.hospital": 4, "users.staffprofile": 0, "users.hodassignment": 1, "academics.department": 20, "training.workshoprun": 0, "users.historicaluser": 249, "training.leaverequest": 0, "training.logbookentry": 0, "users.residentprofile": 0, "training.logbookreview": 0, "training.programpolicy": 0, "training.workshopblock": 0, "backup_center.backupjob": 5, "training.residentthesis": 0, "backup_center.restorejob": 0, "bulk.flexibleimportaudit": 3, "contenttypes.contenttype": 98, "training.trainingprogram": 3, "users.hospitalassignment": 0, "training.programmilestone": 2, "training.submissionreview": 0, "users.datacorrectionaudit": 0, "notifications.notification": 0, "training.deputationposting": 0, "users.departmentmembership": 5, "audit.historicalauditreport": 0, "training.historicalworkshop": 0, "training.residentsubmission": 0, "training.rotationassignment": 0, "training.rotationcompletion": 0, "training.submissiondocument": 0, "backup_center.backupauditlog": 14, "bulk.historicalmappingpreset": 0, "rotations.hospitaldepartment": 50, "training.rotationcertificate": 0, "users.supervisorresidentlink": 4, "backup_center.backupcloudcopy": 0, "training.historicalworkshoprun": 0, "training.submissioncertificate": 0, "django_celery_beat.periodictask": 1, "training.historicalleaverequest": 0, "training.historicallogbookentry": 56, "training.logbookthresholdconfig": 2, "training.residenttrainingrecord": 7, "django_celery_beat.periodictasks": 1, "django_celery_beat.solarschedule": 0, "training.historicallogbookreview": 20, "training.historicalprogrampolicy": 0, "training.historicalworkshopblock": 0, "training.programrotationtemplate": 0, "training.residentresearchproject": 1, "training.historicalresidentthesis": 0, "training.logbookthresholdsnapshot": 3, "bulk.historicalflexibleimportaudit": 6, "django_celery_beat.clockedschedule": 0, "django_celery_beat.crontabschedule": 1, "training.historicaltrainingprogram": 24, "backup_center.backupcloudconnection": 1, "django_celery_beat.intervalschedule": 0, "training.historicalprogrammilestone": 24, "training.historicalsubmissionreview": 0, "training.programrotationrequirement": 1, "training.residentworkshopcompletion": 0, "notifications.notificationpreference": 0, "training.historicaldeputationposting": 0, "training.historicalresidentsubmission": 0, "training.historicalrotationassignment": 0, "training.historicalrotationcompletion": 0, "training.historicalsubmissiondocument": 0, "training.residentmilestoneeligibility": 4, "training.historicalrotationcertificate": 0, "training.submissionrequirementtemplate": 4, "training.historicalsubmissioncertificate": 0, "training.historicallogbookthresholdconfig": 28, "training.historicalresidenttrainingrecord": 37, "training.historicalprogramrotationtemplate": 0, "training.historicalresidentresearchproject": 7, "training.programmilestonelogbookrequirement": 0, "training.programmilestoneresearchrequirement": 2, "training.programmilestoneworkshoprequirement": 0, "training.historicalprogramrotationrequirement": 14, "training.historicalresidentworkshopcompletion": 0, "training.historicalsubmissionrequirementtemplate": 56, "training.historicalprogrammilestonelogbookrequirement": 0, "training.historicalprogrammilestoneresearchrequirement": 28, "training.historicalprogrammilestoneworkshoprequirement": 0}	{"file_count": 1, "tree_sha256": "958b642cb249e731efcbdebd4ba5caefbd54a578164ce0e7a1a1dedaafb574ce", "total_size_bytes": 35, "media_root_exists": true}	1.0.0	unknown	unknown		\N	\N	\N	not_uploaded	f	unencrypted	\N	\N	\N	\N	\N	\N	\N	\N	\N	not_uploaded
7	automatic	completed	/app/backups/PGSIMS_DATA_BACKUP_2026-06-02_080256_725262.pgsimsbak	PGSIMS_DATA_BACKUP_2026-06-02_080256_725262.pgsimsbak	108593	0408dc799f3c9b0da36c6a9007d46c46f6edea256fb02e4a468d2de62b1de2a8	{"notes": "Internal routine backup for Disaster Recovery: 6", "branch": "unknown", "app_name": "PGSIMS", "created_at": "2026-06-02T08:02:57.371392+00:00", "created_by": "admin@pgsims.local", "app_version": "1.0.0", "backup_kind": "routine_application_data", "commit_hash": "unknown", "table_counts": {"auth.group": 7, "users.user": 17, "admin.logentry": 2, "auth.permission": 392, "sessions.session": 4, "audit.activitylog": 376, "audit.auditreport": 0, "training.workshop": 0, "bulk.bulkoperation": 10, "bulk.mappingpreset": 0, "rotations.hospital": 4, "users.staffprofile": 0, "users.hodassignment": 1, "academics.department": 20, "training.workshoprun": 0, "users.historicaluser": 249, "training.leaverequest": 0, "training.logbookentry": 0, "users.residentprofile": 0, "training.logbookreview": 0, "training.programpolicy": 0, "training.workshopblock": 0, "backup_center.backupjob": 7, "training.residentthesis": 0, "backup_center.restorejob": 0, "bulk.flexibleimportaudit": 3, "contenttypes.contenttype": 98, "training.trainingprogram": 3, "users.hospitalassignment": 0, "training.programmilestone": 2, "training.submissionreview": 0, "users.datacorrectionaudit": 0, "notifications.notification": 0, "training.deputationposting": 0, "users.departmentmembership": 5, "audit.historicalauditreport": 0, "training.historicalworkshop": 0, "training.residentsubmission": 0, "training.rotationassignment": 0, "training.rotationcompletion": 0, "training.submissiondocument": 0, "backup_center.backupauditlog": 21, "bulk.historicalmappingpreset": 0, "rotations.hospitaldepartment": 50, "training.rotationcertificate": 0, "users.supervisorresidentlink": 4, "backup_center.backupcloudcopy": 1, "training.historicalworkshoprun": 0, "training.submissioncertificate": 0, "django_celery_beat.periodictask": 1, "training.historicalleaverequest": 0, "training.historicallogbookentry": 56, "training.logbookthresholdconfig": 2, "training.residenttrainingrecord": 7, "django_celery_beat.periodictasks": 1, "django_celery_beat.solarschedule": 0, "training.historicallogbookreview": 20, "training.historicalprogrampolicy": 0, "training.historicalworkshopblock": 0, "training.programrotationtemplate": 0, "training.residentresearchproject": 1, "training.historicalresidentthesis": 0, "training.logbookthresholdsnapshot": 3, "bulk.historicalflexibleimportaudit": 6, "django_celery_beat.clockedschedule": 0, "django_celery_beat.crontabschedule": 1, "training.historicaltrainingprogram": 24, "backup_center.backupcloudconnection": 1, "django_celery_beat.intervalschedule": 0, "training.historicalprogrammilestone": 24, "training.historicalsubmissionreview": 0, "training.programrotationrequirement": 1, "training.residentworkshopcompletion": 0, "notifications.notificationpreference": 0, "training.historicaldeputationposting": 0, "training.historicalresidentsubmission": 0, "training.historicalrotationassignment": 0, "training.historicalrotationcompletion": 0, "training.historicalsubmissiondocument": 0, "training.residentmilestoneeligibility": 4, "training.historicalrotationcertificate": 0, "training.submissionrequirementtemplate": 4, "training.historicalsubmissioncertificate": 0, "training.historicallogbookthresholdconfig": 28, "training.historicalresidenttrainingrecord": 37, "training.historicalprogramrotationtemplate": 0, "training.historicalresidentresearchproject": 7, "training.programmilestonelogbookrequirement": 0, "training.programmilestoneresearchrequirement": 2, "training.programmilestoneworkshoprequirement": 0, "training.historicalprogramrotationrequirement": 14, "training.historicalresidentworkshopcompletion": 0, "training.historicalsubmissionrequirementtemplate": 56, "training.historicalprogrammilestonelogbookrequirement": 0, "training.historicalprogrammilestoneresearchrequirement": 28, "training.historicalprogrammilestoneworkshoprequirement": 0}, "media_summary": {"file_count": 1, "tree_sha256": "958b642cb249e731efcbdebd4ba5caefbd54a578164ce0e7a1a1dedaafb574ce", "total_size_bytes": 35, "media_root_exists": true}, "media_included": true, "database_engine": "django.db.backends.postgresql", "backup_format_version": "1.2"}	django.db.backends.postgresql	t	2026-06-02 08:02:56.717805+00	2026-06-02 08:02:57.388818+00	\N	1	routine_application_data	{"auth.group": 7, "users.user": 17, "admin.logentry": 2, "auth.permission": 392, "sessions.session": 4, "audit.activitylog": 376, "audit.auditreport": 0, "training.workshop": 0, "bulk.bulkoperation": 10, "bulk.mappingpreset": 0, "rotations.hospital": 4, "users.staffprofile": 0, "users.hodassignment": 1, "academics.department": 20, "training.workshoprun": 0, "users.historicaluser": 249, "training.leaverequest": 0, "training.logbookentry": 0, "users.residentprofile": 0, "training.logbookreview": 0, "training.programpolicy": 0, "training.workshopblock": 0, "backup_center.backupjob": 7, "training.residentthesis": 0, "backup_center.restorejob": 0, "bulk.flexibleimportaudit": 3, "contenttypes.contenttype": 98, "training.trainingprogram": 3, "users.hospitalassignment": 0, "training.programmilestone": 2, "training.submissionreview": 0, "users.datacorrectionaudit": 0, "notifications.notification": 0, "training.deputationposting": 0, "users.departmentmembership": 5, "audit.historicalauditreport": 0, "training.historicalworkshop": 0, "training.residentsubmission": 0, "training.rotationassignment": 0, "training.rotationcompletion": 0, "training.submissiondocument": 0, "backup_center.backupauditlog": 21, "bulk.historicalmappingpreset": 0, "rotations.hospitaldepartment": 50, "training.rotationcertificate": 0, "users.supervisorresidentlink": 4, "backup_center.backupcloudcopy": 1, "training.historicalworkshoprun": 0, "training.submissioncertificate": 0, "django_celery_beat.periodictask": 1, "training.historicalleaverequest": 0, "training.historicallogbookentry": 56, "training.logbookthresholdconfig": 2, "training.residenttrainingrecord": 7, "django_celery_beat.periodictasks": 1, "django_celery_beat.solarschedule": 0, "training.historicallogbookreview": 20, "training.historicalprogrampolicy": 0, "training.historicalworkshopblock": 0, "training.programrotationtemplate": 0, "training.residentresearchproject": 1, "training.historicalresidentthesis": 0, "training.logbookthresholdsnapshot": 3, "bulk.historicalflexibleimportaudit": 6, "django_celery_beat.clockedschedule": 0, "django_celery_beat.crontabschedule": 1, "training.historicaltrainingprogram": 24, "backup_center.backupcloudconnection": 1, "django_celery_beat.intervalschedule": 0, "training.historicalprogrammilestone": 24, "training.historicalsubmissionreview": 0, "training.programrotationrequirement": 1, "training.residentworkshopcompletion": 0, "notifications.notificationpreference": 0, "training.historicaldeputationposting": 0, "training.historicalresidentsubmission": 0, "training.historicalrotationassignment": 0, "training.historicalrotationcompletion": 0, "training.historicalsubmissiondocument": 0, "training.residentmilestoneeligibility": 4, "training.historicalrotationcertificate": 0, "training.submissionrequirementtemplate": 4, "training.historicalsubmissioncertificate": 0, "training.historicallogbookthresholdconfig": 28, "training.historicalresidenttrainingrecord": 37, "training.historicalprogramrotationtemplate": 0, "training.historicalresidentresearchproject": 7, "training.programmilestonelogbookrequirement": 0, "training.programmilestoneresearchrequirement": 2, "training.programmilestoneworkshoprequirement": 0, "training.historicalprogramrotationrequirement": 14, "training.historicalresidentworkshopcompletion": 0, "training.historicalsubmissionrequirementtemplate": 56, "training.historicalprogrammilestonelogbookrequirement": 0, "training.historicalprogrammilestoneresearchrequirement": 28, "training.historicalprogrammilestoneworkshoprequirement": 0}	{"file_count": 1, "tree_sha256": "958b642cb249e731efcbdebd4ba5caefbd54a578164ce0e7a1a1dedaafb574ce", "total_size_bytes": 35, "media_root_exists": true}	1.0.0	unknown	unknown	Internal routine backup for Disaster Recovery: 6	\N	\N	\N	not_uploaded	f	unencrypted	\N	\N	\N	\N	\N	\N	\N	\N	\N	not_uploaded
6	manual	completed	/app/backups/PGSIMS_DISASTER_BACKUP_2026-06-02_080257_396220.pgsimsdr	PGSIMS_DISASTER_BACKUP_2026-06-02_080257_396220.pgsimsdr	108329	987cb8a1201a9613390161fff5b230bc031634d9f7fafbe66422c97ce72d706a	\N	django.db.backends.postgresql	f	2026-06-02 08:02:56.708716+00	2026-06-02 08:02:57.401855+00	\N	1	disaster_recovery	\N	\N	1.0.0	unknown	unknown		\N	\N	\N	not_uploaded	f	unencrypted	\N	\N	\N	\N	\N	\N	\N	\N	\N	not_uploaded
8	manual	completed	/app/backups/PGSIMS_DATA_BACKUP_2026-06-04_194437_887853.pgsimsbak	PGSIMS_DATA_BACKUP_2026-06-04_194437_887853.pgsimsbak	109356	d7b418b6da4b614e2451bbcc4543f962aa7fd37ef9b009d79d566653a3b00fb8	{"notes": null, "branch": "unknown", "app_name": "PGSIMS", "created_at": "2026-06-04T19:44:38.954350+00:00", "created_by": "system", "app_version": "1.0.0", "backup_kind": "routine_application_data", "commit_hash": "unknown", "table_counts": {"auth.group": 7, "users.user": 17, "admin.logentry": 2, "auth.permission": 392, "sessions.session": 4, "audit.activitylog": 376, "audit.auditreport": 0, "training.workshop": 0, "bulk.bulkoperation": 10, "bulk.mappingpreset": 0, "rotations.hospital": 4, "users.staffprofile": 0, "users.hodassignment": 1, "academics.department": 20, "training.workshoprun": 0, "users.historicaluser": 249, "training.leaverequest": 0, "training.logbookentry": 0, "users.residentprofile": 0, "training.logbookreview": 0, "training.programpolicy": 0, "training.workshopblock": 0, "backup_center.backupjob": 8, "training.residentthesis": 0, "backup_center.restorejob": 0, "bulk.flexibleimportaudit": 3, "contenttypes.contenttype": 98, "training.trainingprogram": 3, "users.hospitalassignment": 0, "training.programmilestone": 2, "training.submissionreview": 0, "users.datacorrectionaudit": 0, "notifications.notification": 0, "training.deputationposting": 0, "users.departmentmembership": 5, "audit.historicalauditreport": 0, "training.historicalworkshop": 0, "training.residentsubmission": 0, "training.rotationassignment": 0, "training.rotationcompletion": 0, "training.submissiondocument": 0, "backup_center.backupauditlog": 27, "bulk.historicalmappingpreset": 0, "rotations.hospitaldepartment": 50, "training.rotationcertificate": 0, "users.supervisorresidentlink": 4, "backup_center.backupcloudcopy": 3, "training.historicalworkshoprun": 0, "training.submissioncertificate": 0, "django_celery_beat.periodictask": 1, "training.historicalleaverequest": 0, "training.historicallogbookentry": 56, "training.logbookthresholdconfig": 2, "training.residenttrainingrecord": 7, "django_celery_beat.periodictasks": 1, "django_celery_beat.solarschedule": 0, "training.historicallogbookreview": 20, "training.historicalprogrampolicy": 0, "training.historicalworkshopblock": 0, "training.programrotationtemplate": 0, "training.residentresearchproject": 1, "training.historicalresidentthesis": 0, "training.logbookthresholdsnapshot": 3, "bulk.historicalflexibleimportaudit": 6, "django_celery_beat.clockedschedule": 0, "django_celery_beat.crontabschedule": 1, "training.historicaltrainingprogram": 24, "backup_center.backupcloudconnection": 1, "django_celery_beat.intervalschedule": 0, "training.historicalprogrammilestone": 24, "training.historicalsubmissionreview": 0, "training.programrotationrequirement": 1, "training.residentworkshopcompletion": 0, "notifications.notificationpreference": 0, "training.historicaldeputationposting": 0, "training.historicalresidentsubmission": 0, "training.historicalrotationassignment": 0, "training.historicalrotationcompletion": 0, "training.historicalsubmissiondocument": 0, "training.residentmilestoneeligibility": 4, "training.historicalrotationcertificate": 0, "training.submissionrequirementtemplate": 4, "training.historicalsubmissioncertificate": 0, "training.historicallogbookthresholdconfig": 28, "training.historicalresidenttrainingrecord": 37, "training.historicalprogramrotationtemplate": 0, "training.historicalresidentresearchproject": 7, "training.programmilestonelogbookrequirement": 0, "training.programmilestoneresearchrequirement": 2, "training.programmilestoneworkshoprequirement": 0, "training.historicalprogramrotationrequirement": 14, "training.historicalresidentworkshopcompletion": 0, "training.historicalsubmissionrequirementtemplate": 56, "training.historicalprogrammilestonelogbookrequirement": 0, "training.historicalprogrammilestoneresearchrequirement": 28, "training.historicalprogrammilestoneworkshoprequirement": 0}, "media_summary": {"file_count": 1, "tree_sha256": "958b642cb249e731efcbdebd4ba5caefbd54a578164ce0e7a1a1dedaafb574ce", "total_size_bytes": 35, "media_root_exists": true}, "media_included": true, "database_engine": "django.db.backends.postgresql", "backup_format_version": "1.2"}	django.db.backends.postgresql	t	2026-06-04 19:44:37.863274+00	2026-06-04 19:44:39.007817+00	\N	\N	routine_application_data	{"auth.group": 7, "users.user": 17, "admin.logentry": 2, "auth.permission": 392, "sessions.session": 4, "audit.activitylog": 376, "audit.auditreport": 0, "training.workshop": 0, "bulk.bulkoperation": 10, "bulk.mappingpreset": 0, "rotations.hospital": 4, "users.staffprofile": 0, "users.hodassignment": 1, "academics.department": 20, "training.workshoprun": 0, "users.historicaluser": 249, "training.leaverequest": 0, "training.logbookentry": 0, "users.residentprofile": 0, "training.logbookreview": 0, "training.programpolicy": 0, "training.workshopblock": 0, "backup_center.backupjob": 8, "training.residentthesis": 0, "backup_center.restorejob": 0, "bulk.flexibleimportaudit": 3, "contenttypes.contenttype": 98, "training.trainingprogram": 3, "users.hospitalassignment": 0, "training.programmilestone": 2, "training.submissionreview": 0, "users.datacorrectionaudit": 0, "notifications.notification": 0, "training.deputationposting": 0, "users.departmentmembership": 5, "audit.historicalauditreport": 0, "training.historicalworkshop": 0, "training.residentsubmission": 0, "training.rotationassignment": 0, "training.rotationcompletion": 0, "training.submissiondocument": 0, "backup_center.backupauditlog": 27, "bulk.historicalmappingpreset": 0, "rotations.hospitaldepartment": 50, "training.rotationcertificate": 0, "users.supervisorresidentlink": 4, "backup_center.backupcloudcopy": 3, "training.historicalworkshoprun": 0, "training.submissioncertificate": 0, "django_celery_beat.periodictask": 1, "training.historicalleaverequest": 0, "training.historicallogbookentry": 56, "training.logbookthresholdconfig": 2, "training.residenttrainingrecord": 7, "django_celery_beat.periodictasks": 1, "django_celery_beat.solarschedule": 0, "training.historicallogbookreview": 20, "training.historicalprogrampolicy": 0, "training.historicalworkshopblock": 0, "training.programrotationtemplate": 0, "training.residentresearchproject": 1, "training.historicalresidentthesis": 0, "training.logbookthresholdsnapshot": 3, "bulk.historicalflexibleimportaudit": 6, "django_celery_beat.clockedschedule": 0, "django_celery_beat.crontabschedule": 1, "training.historicaltrainingprogram": 24, "backup_center.backupcloudconnection": 1, "django_celery_beat.intervalschedule": 0, "training.historicalprogrammilestone": 24, "training.historicalsubmissionreview": 0, "training.programrotationrequirement": 1, "training.residentworkshopcompletion": 0, "notifications.notificationpreference": 0, "training.historicaldeputationposting": 0, "training.historicalresidentsubmission": 0, "training.historicalrotationassignment": 0, "training.historicalrotationcompletion": 0, "training.historicalsubmissiondocument": 0, "training.residentmilestoneeligibility": 4, "training.historicalrotationcertificate": 0, "training.submissionrequirementtemplate": 4, "training.historicalsubmissioncertificate": 0, "training.historicallogbookthresholdconfig": 28, "training.historicalresidenttrainingrecord": 37, "training.historicalprogramrotationtemplate": 0, "training.historicalresidentresearchproject": 7, "training.programmilestonelogbookrequirement": 0, "training.programmilestoneresearchrequirement": 2, "training.programmilestoneworkshoprequirement": 0, "training.historicalprogramrotationrequirement": 14, "training.historicalresidentworkshopcompletion": 0, "training.historicalsubmissionrequirementtemplate": 56, "training.historicalprogrammilestonelogbookrequirement": 0, "training.historicalprogrammilestoneresearchrequirement": 28, "training.historicalprogrammilestoneworkshoprequirement": 0}	{"file_count": 1, "tree_sha256": "958b642cb249e731efcbdebd4ba5caefbd54a578164ce0e7a1a1dedaafb574ce", "total_size_bytes": 35, "media_root_exists": true}	1.0.0	unknown	unknown	\N	\N	\N	\N	not_uploaded	f	unencrypted	\N	\N	\N	\N	\N	\N	\N	\N	\N	not_uploaded
\.


--
-- Data for Name: backup_center_restorejob; Type: TABLE DATA; Schema: public; Owner: sims_user
--

COPY public.backup_center_restorejob (id, uploaded_file, uploaded_file_name, status, validation_result_json, started_at, completed_at, error_message, backup_job_id, restored_by_id, safety_backup_id, restore_kind, post_restore_check_json, notes) FROM stdin;
\.


--
-- Data for Name: bulk_bulkoperation; Type: TABLE DATA; Schema: public; Owner: sims_user
--

COPY public.bulk_bulkoperation (id, operation, status, total_items, success_count, failure_count, details, created_at, completed_at, user_id) FROM stdin;
14	import	completed	12	0	12	{"failures": [{"row": 2, "error": "specialty: Unknown specialty 'MS Urology (2 Years G. Surgery + Specialty)'."}, {"row": 3, "error": "specialty: Unknown specialty 'FCPS'."}, {"row": 4, "error": "specialty: Unknown specialty 'MS Urology (2 Years G. Surgery + Specialty)'."}, {"row": 5, "error": "specialty: Unknown specialty 'FCPS'."}, {"row": 6, "error": "specialty: Unknown specialty 'MS Urology (2 Years G. Surgery + Specialty)'."}, {"row": 7, "error": "specialty: Unknown specialty 'FCPS'."}, {"row": 8, "error": "specialty: Unknown specialty 'MS Urology (2 Years G. Surgery + Specialty)'."}, {"row": 9, "error": "specialty: Unknown specialty 'MS Urology (2 Years G. Surgery + Specialty)'."}, {"row": 10, "error": "specialty: Unknown specialty 'MS Urology (2 Years G. Surgery + Specialty)'."}, {"row": 11, "error": "specialty: Unknown specialty 'MS Urology (2 Years G. Surgery + Specialty)'."}, {"row": 12, "error": "specialty: Unknown specialty 'MS Urology (2 Years G. Surgery + Specialty)'."}, {"row": 13, "error": "specialty: Unknown specialty 'MS Urology (2 Years G. Surgery + Specialty)'."}], "successes": []}	2026-06-20 08:11:11.383705+00	2026-06-20 08:11:11.533028+00	1
15	import	completed	12	0	12	{"failures": [{"row": 2, "error": "specialty: Unknown specialty 'MS Urology (2 Years G. Surgery + Specialty)'."}, {"row": 3, "error": "specialty: Unknown specialty 'FCPS'."}, {"row": 4, "error": "specialty: Unknown specialty 'MS Urology (2 Years G. Surgery + Specialty)'."}, {"row": 5, "error": "specialty: Unknown specialty 'FCPS'."}, {"row": 6, "error": "specialty: Unknown specialty 'MS Urology (2 Years G. Surgery + Specialty)'."}, {"row": 7, "error": "specialty: Unknown specialty 'FCPS'."}, {"row": 8, "error": "specialty: Unknown specialty 'MS Urology (2 Years G. Surgery + Specialty)'."}, {"row": 9, "error": "specialty: Unknown specialty 'MS Urology (2 Years G. Surgery + Specialty)'."}, {"row": 10, "error": "specialty: Unknown specialty 'MS Urology (2 Years G. Surgery + Specialty)'."}, {"row": 11, "error": "specialty: Unknown specialty 'MS Urology (2 Years G. Surgery + Specialty)'."}, {"row": 12, "error": "specialty: Unknown specialty 'MS Urology (2 Years G. Surgery + Specialty)'."}, {"row": 13, "error": "specialty: Unknown specialty 'MS Urology (2 Years G. Surgery + Specialty)'."}], "successes": []}	2026-06-20 08:11:40.038658+00	2026-06-20 08:11:40.041622+00	1
\.


--
-- Data for Name: bulk_flexibleimportaudit; Type: TABLE DATA; Schema: public; Owner: sims_user
--

COPY public.bulk_flexibleimportaudit (id, file_name, import_type, mapping_used, dry_run_result, final_import_result, success_count, failure_count, status, error_report_path, created_at, completed_at, uploaded_by_id) FROM stdin;
4	userlist.xlsx	residents	{"role": "", "year": "Year of training", "email": "Email Address", "active": "", "pgr_id": "", "password": "", "username": "", "full_name": "Full name (as per official record)", "specialty": "Program", "phone_number": "WhatsApp number", "training_end": "Expected completion date", "hospital_code": "", "training_level": "", "training_start": "Date of induction", "department_code": "", "supervisor_email": ""}	\N	{"failures": [{"row": 2, "error": "specialty: Unknown specialty 'MS Urology (2 Years G. Surgery + Specialty)'."}, {"row": 3, "error": "specialty: Unknown specialty 'FCPS'."}, {"row": 4, "error": "specialty: Unknown specialty 'MS Urology (2 Years G. Surgery + Specialty)'."}, {"row": 5, "error": "specialty: Unknown specialty 'FCPS'."}, {"row": 6, "error": "specialty: Unknown specialty 'MS Urology (2 Years G. Surgery + Specialty)'."}, {"row": 7, "error": "specialty: Unknown specialty 'FCPS'."}, {"row": 8, "error": "specialty: Unknown specialty 'MS Urology (2 Years G. Surgery + Specialty)'."}, {"row": 9, "error": "specialty: Unknown specialty 'MS Urology (2 Years G. Surgery + Specialty)'."}, {"row": 10, "error": "specialty: Unknown specialty 'MS Urology (2 Years G. Surgery + Specialty)'."}, {"row": 11, "error": "specialty: Unknown specialty 'MS Urology (2 Years G. Surgery + Specialty)'."}, {"row": 12, "error": "specialty: Unknown specialty 'MS Urology (2 Years G. Surgery + Specialty)'."}, {"row": 13, "error": "specialty: Unknown specialty 'MS Urology (2 Years G. Surgery + Specialty)'."}], "successes": []}	0	12	completed	\N	2026-06-20 08:11:39.547535+00	\N	1
\.


--
-- Data for Name: bulk_historicalflexibleimportaudit; Type: TABLE DATA; Schema: public; Owner: sims_user
--

COPY public.bulk_historicalflexibleimportaudit (id, file_name, import_type, mapping_used, dry_run_result, final_import_result, success_count, failure_count, status, error_report_path, created_at, completed_at, history_id, history_date, history_change_reason, history_type, history_user_id, uploaded_by_id) FROM stdin;
1	custom_residents_e2e.csv	residents	{"role": "", "year": "CustomYear", "email": "CustomEmail", "active": "", "pgr_id": "", "password": "", "username": "", "full_name": "CustomName", "specialty": "CustomSpecialty", "phone_number": "", "training_end": "", "hospital_code": "CustomHospital", "training_level": "", "training_start": "CustomStart", "department_code": "CustomDept", "supervisor_email": "CustomSupervisor"}	\N	\N	0	0	pending	\N	2026-05-30 06:30:45.325186+00	\N	1	2026-05-30 06:30:45.35196+00	\N	+	\N	63
1	custom_residents_e2e.csv	residents	{"role": "", "year": "CustomYear", "email": "CustomEmail", "active": "", "pgr_id": "", "password": "", "username": "", "full_name": "CustomName", "specialty": "CustomSpecialty", "phone_number": "", "training_end": "", "hospital_code": "CustomHospital", "training_level": "", "training_start": "CustomStart", "department_code": "CustomDept", "supervisor_email": "CustomSupervisor"}	\N	{"failures": [], "successes": [{"row": 2, "role": "resident", "email": "flex.resident.1780122642499@example.com", "hospital_code": "AH", "department_code": "MED", "temporary_password": "&IoL*yO0Kf95"}]}	1	0	completed	\N	2026-05-30 06:30:45.325186+00	\N	2	2026-05-30 06:30:46.101509+00	\N	~	\N	63
2	custom_residents_e2e.csv	residents	{"role": "", "year": "CustomYear", "email": "CustomEmail", "active": "", "pgr_id": "", "password": "", "username": "", "full_name": "CustomName", "specialty": "CustomSpecialty", "phone_number": "", "training_end": "", "hospital_code": "CustomHospital", "training_level": "", "training_start": "CustomStart", "department_code": "CustomDept", "supervisor_email": "CustomSupervisor"}	\N	\N	0	0	pending	\N	2026-05-30 14:27:01.290083+00	\N	3	2026-05-30 14:27:01.443723+00	\N	+	\N	63
2	custom_residents_e2e.csv	residents	{"role": "", "year": "CustomYear", "email": "CustomEmail", "active": "", "pgr_id": "", "password": "", "username": "", "full_name": "CustomName", "specialty": "CustomSpecialty", "phone_number": "", "training_end": "", "hospital_code": "CustomHospital", "training_level": "", "training_start": "CustomStart", "department_code": "CustomDept", "supervisor_email": "CustomSupervisor"}	\N	{"failures": [], "successes": [{"row": 2, "role": "resident", "email": "flex.resident.1780151207511@example.com", "hospital_code": "AH", "department_code": "MED", "temporary_password": "hJ7H0OwH0Xg^"}]}	1	0	completed	\N	2026-05-30 14:27:01.290083+00	\N	4	2026-05-30 14:27:02.261683+00	\N	~	\N	63
3	custom_residents_e2e.csv	residents	{"role": "", "year": "CustomYear", "email": "CustomEmail", "active": "", "pgr_id": "", "password": "", "username": "", "full_name": "CustomName", "specialty": "CustomSpecialty", "phone_number": "", "training_end": "", "hospital_code": "CustomHospital", "training_level": "", "training_start": "CustomStart", "department_code": "CustomDept", "supervisor_email": "CustomSupervisor"}	\N	\N	0	0	pending	\N	2026-05-30 21:49:07.193341+00	\N	5	2026-05-30 21:49:07.200495+00	\N	+	\N	63
3	custom_residents_e2e.csv	residents	{"role": "", "year": "CustomYear", "email": "CustomEmail", "active": "", "pgr_id": "", "password": "", "username": "", "full_name": "CustomName", "specialty": "CustomSpecialty", "phone_number": "", "training_end": "", "hospital_code": "CustomHospital", "training_level": "", "training_start": "CustomStart", "department_code": "CustomDept", "supervisor_email": "CustomSupervisor"}	\N	{"failures": [], "successes": [{"row": 2, "role": "resident", "email": "flex.resident.1780177743237@example.com", "hospital_code": "AH", "department_code": "MED", "temporary_password": "@O6sA0CEIZh1"}]}	1	0	completed	\N	2026-05-30 21:49:07.193341+00	\N	6	2026-05-30 21:49:07.804841+00	\N	~	\N	63
3	custom_residents_e2e.csv	residents	{"role": "", "year": "CustomYear", "email": "CustomEmail", "active": "", "pgr_id": "", "password": "", "username": "", "full_name": "CustomName", "specialty": "CustomSpecialty", "phone_number": "", "training_end": "", "hospital_code": "CustomHospital", "training_level": "", "training_start": "CustomStart", "department_code": "CustomDept", "supervisor_email": "CustomSupervisor"}	\N	{"failures": [], "successes": [{"row": 2, "role": "resident", "email": "flex.resident.1780177743237@example.com", "hospital_code": "AH", "department_code": "MED", "temporary_password": "@O6sA0CEIZh1"}]}	1	0	completed	\N	2026-05-30 21:49:07.193341+00	\N	7	2026-06-04 19:44:45.837997+00	\N	-	\N	63
2	custom_residents_e2e.csv	residents	{"role": "", "year": "CustomYear", "email": "CustomEmail", "active": "", "pgr_id": "", "password": "", "username": "", "full_name": "CustomName", "specialty": "CustomSpecialty", "phone_number": "", "training_end": "", "hospital_code": "CustomHospital", "training_level": "", "training_start": "CustomStart", "department_code": "CustomDept", "supervisor_email": "CustomSupervisor"}	\N	{"failures": [], "successes": [{"row": 2, "role": "resident", "email": "flex.resident.1780151207511@example.com", "hospital_code": "AH", "department_code": "MED", "temporary_password": "hJ7H0OwH0Xg^"}]}	1	0	completed	\N	2026-05-30 14:27:01.290083+00	\N	8	2026-06-04 19:44:45.843718+00	\N	-	\N	63
1	custom_residents_e2e.csv	residents	{"role": "", "year": "CustomYear", "email": "CustomEmail", "active": "", "pgr_id": "", "password": "", "username": "", "full_name": "CustomName", "specialty": "CustomSpecialty", "phone_number": "", "training_end": "", "hospital_code": "CustomHospital", "training_level": "", "training_start": "CustomStart", "department_code": "CustomDept", "supervisor_email": "CustomSupervisor"}	\N	{"failures": [], "successes": [{"row": 2, "role": "resident", "email": "flex.resident.1780122642499@example.com", "hospital_code": "AH", "department_code": "MED", "temporary_password": "&IoL*yO0Kf95"}]}	1	0	completed	\N	2026-05-30 06:30:45.325186+00	\N	9	2026-06-04 19:44:45.84722+00	\N	-	\N	63
4	userlist.xlsx	residents	{"role": "", "year": "Year of training", "email": "Email Address", "active": "", "pgr_id": "", "password": "", "username": "", "full_name": "Full name (as per official record)", "specialty": "Program", "phone_number": "WhatsApp number", "training_end": "Expected completion date", "hospital_code": "", "training_level": "", "training_start": "Date of induction", "department_code": "", "supervisor_email": ""}	\N	\N	0	0	pending	\N	2026-06-20 08:11:39.547535+00	\N	10	2026-06-20 08:11:39.809775+00	\N	+	1	1
4	userlist.xlsx	residents	{"role": "", "year": "Year of training", "email": "Email Address", "active": "", "pgr_id": "", "password": "", "username": "", "full_name": "Full name (as per official record)", "specialty": "Program", "phone_number": "WhatsApp number", "training_end": "Expected completion date", "hospital_code": "", "training_level": "", "training_start": "Date of induction", "department_code": "", "supervisor_email": ""}	\N	{"failures": [{"row": 2, "error": "specialty: Unknown specialty 'MS Urology (2 Years G. Surgery + Specialty)'."}, {"row": 3, "error": "specialty: Unknown specialty 'FCPS'."}, {"row": 4, "error": "specialty: Unknown specialty 'MS Urology (2 Years G. Surgery + Specialty)'."}, {"row": 5, "error": "specialty: Unknown specialty 'FCPS'."}, {"row": 6, "error": "specialty: Unknown specialty 'MS Urology (2 Years G. Surgery + Specialty)'."}, {"row": 7, "error": "specialty: Unknown specialty 'FCPS'."}, {"row": 8, "error": "specialty: Unknown specialty 'MS Urology (2 Years G. Surgery + Specialty)'."}, {"row": 9, "error": "specialty: Unknown specialty 'MS Urology (2 Years G. Surgery + Specialty)'."}, {"row": 10, "error": "specialty: Unknown specialty 'MS Urology (2 Years G. Surgery + Specialty)'."}, {"row": 11, "error": "specialty: Unknown specialty 'MS Urology (2 Years G. Surgery + Specialty)'."}, {"row": 12, "error": "specialty: Unknown specialty 'MS Urology (2 Years G. Surgery + Specialty)'."}, {"row": 13, "error": "specialty: Unknown specialty 'MS Urology (2 Years G. Surgery + Specialty)'."}], "successes": []}	0	12	completed	\N	2026-06-20 08:11:39.547535+00	\N	11	2026-06-20 08:11:40.048311+00	\N	~	1	1
\.


--
-- Data for Name: bulk_historicalmappingpreset; Type: TABLE DATA; Schema: public; Owner: sims_user
--

COPY public.bulk_historicalmappingpreset (id, name, entity, mapping, created_at, last_used_at, history_id, history_date, history_change_reason, history_type, created_by_id, history_user_id) FROM stdin;
\.


--
-- Data for Name: bulk_mappingpreset; Type: TABLE DATA; Schema: public; Owner: sims_user
--

COPY public.bulk_mappingpreset (id, name, entity, mapping, created_at, last_used_at, created_by_id) FROM stdin;
\.


--
-- Data for Name: django_admin_log; Type: TABLE DATA; Schema: public; Owner: sims_user
--

COPY public.django_admin_log (id, action_time, object_id, object_repr, action_flag, change_message, content_type_id, user_id) FROM stdin;
1	2026-06-02 07:47:25.701964+00	7	superadmin	1	[{"added": {}}]	3	1
2	2026-06-02 07:49:52.757153+00	1	Pilot Admin (Admin)	2	[]	12	1
\.


--
-- Data for Name: django_celery_beat_clockedschedule; Type: TABLE DATA; Schema: public; Owner: sims_user
--

COPY public.django_celery_beat_clockedschedule (id, clocked_time) FROM stdin;
\.


--
-- Data for Name: django_celery_beat_crontabschedule; Type: TABLE DATA; Schema: public; Owner: sims_user
--

COPY public.django_celery_beat_crontabschedule (id, minute, hour, day_of_week, day_of_month, month_of_year, timezone) FROM stdin;
1	0	4	*	*	*	UTC
\.


--
-- Data for Name: django_celery_beat_intervalschedule; Type: TABLE DATA; Schema: public; Owner: sims_user
--

COPY public.django_celery_beat_intervalschedule (id, every, period) FROM stdin;
\.


--
-- Data for Name: django_celery_beat_periodictask; Type: TABLE DATA; Schema: public; Owner: sims_user
--

COPY public.django_celery_beat_periodictask (id, name, task, args, kwargs, queue, exchange, routing_key, expires, enabled, last_run_at, total_run_count, date_changed, description, crontab_id, interval_id, solar_id, one_off, start_time, priority, headers, clocked_id, expire_seconds) FROM stdin;
1	celery.backend_cleanup	celery.backend_cleanup	[]	{}	\N	\N	\N	\N	t	2026-06-26 15:55:18.051099+00	28	2026-06-26 15:55:18.08907+00		1	\N	\N	f	\N	\N	{}	\N	43200
\.


--
-- Data for Name: django_celery_beat_periodictasks; Type: TABLE DATA; Schema: public; Owner: sims_user
--

COPY public.django_celery_beat_periodictasks (ident, last_update) FROM stdin;
1	2026-06-26 15:55:18.038134+00
\.


--
-- Data for Name: django_celery_beat_solarschedule; Type: TABLE DATA; Schema: public; Owner: sims_user
--

COPY public.django_celery_beat_solarschedule (id, event, latitude, longitude) FROM stdin;
\.


--
-- Data for Name: django_content_type; Type: TABLE DATA; Schema: public; Owner: sims_user
--

COPY public.django_content_type (id, app_label, model) FROM stdin;
1	admin	logentry
2	auth	permission
3	auth	group
4	contenttypes	contenttype
5	sessions	session
6	django_celery_beat	crontabschedule
7	django_celery_beat	intervalschedule
8	django_celery_beat	periodictask
9	django_celery_beat	periodictasks
10	django_celery_beat	solarschedule
11	django_celery_beat	clockedschedule
12	users	user
13	users	historicaluser
14	users	staffprofile
15	users	residentprofile
16	users	hospitalassignment
17	users	hodassignment
18	users	departmentmembership
19	users	supervisorresidentlink
20	users	datacorrectionaudit
21	academics	batch
22	academics	department
23	academics	studentprofile
24	rotations	hospital
25	rotations	hospitaldepartment
26	audit	activitylog
27	audit	auditreport
28	audit	historicalauditreport
29	bulk	bulkoperation
30	notifications	notification
31	notifications	notificationpreference
32	training	trainingprogram
33	training	residenttrainingrecord
34	training	programrotationtemplate
35	training	leaverequest
36	training	historicaltrainingprogram
37	training	historicalrotationassignment
38	training	historicalresidenttrainingrecord
39	training	historicalprogramrotationtemplate
40	training	historicalleaverequest
41	training	historicaldeputationposting
42	training	deputationposting
43	training	rotationassignment
44	training	programmilestone
45	training	workshop
46	training	workshopblock
47	training	workshoprun
48	training	residentthesis
49	training	residentresearchproject
50	training	programpolicy
51	training	programmilestoneresearchrequirement
52	training	programmilestonelogbookrequirement
53	training	historicalworkshoprun
54	training	historicalworkshopblock
55	training	historicalworkshop
56	training	historicalresidentworkshopcompletion
57	training	historicalresidentthesis
58	training	historicalresidentresearchproject
59	training	historicalprogrampolicy
60	training	historicalprogrammilestoneworkshoprequirement
61	training	historicalprogrammilestoneresearchrequirement
62	training	historicalprogrammilestonelogbookrequirement
63	training	historicalprogrammilestone
64	training	residentworkshopcompletion
65	training	residentmilestoneeligibility
66	training	programmilestoneworkshoprequirement
67	training	logbookentry
68	training	logbookthresholdconfig
69	training	residentsubmission
70	training	submissionrequirementtemplate
71	training	submissiondocument
72	training	submissioncertificate
73	training	rotationcompletion
74	training	rotationcertificate
75	training	programrotationrequirement
76	training	logbookthresholdsnapshot
77	training	logbookreview
78	training	historicalsubmissionreview
79	training	historicalsubmissionrequirementtemplate
80	training	historicalsubmissiondocument
81	training	historicalsubmissioncertificate
82	training	historicalrotationcompletion
83	training	historicalrotationcertificate
84	training	historicalresidentsubmission
85	training	historicalprogramrotationrequirement
86	training	historicallogbookthresholdconfig
87	training	historicallogbookreview
88	training	historicallogbookentry
89	training	submissionreview
90	bulk	historicalmappingpreset
91	bulk	flexibleimportaudit
92	bulk	mappingpreset
93	bulk	historicalflexibleimportaudit
94	backup_center	backupjob
95	backup_center	restorejob
96	backup_center	backupauditlog
97	backup_center	backupcloudconnection
98	backup_center	backupcloudcopy
99	users	workspacebridgelog
100	users	historicalworkspaceidentity
101	users	workspaceidentity
\.


--
-- Data for Name: django_migrations; Type: TABLE DATA; Schema: public; Owner: sims_user
--

COPY public.django_migrations (id, app, name, applied) FROM stdin;
1	academics	0001_initial	2026-05-12 22:03:31.438365+00
2	rotations	0001_initial	2026-05-12 22:03:31.449402+00
3	rotations	0002_initial	2026-05-12 22:03:31.602566+00
4	contenttypes	0001_initial	2026-05-12 22:03:31.637257+00
5	contenttypes	0002_remove_content_type_name	2026-05-12 22:03:31.699226+00
6	auth	0001_initial	2026-05-12 22:03:32.054365+00
7	auth	0002_alter_permission_name_max_length	2026-05-12 22:03:32.086611+00
8	auth	0003_alter_user_email_max_length	2026-05-12 22:03:32.159788+00
9	auth	0004_alter_user_username_opts	2026-05-12 22:03:32.179972+00
10	auth	0005_alter_user_last_login_null	2026-05-12 22:03:32.194676+00
11	auth	0006_require_contenttypes_0002	2026-05-12 22:03:32.199662+00
12	auth	0007_alter_validators_add_error_messages	2026-05-12 22:03:32.215584+00
13	auth	0008_alter_user_username_max_length	2026-05-12 22:03:32.235386+00
14	auth	0009_alter_user_last_name_max_length	2026-05-12 22:03:32.256135+00
15	auth	0010_alter_group_name_max_length	2026-05-12 22:03:32.280071+00
16	auth	0011_update_proxy_permissions	2026-05-12 22:03:32.312593+00
17	auth	0012_alter_user_first_name_max_length	2026-05-12 22:03:32.348342+00
18	users	0001_initial	2026-05-12 22:03:33.309149+00
19	academics	0002_initial	2026-05-12 22:03:34.199635+00
20	admin	0001_initial	2026-05-12 22:03:34.312906+00
21	admin	0002_logentry_remove_auto_add	2026-05-12 22:03:34.368721+00
22	admin	0003_logentry_add_action_flag_choices	2026-05-12 22:03:34.418891+00
23	audit	0001_initial	2026-05-12 22:03:34.512352+00
24	audit	0002_initial	2026-05-12 22:03:35.154998+00
25	bulk	0001_initial	2026-05-12 22:03:35.199513+00
26	bulk	0002_initial	2026-05-12 22:03:35.373387+00
27	django_celery_beat	0001_initial	2026-05-12 22:03:35.492379+00
28	django_celery_beat	0002_auto_20161118_0346	2026-05-12 22:03:35.544905+00
29	django_celery_beat	0003_auto_20161209_0049	2026-05-12 22:03:35.573721+00
30	django_celery_beat	0004_auto_20170221_0000	2026-05-12 22:03:35.599876+00
31	django_celery_beat	0005_add_solarschedule_events_choices	2026-05-12 22:03:35.645762+00
32	django_celery_beat	0006_auto_20180322_0932	2026-05-12 22:03:35.881819+00
33	django_celery_beat	0007_auto_20180521_0826	2026-05-12 22:03:35.917061+00
34	django_celery_beat	0008_auto_20180914_1922	2026-05-12 22:03:35.974397+00
35	django_celery_beat	0006_auto_20180210_1226	2026-05-12 22:03:36.013194+00
36	django_celery_beat	0006_periodictask_priority	2026-05-12 22:03:36.333408+00
37	django_celery_beat	0009_periodictask_headers	2026-05-12 22:03:36.606112+00
38	django_celery_beat	0010_auto_20190429_0326	2026-05-12 22:03:37.606455+00
39	django_celery_beat	0011_auto_20190508_0153	2026-05-12 22:03:37.804424+00
40	django_celery_beat	0012_periodictask_expire_seconds	2026-05-12 22:03:37.913584+00
41	django_celery_beat	0013_auto_20200609_0727	2026-05-12 22:03:37.963801+00
42	django_celery_beat	0014_remove_clockedschedule_enabled	2026-05-12 22:03:37.992305+00
43	django_celery_beat	0015_edit_solarschedule_events_choices	2026-05-12 22:03:38.015767+00
44	django_celery_beat	0016_alter_crontabschedule_timezone	2026-05-12 22:03:38.06367+00
45	django_celery_beat	0017_alter_crontabschedule_month_of_year	2026-05-12 22:03:38.08876+00
46	django_celery_beat	0018_improve_crontab_helptext	2026-05-12 22:03:38.10749+00
47	django_celery_beat	0019_alter_periodictasks_options	2026-05-12 22:03:38.133562+00
48	notifications	0001_initial	2026-05-12 22:03:38.224285+00
49	notifications	0002_initial	2026-05-12 22:03:39.331621+00
50	sessions	0001_initial	2026-05-12 22:03:39.396964+00
51	training	0001_initial	2026-05-12 22:03:41.381672+00
52	training	0002_phase6_academic_core	2026-05-12 22:03:45.817525+00
53	training	0003_residenttrainingrecord_has_default_dates	2026-05-12 22:03:46.137238+00
54	training	0004_historicalresidenttrainingrecord_has_default_dates	2026-05-12 22:03:46.236716+00
55	training	0005_logbookentry_logbookthresholdconfig_and_more	2026-05-12 22:03:58.560069+00
56	users	0002_alter_historicaluser_role_and_more	2026-05-12 22:04:05.868979+00
57	users	0003_alter_historicaluser_year_alter_user_year	2026-05-12 22:04:06.324826+00
58	users	0004_data_correction_flags	2026-05-12 22:04:09.421399+00
59	users	0005_historicaluser_data_quality_and_index_names	2026-05-12 22:04:10.522581+00
60	academics	0003_remove_studentprofile_batch_and_more	2026-05-29 11:06:24.970423+00
61	rotations	0003_alter_hospitaldepartment_options	2026-05-29 11:06:25.10866+00
62	training	0006_alter_historicalrotationassignment_options_and_more	2026-05-29 11:06:25.30218+00
63	users	0006_alter_departmentmembership_options_and_more	2026-05-29 11:06:25.514677+00
64	bulk	0003_historicalmappingpreset_and_more	2026-05-30 06:24:48.284004+00
65	backup_center	0001_initial	2026-05-30 06:45:26.144328+00
66	backup_center	0002_schema_drift_repair	2026-05-30 23:00:23.797392+00
67	backup_center	0003_backupjob_cloud_bucket_backupjob_cloud_checksum_and_more	2026-06-02 00:20:33.924742+00
68	backup_center	0004_alter_backupauditlog_action	2026-06-02 00:20:34.052164+00
69	backup_center	0005_backupcloudconnection_alter_backupauditlog_action_and_more	2026-06-02 00:20:34.978597+00
70	users	0007_historicalworkspaceidentity_workspaceidentity	2026-06-19 06:39:45.118513+00
71	users	0008_workspacebridgelog	2026-06-19 06:39:48.959919+00
\.


--
-- Data for Name: django_session; Type: TABLE DATA; Schema: public; Owner: sims_user
--

COPY public.django_session (session_key, session_data, expire_date) FROM stdin;
wfsh7hyrcdjjil2iaakf8k84bwg8h6pn	.eJxVjDsOwjAQRO_iGlk24I1NSc8Zos1-cADZUpxUiLuTSCmgG817M2_T4zLnfmky9SObi_Hm8NsNSE8pG-AHlnu1VMs8jYPdFLvTZm-V5XXd3b-DjC2vaw2nKIwKTBCJoqPkvBPloEHYgwCDP6oP7Ek1dkmTwBrPHaImCObzBRQRORM:1wSpbM:96EeAMFM1rRaQTdzcOcykRRunSii3T8JLRm3GcpkcHI	2026-05-29 13:17:44.881266+00
g6hqjkbeyonr3u8ecakmsci7cljvx1id	e30:1wUCvL:wxparHZuy44_EiD_l6CbdWmkQJm9dC-30fr7PR6kBY8	2026-06-02 08:24:03.680877+00
cq6saisnqbxp7ggyeuahi13ia72no3fy	.eJxVjMEOwiAQRP-FsyEsLqV49N5vILtApWogKe3J-O9K0oMmc5r3Zl7C075lv7e0-iWKiwBx-u2YwiOVDuKdyq3KUMu2Liy7Ig_a5FRjel4P9-8gU8vfNcIZCNUYacY0K9TswpCInIs2qMEB6B5WFtGwIWUNaoNMrEdjAMX7A8yENr0:1wb2dL:7ZNwpIbfDlRT2H7AysgzoOqB76nWg5zFgpUrgCSAI3k	2026-06-21 04:49:43.443003+00
c37h0zgstv9vav9wlh75y47n3io9a2tn	e30:1wTUFT:VtG8qUUo5Mwlc-p9Vf-wxX_awQMRCsnG1SA65F_IvZo	2026-05-31 08:41:51.810944+00
42yxhu2yrbvp0jmy12f09re9rlap3655	.eJxVjMEOwiAQRP-FsyEsLqV49N5vILtApWogKe3J-O9K0oMmc5r3Zl7C075lv7e0-iWKiwBx-u2YwiOVDuKdyq3KUMu2Liy7Ig_a5FRjel4P9-8gU8vfNcIZCNUYacY0K9TswpCInIs2qMEB6B5WFtGwIWUNaoNMrEdjAMX7A8yENr0:1wUK68:ispgIo0MtrvQebO-i7iFSaRb-igIrxvtJVrAIhpPp8U	2026-06-02 16:03:40.231717+00
\.


--
-- Data for Name: notifications_notification; Type: TABLE DATA; Schema: public; Owner: sims_user
--

COPY public.notifications_notification (id, verb, title, body, channel, metadata, read_at, scheduled_for, created_at, actor_id, recipient_id) FROM stdin;
\.


--
-- Data for Name: notifications_notificationpreference; Type: TABLE DATA; Schema: public; Owner: sims_user
--

COPY public.notifications_notificationpreference (id, email_enabled, in_app_enabled, quiet_hours_start, quiet_hours_end, user_id) FROM stdin;
\.


--
-- Data for Name: rotations_hospital; Type: TABLE DATA; Schema: public; Owner: sims_user
--

COPY public.rotations_hospital (id, name, code, address, phone, email, website, description, facilities, is_active, created_at, updated_at) FROM stdin;
1	Allied Hospital	AH							f	2026-05-12 22:04:10.201344+00	2026-05-30 23:35:06.334847+00
2	DHQ Hospital	DHQ							f	2026-05-12 22:04:10.207241+00	2026-05-30 23:35:06.383242+00
3	Govt General Hospital Ghulam Muhammadabad	GGH							f	2026-05-12 22:04:10.211206+00	2026-05-30 23:35:06.38709+00
4	UTRMC Teaching Hospital	UTRMC							t	2026-05-12 22:04:29.731541+00	2026-05-30 23:35:16.556433+00
\.


--
-- Data for Name: rotations_hospitaldepartment; Type: TABLE DATA; Schema: public; Owner: sims_user
--

COPY public.rotations_hospitaldepartment (id, is_active, created_at, updated_at, department_id, hospital_id) FROM stdin;
28	t	2026-05-12 22:04:10.499552+00	2026-05-30 23:35:06.754061+00	8	2
29	t	2026-05-12 22:04:10.505558+00	2026-05-30 23:35:06.757952+00	9	2
30	t	2026-05-12 22:04:10.511538+00	2026-05-30 23:35:06.761844+00	10	2
31	t	2026-05-12 22:04:10.517815+00	2026-05-30 23:35:06.765721+00	11	2
32	t	2026-05-12 22:04:10.523744+00	2026-05-30 23:35:06.769424+00	12	2
33	t	2026-05-12 22:04:10.529555+00	2026-05-30 23:35:06.772996+00	13	2
34	t	2026-05-12 22:04:10.535348+00	2026-05-30 23:35:06.776736+00	14	2
35	t	2026-05-12 22:04:10.540885+00	2026-05-30 23:35:06.780403+00	15	2
36	t	2026-05-12 22:04:10.546994+00	2026-05-30 23:35:06.78384+00	16	2
37	t	2026-05-12 22:04:10.553339+00	2026-05-30 23:35:06.787461+00	17	2
38	t	2026-05-12 22:04:10.55935+00	2026-05-30 23:35:06.791045+00	18	2
39	t	2026-05-12 22:04:10.565302+00	2026-05-30 23:35:06.794799+00	19	2
40	t	2026-05-12 22:04:10.572095+00	2026-05-30 23:35:06.798344+00	20	2
41	t	2026-05-12 22:04:10.580234+00	2026-05-30 23:35:06.802669+00	1	3
42	t	2026-05-12 22:04:10.589393+00	2026-05-30 23:35:06.806409+00	2	3
43	t	2026-05-12 22:04:10.600113+00	2026-05-30 23:35:06.809981+00	3	3
44	t	2026-05-12 22:04:10.606538+00	2026-05-30 23:35:06.813937+00	4	3
45	t	2026-05-12 22:04:10.612427+00	2026-05-30 23:35:06.818266+00	19	3
46	t	2026-05-12 22:04:29.753644+00	2026-05-30 23:35:16.566602+00	2	4
47	t	2026-05-12 22:04:29.761262+00	2026-05-30 23:35:16.571529+00	1	4
48	t	2026-05-12 22:04:29.768457+00	2026-05-30 23:35:16.576212+00	3	4
49	t	2026-05-12 22:04:29.774172+00	2026-05-30 23:35:16.580922+00	4	4
50	t	2026-05-12 22:04:29.78541+00	2026-05-30 23:35:16.585188+00	5	4
1	t	2026-05-12 22:04:10.314152+00	2026-05-30 23:35:06.643181+00	1	1
2	t	2026-05-12 22:04:10.322203+00	2026-05-30 23:35:06.648336+00	2	1
3	t	2026-05-12 22:04:10.329672+00	2026-05-30 23:35:06.652609+00	3	1
4	t	2026-05-12 22:04:10.339509+00	2026-05-30 23:35:06.656947+00	4	1
5	t	2026-05-12 22:04:10.346158+00	2026-05-30 23:35:06.660907+00	5	1
6	t	2026-05-12 22:04:10.352719+00	2026-05-30 23:35:06.664758+00	6	1
7	t	2026-05-12 22:04:10.359013+00	2026-05-30 23:35:06.668771+00	7	1
8	t	2026-05-12 22:04:10.3682+00	2026-05-30 23:35:06.672803+00	8	1
9	t	2026-05-12 22:04:10.37595+00	2026-05-30 23:35:06.67677+00	9	1
10	t	2026-05-12 22:04:10.382631+00	2026-05-30 23:35:06.680893+00	10	1
11	t	2026-05-12 22:04:10.389245+00	2026-05-30 23:35:06.685192+00	11	1
12	t	2026-05-12 22:04:10.395597+00	2026-05-30 23:35:06.688836+00	12	1
13	t	2026-05-12 22:04:10.401747+00	2026-05-30 23:35:06.692368+00	13	1
14	t	2026-05-12 22:04:10.407927+00	2026-05-30 23:35:06.695894+00	14	1
15	t	2026-05-12 22:04:10.41401+00	2026-05-30 23:35:06.699507+00	15	1
16	t	2026-05-12 22:04:10.420187+00	2026-05-30 23:35:06.703406+00	16	1
17	t	2026-05-12 22:04:10.426378+00	2026-05-30 23:35:06.707574+00	17	1
18	t	2026-05-12 22:04:10.432591+00	2026-05-30 23:35:06.711663+00	18	1
64	t	2026-06-19 06:42:11.039732+00	2026-06-19 06:42:11.03975+00	28	1
65	t	2026-06-19 06:42:11.043172+00	2026-06-19 06:42:11.043193+00	29	1
66	t	2026-06-19 06:42:11.049973+00	2026-06-19 06:42:11.049993+00	28	2
67	t	2026-06-19 06:42:11.052654+00	2026-06-19 06:42:11.052672+00	29	2
68	t	2026-06-19 06:42:11.057853+00	2026-06-19 06:42:11.057869+00	28	3
19	t	2026-05-12 22:04:10.439233+00	2026-05-30 23:35:06.715985+00	19	1
20	t	2026-05-12 22:04:10.445642+00	2026-05-30 23:35:06.720151+00	20	1
21	t	2026-05-12 22:04:10.454748+00	2026-05-30 23:35:06.725411+00	1	2
69	t	2026-06-19 06:42:11.061245+00	2026-06-19 06:42:11.061262+00	29	3
70	t	2026-06-19 06:42:11.063724+00	2026-06-19 06:42:11.063741+00	14	3
71	t	2026-06-19 06:42:11.06765+00	2026-06-19 06:42:11.067665+00	28	4
72	t	2026-06-19 06:42:11.070247+00	2026-06-19 06:42:11.070263+00	29	4
22	t	2026-05-12 22:04:10.460918+00	2026-05-30 23:35:06.729505+00	2	2
23	t	2026-05-12 22:04:10.467951+00	2026-05-30 23:35:06.733886+00	3	2
24	t	2026-05-12 22:04:10.47465+00	2026-05-30 23:35:06.738205+00	4	2
25	t	2026-05-12 22:04:10.480911+00	2026-05-30 23:35:06.742246+00	5	2
26	t	2026-05-12 22:04:10.487478+00	2026-05-30 23:35:06.746233+00	6	2
27	t	2026-05-12 22:04:10.493409+00	2026-05-30 23:35:06.750174+00	7	2
73	t	2026-06-19 06:42:11.072844+00	2026-06-19 06:42:11.072859+00	14	4
\.


--
-- Data for Name: training_deputationposting; Type: TABLE DATA; Schema: public; Owner: sims_user
--

COPY public.training_deputationposting (id, posting_type, institution_name, city, start_date, end_date, status, notes, approved_at, reject_reason, created_at, updated_at, approved_by_id, resident_training_id) FROM stdin;
\.


--
-- Data for Name: training_historicaldeputationposting; Type: TABLE DATA; Schema: public; Owner: sims_user
--

COPY public.training_historicaldeputationposting (id, posting_type, institution_name, city, start_date, end_date, status, notes, approved_at, reject_reason, created_at, updated_at, history_id, history_date, history_change_reason, history_type, approved_by_id, history_user_id, resident_training_id) FROM stdin;
\.


--
-- Data for Name: training_historicalleaverequest; Type: TABLE DATA; Schema: public; Owner: sims_user
--

COPY public.training_historicalleaverequest (id, leave_type, start_date, end_date, reason, status, approved_at, reject_reason, created_at, updated_at, history_id, history_date, history_change_reason, history_type, approved_by_id, history_user_id, resident_training_id) FROM stdin;
\.


--
-- Data for Name: training_historicallogbookentry; Type: TABLE DATA; Schema: public; Owner: sims_user
--

COPY public.training_historicallogbookentry (id, patient_id_number, patient_name, age, gender, demographics, disease_area, diagnosis, clinical_presentation, management_plan, resident_reflection, patient_seen_at, status, submitted_at, returned_at, approved_at, supervisor_feedback, created_at, updated_at, history_id, history_date, history_change_reason, history_type, created_by_id, history_user_id, resident_training_record_id, reviewed_by_id, rotation_assignment_id) FROM stdin;
3	FL-LOG-1778624660553	Feature Layer Patient	42				Complicated appendicitis		Initial conservative management.		2026-06-15 09:30:00+00	APPROVED	2026-05-12 22:24:23.820357+00	2026-05-12 22:24:22.844645+00	2026-05-12 22:24:24.435431+00	Approved after resubmission.	2026-05-12 22:24:21.732889+00	2026-05-12 22:24:24.435653+00	15	2026-05-13 04:28:22.471368+00	\N	-	30	\N	13	28	\N
1	FL-LOG-1778624600796	Feature Layer Patient	42				Complicated appendicitis		Initial conservative management.		2026-06-15 09:30:00+00	APPROVED	2026-05-12 22:23:24.588364+00	2026-05-12 22:23:23.737602+00	2026-05-12 22:23:25.240248+00	Approved after resubmission.	2026-05-12 22:23:22.406605+00	2026-05-12 22:23:25.240483+00	16	2026-05-13 04:28:22.545546+00	\N	-	30	\N	13	28	\N
4	FL-PERM-1778624667488	Permission Scope Validation Case	42	M		Medicine	Permission scope validation case	Direct API fixture	Permission boundary fixture	Validate queue isolation.	2026-08-05 11:00:00+00	SUBMITTED	2026-05-12 22:24:28.574606+00	\N	\N		2026-05-12 22:24:28.505861+00	2026-05-12 22:24:28.574788+00	17	2026-05-13 04:28:22.642643+00	\N	-	33	\N	14	\N	\N
2	FL-PERM-1778624608295	Permission Scope Validation Case	42	M		Medicine	Permission scope validation case	Direct API fixture	Permission boundary fixture	Validate queue isolation.	2026-08-05 11:00:00+00	SUBMITTED	2026-05-12 22:23:29.397588+00	\N	\N		2026-05-12 22:23:29.339789+00	2026-05-12 22:23:29.397738+00	18	2026-05-13 04:28:22.649541+00	\N	-	33	\N	14	\N	\N
1	FL-LOG-1778624600796	Feature Layer Patient	42				Complicated appendicitis		Initial conservative management.		2026-06-15 09:30:00+00	DRAFT	\N	\N	\N		2026-05-12 22:23:22.406605+00	2026-05-12 22:23:22.406623+00	1	2026-05-12 22:23:22.472369+00	\N	+	30	\N	13	\N	\N
1	FL-LOG-1778624600796	Feature Layer Patient	42				Complicated appendicitis		Initial conservative management.		2026-06-15 09:30:00+00	SUBMITTED	2026-05-12 22:23:22.858563+00	\N	\N		2026-05-12 22:23:22.406605+00	2026-05-12 22:23:22.858772+00	2	2026-05-12 22:23:22.861278+00	\N	~	30	\N	13	\N	\N
1	FL-LOG-1778624600796	Feature Layer Patient	42				Complicated appendicitis		Initial conservative management.		2026-06-15 09:30:00+00	RETURNED	2026-05-12 22:23:22.858563+00	2026-05-12 22:23:23.737602+00	\N	Please add clearer management detail.	2026-05-12 22:23:22.406605+00	2026-05-12 22:23:23.737849+00	3	2026-05-12 22:23:23.740554+00	\N	~	30	\N	13	28	\N
1	FL-LOG-1778624600796	Feature Layer Patient	42				Complicated appendicitis		Initial conservative management.		2026-06-15 09:30:00+00	SUBMITTED	2026-05-12 22:23:24.588364+00	2026-05-12 22:23:23.737602+00	\N		2026-05-12 22:23:22.406605+00	2026-05-12 22:23:24.588585+00	4	2026-05-12 22:23:24.5927+00	\N	~	30	\N	13	28	\N
1	FL-LOG-1778624600796	Feature Layer Patient	42				Complicated appendicitis		Initial conservative management.		2026-06-15 09:30:00+00	APPROVED	2026-05-12 22:23:24.588364+00	2026-05-12 22:23:23.737602+00	2026-05-12 22:23:25.240248+00	Approved after resubmission.	2026-05-12 22:23:22.406605+00	2026-05-12 22:23:25.240483+00	5	2026-05-12 22:23:25.24302+00	\N	~	30	\N	13	28	\N
2	FL-PERM-1778624608295	Permission Scope Validation Case	42	M		Medicine	Permission scope validation case	Direct API fixture	Permission boundary fixture	Validate queue isolation.	2026-08-05 11:00:00+00	DRAFT	\N	\N	\N		2026-05-12 22:23:29.339789+00	2026-05-12 22:23:29.339802+00	6	2026-05-12 22:23:29.344487+00	\N	+	33	\N	14	\N	\N
2	FL-PERM-1778624608295	Permission Scope Validation Case	42	M		Medicine	Permission scope validation case	Direct API fixture	Permission boundary fixture	Validate queue isolation.	2026-08-05 11:00:00+00	SUBMITTED	2026-05-12 22:23:29.397588+00	\N	\N		2026-05-12 22:23:29.339789+00	2026-05-12 22:23:29.397738+00	7	2026-05-12 22:23:29.400241+00	\N	~	33	\N	14	\N	\N
3	FL-LOG-1778624660553	Feature Layer Patient	42				Complicated appendicitis		Initial conservative management.		2026-06-15 09:30:00+00	DRAFT	\N	\N	\N		2026-05-12 22:24:21.732889+00	2026-05-12 22:24:21.732903+00	8	2026-05-12 22:24:21.735993+00	\N	+	30	\N	13	\N	\N
3	FL-LOG-1778624660553	Feature Layer Patient	42				Complicated appendicitis		Initial conservative management.		2026-06-15 09:30:00+00	SUBMITTED	2026-05-12 22:24:22.063764+00	\N	\N		2026-05-12 22:24:21.732889+00	2026-05-12 22:24:22.063913+00	9	2026-05-12 22:24:22.066829+00	\N	~	30	\N	13	\N	\N
3	FL-LOG-1778624660553	Feature Layer Patient	42				Complicated appendicitis		Initial conservative management.		2026-06-15 09:30:00+00	RETURNED	2026-05-12 22:24:22.063764+00	2026-05-12 22:24:22.844645+00	\N	Please add clearer management detail.	2026-05-12 22:24:21.732889+00	2026-05-12 22:24:22.844972+00	10	2026-05-12 22:24:22.849552+00	\N	~	30	\N	13	28	\N
3	FL-LOG-1778624660553	Feature Layer Patient	42				Complicated appendicitis		Initial conservative management.		2026-06-15 09:30:00+00	SUBMITTED	2026-05-12 22:24:23.820357+00	2026-05-12 22:24:22.844645+00	\N		2026-05-12 22:24:21.732889+00	2026-05-12 22:24:23.820529+00	11	2026-05-12 22:24:23.823307+00	\N	~	30	\N	13	28	\N
3	FL-LOG-1778624660553	Feature Layer Patient	42				Complicated appendicitis		Initial conservative management.		2026-06-15 09:30:00+00	APPROVED	2026-05-12 22:24:23.820357+00	2026-05-12 22:24:22.844645+00	2026-05-12 22:24:24.435431+00	Approved after resubmission.	2026-05-12 22:24:21.732889+00	2026-05-12 22:24:24.435653+00	12	2026-05-12 22:24:24.438415+00	\N	~	30	\N	13	28	\N
4	FL-PERM-1778624667488	Permission Scope Validation Case	42	M		Medicine	Permission scope validation case	Direct API fixture	Permission boundary fixture	Validate queue isolation.	2026-08-05 11:00:00+00	DRAFT	\N	\N	\N		2026-05-12 22:24:28.505861+00	2026-05-12 22:24:28.505874+00	13	2026-05-12 22:24:28.509117+00	\N	+	33	\N	14	\N	\N
4	FL-PERM-1778624667488	Permission Scope Validation Case	42	M		Medicine	Permission scope validation case	Direct API fixture	Permission boundary fixture	Validate queue isolation.	2026-08-05 11:00:00+00	SUBMITTED	2026-05-12 22:24:28.574606+00	\N	\N		2026-05-12 22:24:28.505861+00	2026-05-12 22:24:28.574788+00	14	2026-05-12 22:24:28.577784+00	\N	~	33	\N	14	\N	\N
8	FL-LOG-TEST-001	Feature Layer Patient	42	M		Medicine	Complicated appendicitis	Direct API fixture	Initial conservative management.	Should pass.	2026-06-15 09:30:00+00	DRAFT	\N	\N	\N		2026-05-17 07:14:11.28278+00	2026-05-17 07:14:11.282793+00	31	2026-05-17 07:15:05.599188+00	\N	-	58	\N	23	\N	\N
7	FL-PERM-1779001888754	Permission Scope Validation Case	42	M		Medicine	Permission scope validation case	Direct API fixture	Permission boundary fixture	Validate queue isolation.	2026-08-05 11:00:00+00	SUBMITTED	2026-05-17 07:11:31.480208+00	\N	\N		2026-05-17 07:11:31.312225+00	2026-05-17 07:11:31.480565+00	32	2026-05-17 07:15:05.619881+00	\N	-	61	\N	24	\N	\N
7	FL-PERM-1779001888754	Permission Scope Validation Case	42	M		Medicine	Permission scope validation case	Direct API fixture	Permission boundary fixture	Validate queue isolation.	2026-08-05 11:00:00+00	DRAFT	\N	\N	\N		2026-05-17 07:11:31.312225+00	2026-05-17 07:11:31.31228+00	28	2026-05-17 07:11:31.392888+00	\N	+	61	\N	24	\N	\N
7	FL-PERM-1779001888754	Permission Scope Validation Case	42	M		Medicine	Permission scope validation case	Direct API fixture	Permission boundary fixture	Validate queue isolation.	2026-08-05 11:00:00+00	SUBMITTED	2026-05-17 07:11:31.480208+00	\N	\N		2026-05-17 07:11:31.312225+00	2026-05-17 07:11:31.480565+00	29	2026-05-17 07:11:31.484439+00	\N	~	61	\N	24	\N	\N
8	FL-LOG-TEST-001	Feature Layer Patient	42	M		Medicine	Complicated appendicitis	Direct API fixture	Initial conservative management.	Should pass.	2026-06-15 09:30:00+00	DRAFT	\N	\N	\N		2026-05-17 07:14:11.28278+00	2026-05-17 07:14:11.282793+00	30	2026-05-17 07:14:11.297891+00	\N	+	58	\N	23	\N	\N
9	FL-PERM-1779002170021	Permission Scope Validation Case	42	M		Medicine	Permission scope validation case	Direct API fixture	Permission boundary fixture	Validate queue isolation.	2026-08-05 11:00:00+00	DRAFT	\N	\N	\N		2026-05-17 07:16:12.628038+00	2026-05-17 07:16:12.628054+00	33	2026-05-17 07:16:12.630782+00	\N	+	61	\N	24	\N	\N
9	FL-PERM-1779002170021	Permission Scope Validation Case	42	M		Medicine	Permission scope validation case	Direct API fixture	Permission boundary fixture	Validate queue isolation.	2026-08-05 11:00:00+00	SUBMITTED	2026-05-17 07:16:12.682856+00	\N	\N		2026-05-17 07:16:12.628038+00	2026-05-17 07:16:12.683146+00	34	2026-05-17 07:16:12.686467+00	\N	~	61	\N	24	\N	\N
13	FL-LOG-1779002340437	Feature Layer Patient	42				Complicated appendicitis		Initial conservative management.		2026-06-15 09:30:00+00	APPROVED	2026-05-17 07:19:10.512749+00	2026-05-17 07:19:08.137639+00	2026-05-17 07:19:12.854089+00	Approved after resubmission.	2026-05-17 07:19:04.480394+00	2026-05-17 07:19:12.854314+00	43	2026-05-17 07:19:40.117757+00	\N	-	58	\N	23	56	\N
12	FL-LOG-TEST-005	Feature Layer Patient	42				Complicated appendicitis		Initial conservative management.		2026-06-15 09:30:00+00	DRAFT	\N	\N	\N		2026-05-17 07:18:54.131116+00	2026-05-17 07:18:54.131127+00	44	2026-05-17 07:19:40.121462+00	\N	-	58	\N	23	\N	\N
11	FL-LOG-TEST-004	Feature Layer Patient	42				Complicated appendicitis		Initial conservative management.		2026-06-15 09:30:00+00	DRAFT	\N	\N	\N		2026-05-17 07:18:54.025171+00	2026-05-17 07:18:54.025181+00	45	2026-05-17 07:19:40.123484+00	\N	-	58	\N	23	\N	\N
10	FL-LOG-TEST-002	Feature Layer Patient	42	M		Medicine	Complicated appendicitis	Direct API fixture	Initial conservative management.	Should pass.	2026-06-15 09:30:00+00	DRAFT	\N	\N	\N		2026-05-17 07:16:29.435377+00	2026-05-17 07:16:29.435387+00	46	2026-05-17 07:19:40.125577+00	\N	-	58	\N	23	\N	\N
9	FL-PERM-1779002170021	Permission Scope Validation Case	42	M		Medicine	Permission scope validation case	Direct API fixture	Permission boundary fixture	Validate queue isolation.	2026-08-05 11:00:00+00	SUBMITTED	2026-05-17 07:16:12.682856+00	\N	\N		2026-05-17 07:16:12.628038+00	2026-05-17 07:16:12.683146+00	47	2026-05-17 07:19:40.142034+00	\N	-	61	\N	24	\N	\N
14	FL-LOG-1779002414478	Feature Layer Patient	42				Complicated appendicitis		Initial conservative management.		2026-06-15 09:30:00+00	APPROVED	2026-05-17 07:20:22.049652+00	2026-05-17 07:20:19.887893+00	2026-05-17 07:20:24.11518+00	Approved after resubmission.	2026-05-17 07:20:17.018396+00	2026-05-17 07:20:24.115409+00	55	2026-05-17 08:17:51.501681+00	\N	-	58	\N	23	56	\N
15	FL-PERM-1779002432908	Permission Scope Validation Case	42	M		Medicine	Permission scope validation case	Direct API fixture	Permission boundary fixture	Validate queue isolation.	2026-08-05 11:00:00+00	SUBMITTED	2026-05-17 07:20:35.311689+00	\N	\N		2026-05-17 07:20:35.262052+00	2026-05-17 07:20:35.311847+00	56	2026-05-17 08:17:51.705724+00	\N	-	61	\N	24	\N	\N
16	FL-LOG-1779006074052	Feature Layer Patient	42				Complicated appendicitis		Initial conservative management.		2026-06-15 09:30:00+00	APPROVED	2026-05-17 08:21:19.606826+00	2026-05-17 08:21:18.285711+00	2026-05-17 08:21:21.661212+00	Approved after resubmission.	2026-05-17 08:21:15.979055+00	2026-05-17 08:21:21.662051+00	64	2026-05-29 05:15:20.726884+00	\N	-	58	\N	23	56	\N
17	FL-PERM-1779006087267	Permission Scope Validation Case	42	M		Medicine	Permission scope validation case	Direct API fixture	Permission boundary fixture	Validate queue isolation.	2026-08-05 11:00:00+00	SUBMITTED	2026-05-17 08:21:29.266072+00	\N	\N		2026-05-17 08:21:29.17272+00	2026-05-17 08:21:29.266232+00	65	2026-05-29 05:15:20.930734+00	\N	-	61	\N	24	\N	\N
10	FL-LOG-TEST-002	Feature Layer Patient	42	M		Medicine	Complicated appendicitis	Direct API fixture	Initial conservative management.	Should pass.	2026-06-15 09:30:00+00	DRAFT	\N	\N	\N		2026-05-17 07:16:29.435377+00	2026-05-17 07:16:29.435387+00	35	2026-05-17 07:16:29.437884+00	\N	+	58	\N	23	\N	\N
11	FL-LOG-TEST-004	Feature Layer Patient	42				Complicated appendicitis		Initial conservative management.		2026-06-15 09:30:00+00	DRAFT	\N	\N	\N		2026-05-17 07:18:54.025171+00	2026-05-17 07:18:54.025181+00	36	2026-05-17 07:18:54.028685+00	\N	+	58	\N	23	\N	\N
12	FL-LOG-TEST-005	Feature Layer Patient	42				Complicated appendicitis		Initial conservative management.		2026-06-15 09:30:00+00	DRAFT	\N	\N	\N		2026-05-17 07:18:54.131116+00	2026-05-17 07:18:54.131127+00	37	2026-05-17 07:18:54.13419+00	\N	+	58	\N	23	\N	\N
13	FL-LOG-1779002340437	Feature Layer Patient	42				Complicated appendicitis		Initial conservative management.		2026-06-15 09:30:00+00	DRAFT	\N	\N	\N		2026-05-17 07:19:04.480394+00	2026-05-17 07:19:04.480407+00	38	2026-05-17 07:19:04.483299+00	\N	+	58	\N	23	\N	\N
13	FL-LOG-1779002340437	Feature Layer Patient	42				Complicated appendicitis		Initial conservative management.		2026-06-15 09:30:00+00	SUBMITTED	2026-05-17 07:19:04.842537+00	\N	\N		2026-05-17 07:19:04.480394+00	2026-05-17 07:19:04.842658+00	39	2026-05-17 07:19:04.8458+00	\N	~	58	\N	23	\N	\N
13	FL-LOG-1779002340437	Feature Layer Patient	42				Complicated appendicitis		Initial conservative management.		2026-06-15 09:30:00+00	RETURNED	2026-05-17 07:19:04.842537+00	2026-05-17 07:19:08.137639+00	\N	Please add clearer management detail.	2026-05-17 07:19:04.480394+00	2026-05-17 07:19:08.1379+00	40	2026-05-17 07:19:08.140871+00	\N	~	58	\N	23	56	\N
13	FL-LOG-1779002340437	Feature Layer Patient	42				Complicated appendicitis		Initial conservative management.		2026-06-15 09:30:00+00	SUBMITTED	2026-05-17 07:19:10.512749+00	2026-05-17 07:19:08.137639+00	\N		2026-05-17 07:19:04.480394+00	2026-05-17 07:19:10.512904+00	41	2026-05-17 07:19:10.515321+00	\N	~	58	\N	23	56	\N
13	FL-LOG-1779002340437	Feature Layer Patient	42				Complicated appendicitis		Initial conservative management.		2026-06-15 09:30:00+00	APPROVED	2026-05-17 07:19:10.512749+00	2026-05-17 07:19:08.137639+00	2026-05-17 07:19:12.854089+00	Approved after resubmission.	2026-05-17 07:19:04.480394+00	2026-05-17 07:19:12.854314+00	42	2026-05-17 07:19:12.856796+00	\N	~	58	\N	23	56	\N
14	FL-LOG-1779002414478	Feature Layer Patient	42				Complicated appendicitis		Initial conservative management.		2026-06-15 09:30:00+00	DRAFT	\N	\N	\N		2026-05-17 07:20:17.018396+00	2026-05-17 07:20:17.01841+00	48	2026-05-17 07:20:17.021027+00	\N	+	58	\N	23	\N	\N
14	FL-LOG-1779002414478	Feature Layer Patient	42				Complicated appendicitis		Initial conservative management.		2026-06-15 09:30:00+00	SUBMITTED	2026-05-17 07:20:17.448603+00	\N	\N		2026-05-17 07:20:17.018396+00	2026-05-17 07:20:17.448751+00	49	2026-05-17 07:20:17.453518+00	\N	~	58	\N	23	\N	\N
14	FL-LOG-1779002414478	Feature Layer Patient	42				Complicated appendicitis		Initial conservative management.		2026-06-15 09:30:00+00	RETURNED	2026-05-17 07:20:17.448603+00	2026-05-17 07:20:19.887893+00	\N	Please add clearer management detail.	2026-05-17 07:20:17.018396+00	2026-05-17 07:20:19.888083+00	50	2026-05-17 07:20:19.890826+00	\N	~	58	\N	23	56	\N
14	FL-LOG-1779002414478	Feature Layer Patient	42				Complicated appendicitis		Initial conservative management.		2026-06-15 09:30:00+00	SUBMITTED	2026-05-17 07:20:22.049652+00	2026-05-17 07:20:19.887893+00	\N		2026-05-17 07:20:17.018396+00	2026-05-17 07:20:22.049808+00	51	2026-05-17 07:20:22.052574+00	\N	~	58	\N	23	56	\N
14	FL-LOG-1779002414478	Feature Layer Patient	42				Complicated appendicitis		Initial conservative management.		2026-06-15 09:30:00+00	APPROVED	2026-05-17 07:20:22.049652+00	2026-05-17 07:20:19.887893+00	2026-05-17 07:20:24.11518+00	Approved after resubmission.	2026-05-17 07:20:17.018396+00	2026-05-17 07:20:24.115409+00	52	2026-05-17 07:20:24.117894+00	\N	~	58	\N	23	56	\N
15	FL-PERM-1779002432908	Permission Scope Validation Case	42	M		Medicine	Permission scope validation case	Direct API fixture	Permission boundary fixture	Validate queue isolation.	2026-08-05 11:00:00+00	DRAFT	\N	\N	\N		2026-05-17 07:20:35.262052+00	2026-05-17 07:20:35.262067+00	53	2026-05-17 07:20:35.265561+00	\N	+	61	\N	24	\N	\N
15	FL-PERM-1779002432908	Permission Scope Validation Case	42	M		Medicine	Permission scope validation case	Direct API fixture	Permission boundary fixture	Validate queue isolation.	2026-08-05 11:00:00+00	SUBMITTED	2026-05-17 07:20:35.311689+00	\N	\N		2026-05-17 07:20:35.262052+00	2026-05-17 07:20:35.311847+00	54	2026-05-17 07:20:35.31454+00	\N	~	61	\N	24	\N	\N
16	FL-LOG-1779006074052	Feature Layer Patient	42				Complicated appendicitis		Initial conservative management.		2026-06-15 09:30:00+00	DRAFT	\N	\N	\N		2026-05-17 08:21:15.979055+00	2026-05-17 08:21:15.979068+00	57	2026-05-17 08:21:16.067266+00	\N	+	58	\N	23	\N	\N
16	FL-LOG-1779006074052	Feature Layer Patient	42				Complicated appendicitis		Initial conservative management.		2026-06-15 09:30:00+00	SUBMITTED	2026-05-17 08:21:16.486961+00	\N	\N		2026-05-17 08:21:15.979055+00	2026-05-17 08:21:16.487356+00	58	2026-05-17 08:21:16.490099+00	\N	~	58	\N	23	\N	\N
16	FL-LOG-1779006074052	Feature Layer Patient	42				Complicated appendicitis		Initial conservative management.		2026-06-15 09:30:00+00	RETURNED	2026-05-17 08:21:16.486961+00	2026-05-17 08:21:18.285711+00	\N	Please add clearer management detail.	2026-05-17 08:21:15.979055+00	2026-05-17 08:21:18.28604+00	59	2026-05-17 08:21:18.30697+00	\N	~	58	\N	23	56	\N
16	FL-LOG-1779006074052	Feature Layer Patient	42				Complicated appendicitis		Initial conservative management.		2026-06-15 09:30:00+00	SUBMITTED	2026-05-17 08:21:19.606826+00	2026-05-17 08:21:18.285711+00	\N		2026-05-17 08:21:15.979055+00	2026-05-17 08:21:19.606995+00	60	2026-05-17 08:21:19.611428+00	\N	~	58	\N	23	56	\N
16	FL-LOG-1779006074052	Feature Layer Patient	42				Complicated appendicitis		Initial conservative management.		2026-06-15 09:30:00+00	APPROVED	2026-05-17 08:21:19.606826+00	2026-05-17 08:21:18.285711+00	2026-05-17 08:21:21.661212+00	Approved after resubmission.	2026-05-17 08:21:15.979055+00	2026-05-17 08:21:21.662051+00	61	2026-05-17 08:21:21.667467+00	\N	~	58	\N	23	56	\N
17	FL-PERM-1779006087267	Permission Scope Validation Case	42	M		Medicine	Permission scope validation case	Direct API fixture	Permission boundary fixture	Validate queue isolation.	2026-08-05 11:00:00+00	DRAFT	\N	\N	\N		2026-05-17 08:21:29.17272+00	2026-05-17 08:21:29.172733+00	62	2026-05-17 08:21:29.17572+00	\N	+	61	\N	24	\N	\N
17	FL-PERM-1779006087267	Permission Scope Validation Case	42	M		Medicine	Permission scope validation case	Direct API fixture	Permission boundary fixture	Validate queue isolation.	2026-08-05 11:00:00+00	SUBMITTED	2026-05-17 08:21:29.266072+00	\N	\N		2026-05-17 08:21:29.17272+00	2026-05-17 08:21:29.266232+00	63	2026-05-17 08:21:29.268929+00	\N	~	61	\N	24	\N	\N
\.


--
-- Data for Name: training_historicallogbookreview; Type: TABLE DATA; Schema: public; Owner: sims_user
--

COPY public.training_historicallogbookreview (id, action, comments, created_at, history_id, history_date, history_change_reason, history_type, entry_id, history_user_id, reviewer_id) FROM stdin;
4	APPROVED	Approved after resubmission.	2026-05-12 22:24:24.444879+00	5	2026-05-13 04:28:22.396091+00	\N	-	3	\N	28
3	RETURNED	Please add clearer management detail.	2026-05-12 22:24:22.857092+00	6	2026-05-13 04:28:22.457627+00	\N	-	3	\N	28
2	APPROVED	Approved after resubmission.	2026-05-12 22:23:25.248711+00	7	2026-05-13 04:28:22.460839+00	\N	-	1	\N	28
1	RETURNED	Please add clearer management detail.	2026-05-12 22:23:23.746982+00	8	2026-05-13 04:28:22.465668+00	\N	-	1	\N	28
1	RETURNED	Please add clearer management detail.	2026-05-12 22:23:23.746982+00	1	2026-05-12 22:23:23.749582+00	\N	+	1	\N	28
2	APPROVED	Approved after resubmission.	2026-05-12 22:23:25.248711+00	2	2026-05-12 22:23:25.251185+00	\N	+	1	\N	28
3	RETURNED	Please add clearer management detail.	2026-05-12 22:24:22.857092+00	3	2026-05-12 22:24:22.859487+00	\N	+	3	\N	28
4	APPROVED	Approved after resubmission.	2026-05-12 22:24:24.444879+00	4	2026-05-12 22:24:24.44681+00	\N	+	3	\N	28
8	APPROVED	Approved after resubmission.	2026-05-17 07:19:12.862617+00	15	2026-05-17 07:19:40.111451+00	\N	-	13	\N	56
7	RETURNED	Please add clearer management detail.	2026-05-17 07:19:08.147588+00	16	2026-05-17 07:19:40.114894+00	\N	-	13	\N	56
10	APPROVED	Approved after resubmission.	2026-05-17 07:20:24.124005+00	19	2026-05-17 08:17:51.400362+00	\N	-	14	\N	56
9	RETURNED	Please add clearer management detail.	2026-05-17 07:20:19.898211+00	20	2026-05-17 08:17:51.496175+00	\N	-	14	\N	56
12	APPROVED	Approved after resubmission.	2026-05-17 08:21:21.681063+00	23	2026-05-29 05:15:20.662762+00	\N	-	16	\N	56
11	RETURNED	Please add clearer management detail.	2026-05-17 08:21:18.319139+00	24	2026-05-29 05:15:20.723807+00	\N	-	16	\N	56
7	RETURNED	Please add clearer management detail.	2026-05-17 07:19:08.147588+00	13	2026-05-17 07:19:08.188981+00	\N	+	13	\N	56
8	APPROVED	Approved after resubmission.	2026-05-17 07:19:12.862617+00	14	2026-05-17 07:19:12.865127+00	\N	+	13	\N	56
9	RETURNED	Please add clearer management detail.	2026-05-17 07:20:19.898211+00	17	2026-05-17 07:20:19.900438+00	\N	+	14	\N	56
10	APPROVED	Approved after resubmission.	2026-05-17 07:20:24.124005+00	18	2026-05-17 07:20:24.126289+00	\N	+	14	\N	56
11	RETURNED	Please add clearer management detail.	2026-05-17 08:21:18.319139+00	21	2026-05-17 08:21:18.344524+00	\N	+	16	\N	56
12	APPROVED	Approved after resubmission.	2026-05-17 08:21:21.681063+00	22	2026-05-17 08:21:21.683227+00	\N	+	16	\N	56
\.


--
-- Data for Name: training_historicallogbookthresholdconfig; Type: TABLE DATA; Schema: public; Owner: sims_user
--

COPY public.training_historicallogbookthresholdconfig (id, name, mode, min_approved_entries, period_days, is_active, created_at, updated_at, history_id, history_date, history_change_reason, history_type, configured_by_id, department_id, history_user_id, program_id) FROM stdin;
1	E2E Logbook Threshold Per Rotation	PER_ROTATION	1	\N	t	2026-05-12 22:04:38.609123+00	2026-05-12 22:04:38.609142+00	1	2026-05-12 22:04:38.610597+00	\N	+	9	2	\N	3
2	E2E Logbook Threshold Per 30 Days	PER_PERIOD	1	30	t	2026-05-12 22:04:38.61895+00	2026-05-12 22:04:38.618968+00	2	2026-05-12 22:04:38.619721+00	\N	+	9	2	\N	3
2	E2E Logbook Threshold Per 30 Days	PER_PERIOD	1	30	t	2026-05-12 22:04:38.61895+00	2026-05-12 22:04:38.618968+00	3	2026-05-12 22:08:15.030765+00	\N	-	9	2	\N	3
1	E2E Logbook Threshold Per Rotation	PER_ROTATION	1	\N	t	2026-05-12 22:04:38.609123+00	2026-05-12 22:04:38.609142+00	4	2026-05-12 22:08:15.037885+00	\N	-	9	2	\N	3
5	E2E Logbook Threshold Per Rotation	PER_ROTATION	1	\N	t	2026-05-17 07:09:52.437288+00	2026-05-17 07:09:52.437303+00	17	2026-05-17 07:09:52.462921+00	\N	+	53	2	\N	13
6	E2E Logbook Threshold Per 30 Days	PER_PERIOD	1	30	t	2026-05-17 07:09:52.469689+00	2026-05-17 07:09:52.469702+00	18	2026-05-17 07:09:52.47027+00	\N	+	53	2	\N	13
5	E2E Logbook Threshold Per Rotation	PER_ROTATION	1	\N	t	2026-05-17 07:09:52.437288+00	2026-05-17 07:15:05.703979+00	19	2026-05-17 07:15:05.704904+00	\N	~	53	2	\N	13
6	E2E Logbook Threshold Per 30 Days	PER_PERIOD	1	30	t	2026-05-17 07:09:52.469689+00	2026-05-17 07:15:05.71072+00	20	2026-05-17 07:15:05.711506+00	\N	~	53	2	\N	13
5	E2E Logbook Threshold Per Rotation	PER_ROTATION	1	\N	t	2026-05-17 07:09:52.437288+00	2026-05-17 07:19:40.213956+00	21	2026-05-17 07:19:40.215034+00	\N	~	53	2	\N	13
6	E2E Logbook Threshold Per 30 Days	PER_PERIOD	1	30	t	2026-05-17 07:09:52.469689+00	2026-05-17 07:19:40.221516+00	22	2026-05-17 07:19:40.222391+00	\N	~	53	2	\N	13
5	E2E Logbook Threshold Per Rotation	PER_ROTATION	1	\N	t	2026-05-17 07:09:52.437288+00	2026-05-17 08:17:52.110448+00	23	2026-05-17 08:17:52.111748+00	\N	~	53	2	\N	13
6	E2E Logbook Threshold Per 30 Days	PER_PERIOD	1	30	t	2026-05-17 07:09:52.469689+00	2026-05-17 08:17:52.131002+00	24	2026-05-17 08:17:52.133202+00	\N	~	53	2	\N	13
5	E2E Logbook Threshold Per Rotation	PER_ROTATION	1	\N	t	2026-05-17 07:09:52.437288+00	2026-05-17 08:20:48.802166+00	25	2026-05-17 08:20:48.803349+00	\N	~	53	2	\N	13
6	E2E Logbook Threshold Per 30 Days	PER_PERIOD	1	30	t	2026-05-17 07:09:52.469689+00	2026-05-17 08:20:48.812317+00	26	2026-05-17 08:20:48.813388+00	\N	~	53	2	\N	13
5	E2E Logbook Threshold Per Rotation	PER_ROTATION	1	\N	t	2026-05-17 07:09:52.437288+00	2026-05-29 05:15:21.379072+00	27	2026-05-29 05:15:21.380261+00	\N	~	53	2	\N	13
6	E2E Logbook Threshold Per 30 Days	PER_PERIOD	1	30	t	2026-05-17 07:09:52.469689+00	2026-05-29 05:15:21.392756+00	28	2026-05-29 05:15:21.393618+00	\N	~	53	2	\N	13
5	E2E Logbook Threshold Per Rotation	PER_ROTATION	1	\N	t	2026-05-17 07:09:52.437288+00	2026-05-29 11:09:46.405524+00	29	2026-05-29 11:09:46.40652+00	\N	~	63	2	\N	13
6	E2E Logbook Threshold Per 30 Days	PER_PERIOD	1	30	t	2026-05-17 07:09:52.469689+00	2026-05-29 11:09:46.413005+00	30	2026-05-29 11:09:46.413803+00	\N	~	63	2	\N	13
5	E2E Logbook Threshold Per Rotation	PER_ROTATION	1	\N	t	2026-05-17 07:09:52.437288+00	2026-05-30 06:25:18.881259+00	31	2026-05-30 06:25:18.882173+00	\N	~	63	2	\N	13
6	E2E Logbook Threshold Per 30 Days	PER_PERIOD	1	30	t	2026-05-17 07:09:52.469689+00	2026-05-30 06:25:18.89323+00	32	2026-05-30 06:25:18.894033+00	\N	~	63	2	\N	13
5	E2E Logbook Threshold Per Rotation	PER_ROTATION	1	\N	t	2026-05-17 07:09:52.437288+00	2026-05-30 06:29:44.80975+00	33	2026-05-30 06:29:44.810554+00	\N	~	63	2	\N	13
6	E2E Logbook Threshold Per 30 Days	PER_PERIOD	1	30	t	2026-05-17 07:09:52.469689+00	2026-05-30 06:29:44.815544+00	34	2026-05-30 06:29:44.816208+00	\N	~	63	2	\N	13
5	E2E Logbook Threshold Per Rotation	PER_ROTATION	1	\N	t	2026-05-17 07:09:52.437288+00	2026-05-30 14:15:54.852009+00	35	2026-05-30 14:15:54.853103+00	\N	~	63	2	\N	13
6	E2E Logbook Threshold Per 30 Days	PER_PERIOD	1	30	t	2026-05-17 07:09:52.469689+00	2026-05-30 14:15:54.865722+00	36	2026-05-30 14:15:54.866608+00	\N	~	63	2	\N	13
5	E2E Logbook Threshold Per Rotation	PER_ROTATION	1	\N	t	2026-05-17 07:09:52.437288+00	2026-05-30 23:25:27.326624+00	37	2026-05-30 23:25:27.327524+00	\N	~	63	2	\N	13
6	E2E Logbook Threshold Per 30 Days	PER_PERIOD	1	30	t	2026-05-17 07:09:52.469689+00	2026-05-30 23:25:27.332933+00	38	2026-05-30 23:25:27.333734+00	\N	~	63	2	\N	13
5	E2E Logbook Threshold Per Rotation	PER_ROTATION	1	\N	t	2026-05-17 07:09:52.437288+00	2026-05-30 23:35:22.02947+00	39	2026-05-30 23:35:22.030557+00	\N	~	63	2	\N	13
6	E2E Logbook Threshold Per 30 Days	PER_PERIOD	1	30	t	2026-05-17 07:09:52.469689+00	2026-05-30 23:35:22.045611+00	40	2026-05-30 23:35:22.046397+00	\N	~	63	2	\N	13
7	MS Urology Per Rotation Minimums	PER_ROTATION	0	\N	t	2026-06-19 06:42:17.658049+00	2026-06-19 06:42:17.658075+00	41	2026-06-19 06:42:17.787565+00	\N	+	\N	28	\N	15
7	MS Urology Per Rotation Minimums	PER_ROTATION	0	\N	t	2026-06-19 06:42:17.658049+00	2026-06-19 06:42:17.658075+00	42	2026-06-19 06:43:00.731446+00	\N	-	\N	28	\N	15
8	MS Urology Per Rotation Minimums	PER_ROTATION	0	\N	t	2026-06-19 06:43:00.735929+00	2026-06-19 06:43:00.736026+00	43	2026-06-19 06:43:00.7368+00	\N	+	\N	28	\N	15
\.


--
-- Data for Name: training_historicalprogrammilestone; Type: TABLE DATA; Schema: public; Owner: sims_user
--

COPY public.training_historicalprogrammilestone (id, code, name, recommended_month, is_active, created_at, updated_at, history_id, history_date, history_change_reason, history_type, history_user_id, program_id) FROM stdin;
8	IMM	Intermediate Membership	24	t	2026-05-17 07:09:52.095493+00	2026-05-17 07:09:52.095506+00	23	2026-05-17 07:09:52.176871+00	\N	+	\N	13
9	FINAL	Final Examination	48	t	2026-05-17 07:09:52.183753+00	2026-05-17 07:09:52.183768+00	24	2026-05-17 07:09:52.184322+00	\N	+	\N	13
8	IMM	Intermediate Membership	24	t	2026-05-17 07:09:52.095493+00	2026-05-17 07:15:05.517533+00	25	2026-05-17 07:15:05.518734+00	\N	~	\N	13
9	FINAL	Final Examination	48	t	2026-05-17 07:09:52.183753+00	2026-05-17 07:15:05.526048+00	26	2026-05-17 07:15:05.526882+00	\N	~	\N	13
8	IMM	Intermediate Membership	24	t	2026-05-17 07:09:52.095493+00	2026-05-17 07:19:40.039023+00	27	2026-05-17 07:19:40.040015+00	\N	~	\N	13
9	FINAL	Final Examination	48	t	2026-05-17 07:09:52.183753+00	2026-05-17 07:19:40.046242+00	28	2026-05-17 07:19:40.047007+00	\N	~	\N	13
8	IMM	Intermediate Membership	24	t	2026-05-17 07:09:52.095493+00	2026-05-17 08:17:50.936002+00	29	2026-05-17 08:17:50.937591+00	\N	~	\N	13
9	FINAL	Final Examination	48	t	2026-05-17 07:09:52.183753+00	2026-05-17 08:17:51.040942+00	30	2026-05-17 08:17:51.041972+00	\N	~	\N	13
8	IMM	Intermediate Membership	24	t	2026-05-17 07:09:52.095493+00	2026-05-17 08:20:48.492428+00	31	2026-05-17 08:20:48.494429+00	\N	~	\N	13
9	FINAL	Final Examination	48	t	2026-05-17 07:09:52.183753+00	2026-05-17 08:20:48.562302+00	32	2026-05-17 08:20:48.563399+00	\N	~	\N	13
8	IMM	Intermediate Membership	24	t	2026-05-17 07:09:52.095493+00	2026-05-29 05:15:20.294303+00	33	2026-05-29 05:15:20.295686+00	\N	~	\N	13
9	FINAL	Final Examination	48	t	2026-05-17 07:09:52.183753+00	2026-05-29 05:15:20.424094+00	34	2026-05-29 05:15:20.425103+00	\N	~	\N	13
8	IMM	Intermediate Membership	24	t	2026-05-17 07:09:52.095493+00	2026-05-29 11:09:45.866184+00	35	2026-05-29 11:09:45.867508+00	\N	~	\N	13
9	FINAL	Final Examination	48	t	2026-05-17 07:09:52.183753+00	2026-05-29 11:09:45.87551+00	36	2026-05-29 11:09:45.876236+00	\N	~	\N	13
8	IMM	Intermediate Membership	24	t	2026-05-17 07:09:52.095493+00	2026-05-30 06:25:18.172315+00	37	2026-05-30 06:25:18.173601+00	\N	~	\N	13
9	FINAL	Final Examination	48	t	2026-05-17 07:09:52.183753+00	2026-05-30 06:25:18.290476+00	38	2026-05-30 06:25:18.291189+00	\N	~	\N	13
8	IMM	Intermediate Membership	24	t	2026-05-17 07:09:52.095493+00	2026-05-30 06:29:44.664791+00	39	2026-05-30 06:29:44.665736+00	\N	~	\N	13
9	FINAL	Final Examination	48	t	2026-05-17 07:09:52.183753+00	2026-05-30 06:29:44.672516+00	40	2026-05-30 06:29:44.673242+00	\N	~	\N	13
8	IMM	Intermediate Membership	24	t	2026-05-17 07:09:52.095493+00	2026-05-30 14:15:54.231423+00	41	2026-05-30 14:15:54.232676+00	\N	~	\N	13
9	FINAL	Final Examination	48	t	2026-05-17 07:09:52.183753+00	2026-05-30 14:15:54.301347+00	42	2026-05-30 14:15:54.302141+00	\N	~	\N	13
8	IMM	Intermediate Membership	24	t	2026-05-17 07:09:52.095493+00	2026-05-30 23:25:27.163171+00	43	2026-05-30 23:25:27.164222+00	\N	~	\N	13
9	FINAL	Final Examination	48	t	2026-05-17 07:09:52.183753+00	2026-05-30 23:25:27.170474+00	44	2026-05-30 23:25:27.171112+00	\N	~	\N	13
8	IMM	Intermediate Membership	24	t	2026-05-17 07:09:52.095493+00	2026-05-30 23:35:21.276963+00	45	2026-05-30 23:35:21.278261+00	\N	~	\N	13
9	FINAL	Final Examination	48	t	2026-05-17 07:09:52.183753+00	2026-05-30 23:35:21.396578+00	46	2026-05-30 23:35:21.397369+00	\N	~	\N	13
10	IMM	Intermediate Membership (iMM)	24	t	2026-06-19 06:42:11.950586+00	2026-06-19 06:42:11.950606+00	47	2026-06-19 06:42:12.285694+00	\N	+	\N	15
11	FINAL	Final Examination	60	t	2026-06-19 06:42:13.143186+00	2026-06-19 06:42:13.143209+00	48	2026-06-19 06:42:13.14404+00	\N	+	\N	15
10	IMM	Intermediate Membership (iMM)	24	t	2026-06-19 06:42:11.950586+00	2026-06-19 06:42:58.911925+00	49	2026-06-19 06:42:58.913012+00	\N	~	\N	15
11	FINAL	Final Examination	60	t	2026-06-19 06:42:13.143186+00	2026-06-19 06:42:58.919124+00	50	2026-06-19 06:42:58.919905+00	\N	~	\N	15
\.


--
-- Data for Name: training_historicalprogrammilestonelogbookrequirement; Type: TABLE DATA; Schema: public; Owner: sims_user
--

COPY public.training_historicalprogrammilestonelogbookrequirement (id, procedure_key, category, min_entries, created_at, history_id, history_date, history_change_reason, history_type, history_user_id, milestone_id) FROM stdin;
1	OPD and Ward Clinical Work	OPD and Ward Clinical Work	0	2026-06-19 06:42:16.03521+00	1	2026-06-19 06:42:16.134748+00	\N	+	\N	11
2	Emergency Urology	Emergency Urology	0	2026-06-19 06:42:17.174514+00	2	2026-06-19 06:42:17.175234+00	\N	+	\N	11
3	Diagnostic Skills	Diagnostic Skills	0	2026-06-19 06:42:17.179387+00	3	2026-06-19 06:42:17.180186+00	\N	+	\N	11
4	Basic Urological Procedures	Basic Urological Procedures	0	2026-06-19 06:42:17.183649+00	4	2026-06-19 06:42:17.184246+00	\N	+	\N	11
5	Endoscopic Procedures	Endoscopic Procedures	0	2026-06-19 06:42:17.186861+00	5	2026-06-19 06:42:17.187334+00	\N	+	\N	11
6	Open Surgical Procedures	Open Surgical Procedures	0	2026-06-19 06:42:17.189286+00	6	2026-06-19 06:42:17.189728+00	\N	+	\N	11
7	Therapeutic Technology Exposure	Therapeutic Technology Exposure	0	2026-06-19 06:42:17.191624+00	7	2026-06-19 06:42:17.192155+00	\N	+	\N	11
8	Renal Transplantation Exposure	Renal Transplantation Exposure	0	2026-06-19 06:42:17.194089+00	8	2026-06-19 06:42:17.194519+00	\N	+	\N	11
9	Nephrology Rotation Activities	Nephrology Rotation Activities	0	2026-06-19 06:42:17.196441+00	9	2026-06-19 06:42:17.19691+00	\N	+	\N	11
10	Academic Activities	Academic Activities	0	2026-06-19 06:42:17.1989+00	10	2026-06-19 06:42:17.199541+00	\N	+	\N	11
11	Research Activities	Research Activities	0	2026-06-19 06:42:17.201809+00	11	2026-06-19 06:42:17.202407+00	\N	+	\N	11
12	Supervisor Feedback and Sign-off	Supervisor Feedback and Sign-off	0	2026-06-19 06:42:17.204516+00	12	2026-06-19 06:42:17.205226+00	\N	+	\N	11
12	Supervisor Feedback and Sign-off	Supervisor Feedback and Sign-off	0	2026-06-19 06:42:17.204516+00	13	2026-06-19 06:42:59.020336+00	\N	-	\N	11
11	Research Activities	Research Activities	0	2026-06-19 06:42:17.201809+00	14	2026-06-19 06:42:59.311517+00	\N	-	\N	11
10	Academic Activities	Academic Activities	0	2026-06-19 06:42:17.1989+00	15	2026-06-19 06:42:59.31773+00	\N	-	\N	11
9	Nephrology Rotation Activities	Nephrology Rotation Activities	0	2026-06-19 06:42:17.196441+00	16	2026-06-19 06:42:59.323084+00	\N	-	\N	11
8	Renal Transplantation Exposure	Renal Transplantation Exposure	0	2026-06-19 06:42:17.194089+00	17	2026-06-19 06:42:59.329622+00	\N	-	\N	11
7	Therapeutic Technology Exposure	Therapeutic Technology Exposure	0	2026-06-19 06:42:17.191624+00	18	2026-06-19 06:42:59.335763+00	\N	-	\N	11
6	Open Surgical Procedures	Open Surgical Procedures	0	2026-06-19 06:42:17.189286+00	19	2026-06-19 06:42:59.340376+00	\N	-	\N	11
5	Endoscopic Procedures	Endoscopic Procedures	0	2026-06-19 06:42:17.186861+00	20	2026-06-19 06:42:59.345593+00	\N	-	\N	11
4	Basic Urological Procedures	Basic Urological Procedures	0	2026-06-19 06:42:17.183649+00	21	2026-06-19 06:42:59.350613+00	\N	-	\N	11
3	Diagnostic Skills	Diagnostic Skills	0	2026-06-19 06:42:17.179387+00	22	2026-06-19 06:42:59.355494+00	\N	-	\N	11
2	Emergency Urology	Emergency Urology	0	2026-06-19 06:42:17.174514+00	23	2026-06-19 06:42:59.360141+00	\N	-	\N	11
1	OPD and Ward Clinical Work	OPD and Ward Clinical Work	0	2026-06-19 06:42:16.03521+00	24	2026-06-19 06:42:59.364915+00	\N	-	\N	11
13	OPD and Ward Clinical Work	OPD and Ward Clinical Work	0	2026-06-19 06:42:59.370224+00	25	2026-06-19 06:42:59.37109+00	\N	+	\N	11
14	Emergency Urology	Emergency Urology	0	2026-06-19 06:42:59.373738+00	26	2026-06-19 06:42:59.374332+00	\N	+	\N	11
15	Diagnostic Skills	Diagnostic Skills	0	2026-06-19 06:42:59.376708+00	27	2026-06-19 06:42:59.377335+00	\N	+	\N	11
16	Basic Urological Procedures	Basic Urological Procedures	0	2026-06-19 06:42:59.379604+00	28	2026-06-19 06:42:59.380296+00	\N	+	\N	11
17	Endoscopic Procedures	Endoscopic Procedures	0	2026-06-19 06:42:59.382421+00	29	2026-06-19 06:42:59.382933+00	\N	+	\N	11
18	Open Surgical Procedures	Open Surgical Procedures	0	2026-06-19 06:42:59.384898+00	30	2026-06-19 06:42:59.385406+00	\N	+	\N	11
19	Therapeutic Technology Exposure	Therapeutic Technology Exposure	0	2026-06-19 06:42:59.387414+00	31	2026-06-19 06:42:59.3879+00	\N	+	\N	11
20	Renal Transplantation Exposure	Renal Transplantation Exposure	0	2026-06-19 06:42:59.390044+00	32	2026-06-19 06:42:59.390537+00	\N	+	\N	11
21	Nephrology Rotation Activities	Nephrology Rotation Activities	0	2026-06-19 06:42:59.392405+00	33	2026-06-19 06:42:59.392818+00	\N	+	\N	11
22	Academic Activities	Academic Activities	0	2026-06-19 06:42:59.394555+00	34	2026-06-19 06:42:59.394991+00	\N	+	\N	11
23	Research Activities	Research Activities	0	2026-06-19 06:42:59.396698+00	35	2026-06-19 06:42:59.397142+00	\N	+	\N	11
24	Supervisor Feedback and Sign-off	Supervisor Feedback and Sign-off	0	2026-06-19 06:42:59.398851+00	36	2026-06-19 06:42:59.399363+00	\N	+	\N	11
\.


--
-- Data for Name: training_historicalprogrammilestoneresearchrequirement; Type: TABLE DATA; Schema: public; Owner: sims_user
--

COPY public.training_historicalprogrammilestoneresearchrequirement (id, requires_synopsis_approved, requires_synopsis_submitted_to_university, requires_thesis_submitted, created_at, updated_at, history_id, history_date, history_change_reason, history_type, history_user_id, milestone_id) FROM stdin;
1	t	f	f	2026-05-12 22:04:38.041616+00	2026-05-12 22:04:38.041644+00	1	2026-05-12 22:04:38.043165+00	\N	+	\N	1
2	t	f	t	2026-05-12 22:04:38.056443+00	2026-05-12 22:04:38.056491+00	2	2026-05-12 22:04:38.057285+00	\N	+	\N	2
2	t	f	t	2026-05-12 22:04:38.056443+00	2026-05-12 22:04:38.056491+00	3	2026-05-12 22:08:14.870723+00	\N	-	\N	2
1	t	f	f	2026-05-12 22:04:38.041616+00	2026-05-12 22:04:38.041644+00	4	2026-05-12 22:08:14.877358+00	\N	-	\N	1
8	t	f	f	2026-05-17 07:09:52.189639+00	2026-05-17 07:09:52.189654+00	26	2026-05-17 07:09:52.199432+00	\N	+	\N	8
9	t	f	t	2026-05-17 07:09:52.205427+00	2026-05-17 07:09:52.20544+00	27	2026-05-17 07:09:52.205919+00	\N	+	\N	9
8	t	f	f	2026-05-17 07:09:52.189639+00	2026-05-17 07:15:05.533929+00	28	2026-05-17 07:15:05.534781+00	\N	~	\N	8
9	t	f	t	2026-05-17 07:09:52.205427+00	2026-05-17 07:15:05.541459+00	29	2026-05-17 07:15:05.542151+00	\N	~	\N	9
8	t	f	f	2026-05-17 07:09:52.189639+00	2026-05-17 07:19:40.052698+00	30	2026-05-17 07:19:40.053496+00	\N	~	\N	8
9	t	f	t	2026-05-17 07:09:52.205427+00	2026-05-17 07:19:40.060632+00	31	2026-05-17 07:19:40.061477+00	\N	~	\N	9
8	t	f	f	2026-05-17 07:09:52.189639+00	2026-05-17 08:17:51.074682+00	32	2026-05-17 08:17:51.076027+00	\N	~	\N	8
9	t	f	t	2026-05-17 07:09:52.205427+00	2026-05-17 08:17:51.105452+00	33	2026-05-17 08:17:51.10633+00	\N	~	\N	9
8	t	f	f	2026-05-17 07:09:52.189639+00	2026-05-17 08:20:48.572376+00	34	2026-05-17 08:20:48.573426+00	\N	~	\N	8
9	t	f	t	2026-05-17 07:09:52.205427+00	2026-05-17 08:20:48.583977+00	35	2026-05-17 08:20:48.585655+00	\N	~	\N	9
8	t	f	f	2026-05-17 07:09:52.189639+00	2026-05-29 05:15:20.43505+00	36	2026-05-29 05:15:20.436014+00	\N	~	\N	8
9	t	f	t	2026-05-17 07:09:52.205427+00	2026-05-29 05:15:20.449357+00	37	2026-05-29 05:15:20.450157+00	\N	~	\N	9
8	t	f	f	2026-05-17 07:09:52.189639+00	2026-05-29 11:09:45.901695+00	38	2026-05-29 11:09:45.902906+00	\N	~	\N	8
9	t	f	t	2026-05-17 07:09:52.205427+00	2026-05-29 11:09:45.911085+00	39	2026-05-29 11:09:45.911804+00	\N	~	\N	9
8	t	f	f	2026-05-17 07:09:52.189639+00	2026-05-30 06:25:18.298749+00	40	2026-05-30 06:25:18.299692+00	\N	~	\N	8
9	t	f	t	2026-05-17 07:09:52.205427+00	2026-05-30 06:25:18.344685+00	41	2026-05-30 06:25:18.345661+00	\N	~	\N	9
8	t	f	f	2026-05-17 07:09:52.189639+00	2026-05-30 06:29:44.67889+00	42	2026-05-30 06:29:44.679808+00	\N	~	\N	8
9	t	f	t	2026-05-17 07:09:52.205427+00	2026-05-30 06:29:44.686639+00	43	2026-05-30 06:29:44.687374+00	\N	~	\N	9
8	t	f	f	2026-05-17 07:09:52.189639+00	2026-05-30 14:15:54.311505+00	44	2026-05-30 14:15:54.312474+00	\N	~	\N	8
9	t	f	t	2026-05-17 07:09:52.205427+00	2026-05-30 14:15:54.324506+00	45	2026-05-30 14:15:54.325255+00	\N	~	\N	9
8	t	f	f	2026-05-17 07:09:52.189639+00	2026-05-30 23:25:27.176767+00	46	2026-05-30 23:25:27.177552+00	\N	~	\N	8
9	t	f	t	2026-05-17 07:09:52.205427+00	2026-05-30 23:25:27.184205+00	47	2026-05-30 23:25:27.184868+00	\N	~	\N	9
8	t	f	f	2026-05-17 07:09:52.189639+00	2026-05-30 23:35:21.404784+00	48	2026-05-30 23:35:21.405597+00	\N	~	\N	8
9	t	f	t	2026-05-17 07:09:52.205427+00	2026-05-30 23:35:21.445784+00	49	2026-05-30 23:35:21.446531+00	\N	~	\N	9
10	f	t	f	2026-06-19 06:42:14.952475+00	2026-06-19 06:42:14.952494+00	50	2026-06-19 06:42:15.256591+00	\N	+	\N	10
11	f	f	t	2026-06-19 06:42:15.913573+00	2026-06-19 06:42:15.913588+00	51	2026-06-19 06:42:15.914173+00	\N	+	\N	11
10	f	t	f	2026-06-19 06:42:14.952475+00	2026-06-19 06:42:59.000652+00	52	2026-06-19 06:42:59.001476+00	\N	~	\N	10
11	f	f	t	2026-06-19 06:42:15.913573+00	2026-06-19 06:42:59.008728+00	53	2026-06-19 06:42:59.009447+00	\N	~	\N	11
\.


--
-- Data for Name: training_historicalprogrammilestoneworkshoprequirement; Type: TABLE DATA; Schema: public; Owner: sims_user
--

COPY public.training_historicalprogrammilestoneworkshoprequirement (id, required_count, created_at, history_id, history_date, history_change_reason, history_type, history_user_id, milestone_id, workshop_id) FROM stdin;
1	1	2026-06-19 06:42:13.82475+00	1	2026-06-19 06:42:14.043832+00	\N	+	\N	10	2
2	1	2026-06-19 06:42:14.675759+00	2	2026-06-19 06:42:14.676699+00	\N	+	\N	10	3
3	1	2026-06-19 06:42:14.679729+00	3	2026-06-19 06:42:14.680284+00	\N	+	\N	10	7
4	1	2026-06-19 06:42:14.684212+00	4	2026-06-19 06:42:14.684704+00	\N	+	\N	11	2
5	1	2026-06-19 06:42:14.687095+00	5	2026-06-19 06:42:14.687757+00	\N	+	\N	11	3
6	1	2026-06-19 06:42:14.690524+00	6	2026-06-19 06:42:14.691102+00	\N	+	\N	11	4
7	1	2026-06-19 06:42:14.693653+00	7	2026-06-19 06:42:14.694177+00	\N	+	\N	11	5
8	1	2026-06-19 06:42:14.697555+00	8	2026-06-19 06:42:14.698164+00	\N	+	\N	11	6
9	1	2026-06-19 06:42:14.700103+00	9	2026-06-19 06:42:14.700782+00	\N	+	\N	11	7
3	1	2026-06-19 06:42:14.679729+00	10	2026-06-19 06:42:58.926378+00	\N	-	\N	10	7
2	1	2026-06-19 06:42:14.675759+00	11	2026-06-19 06:42:58.932347+00	\N	-	\N	10	3
1	1	2026-06-19 06:42:13.82475+00	12	2026-06-19 06:42:58.936762+00	\N	-	\N	10	2
10	1	2026-06-19 06:42:58.94159+00	13	2026-06-19 06:42:58.942204+00	\N	+	\N	10	2
11	1	2026-06-19 06:42:58.944072+00	14	2026-06-19 06:42:58.944546+00	\N	+	\N	10	3
12	1	2026-06-19 06:42:58.946365+00	15	2026-06-19 06:42:58.946777+00	\N	+	\N	10	7
9	1	2026-06-19 06:42:14.700103+00	16	2026-06-19 06:42:58.950429+00	\N	-	\N	11	7
8	1	2026-06-19 06:42:14.697555+00	17	2026-06-19 06:42:58.955613+00	\N	-	\N	11	6
7	1	2026-06-19 06:42:14.693653+00	18	2026-06-19 06:42:58.961429+00	\N	-	\N	11	5
6	1	2026-06-19 06:42:14.690524+00	19	2026-06-19 06:42:58.968661+00	\N	-	\N	11	4
5	1	2026-06-19 06:42:14.687095+00	20	2026-06-19 06:42:58.973797+00	\N	-	\N	11	3
4	1	2026-06-19 06:42:14.684212+00	21	2026-06-19 06:42:58.978707+00	\N	-	\N	11	2
13	1	2026-06-19 06:42:58.983615+00	22	2026-06-19 06:42:58.984114+00	\N	+	\N	11	2
14	1	2026-06-19 06:42:58.986073+00	23	2026-06-19 06:42:58.986749+00	\N	+	\N	11	3
15	1	2026-06-19 06:42:58.989033+00	24	2026-06-19 06:42:58.989519+00	\N	+	\N	11	4
16	1	2026-06-19 06:42:58.991464+00	25	2026-06-19 06:42:58.99193+00	\N	+	\N	11	5
17	1	2026-06-19 06:42:58.993821+00	26	2026-06-19 06:42:58.994316+00	\N	+	\N	11	6
18	1	2026-06-19 06:42:58.996184+00	27	2026-06-19 06:42:58.996654+00	\N	+	\N	11	7
\.


--
-- Data for Name: training_historicalprogrampolicy; Type: TABLE DATA; Schema: public; Owner: sims_user
--

COPY public.training_historicalprogrampolicy (id, allow_program_change, program_change_requires_restart, min_active_months_before_imm, imm_allowed_from_month, final_allowed_from_month, exception_rules_text, created_at, updated_at, history_id, history_date, history_change_reason, history_type, history_user_id, program_id) FROM stdin;
6	f	t	24	24	60	{"warnings": ["Supervisors not imported; to be uploaded separately.", "Residents not imported; to be uploaded separately.", "Training site capacity ignored by user decision.", "Bed-to-trainee ratio ignored by user decision.", "Logbook minimum entries are placeholders.", "Portfolio skipped by user decision.", "Leave/freezing rules skipped by user decision.", "General Surgery treated as Part-II placement, not as a Part-III mandatory rotation."], "assessments": {"intermediate": {"timing": "End of 2nd year", "total_marks": 600, "written": {"marks": 300, "structure": "MCQs: 100 x 2 marks = 200; SEQs: 10 x 10 marks = 100", "passing_requirement": "60% in written examination"}, "clinical": {"marks": 300, "structure": "2 short cases: 50 marks each = 100; 1 long case: 100 marks; TOACS/OSCE/Oral: 100 marks", "passing_requirement": "60% in long case, 60% in short cases, 60% in TOACS/OSCE"}, "attempt_rule": "Maximum 4 consecutive attempts"}, "final": {"timing": "End of 5th year", "total_marks": 1000, "written": {"marks": 300, "structure": "MCQs: 100 x 2 marks = 200; SEQs: 10 x 10 marks = 100", "passing_requirement": "60% aggregate in written examination"}, "clinical": {"marks": 300, "structure": "4 short cases: 25 marks each = 100; 1 long case: 100 marks; TOACS/OSCE/Oral: 100 marks", "passing_requirement": "60% in long case, 60% in short cases, 60% in TOACS/OSCE"}, "continuous_internal_assessment": {"marks": 100}, "thesis_evaluation": {"marks": 300, "passing_threshold": "60% in thesis defense/evaluation pathway"}}}}	2026-06-19 06:42:11.641915+00	2026-06-19 06:42:11.641964+00	13	2026-06-19 06:42:11.643635+00	\N	+	\N	15
6	f	t	24	24	60	{"warnings": ["Supervisors not imported; to be uploaded separately.", "Residents not imported; to be uploaded separately.", "Training site capacity ignored by user decision.", "Bed-to-trainee ratio ignored by user decision.", "Logbook minimum entries are placeholders.", "Portfolio skipped by user decision.", "Leave/freezing rules skipped by user decision.", "General Surgery treated as Part-II placement, not as a Part-III mandatory rotation."], "assessments": {"intermediate": {"timing": "End of 2nd year", "total_marks": 600, "written": {"marks": 300, "structure": "MCQs: 100 x 2 marks = 200; SEQs: 10 x 10 marks = 100", "passing_requirement": "60% in written examination"}, "clinical": {"marks": 300, "structure": "2 short cases: 50 marks each = 100; 1 long case: 100 marks; TOACS/OSCE/Oral: 100 marks", "passing_requirement": "60% in long case, 60% in short cases, 60% in TOACS/OSCE"}, "attempt_rule": "Maximum 4 consecutive attempts"}, "final": {"timing": "End of 5th year", "total_marks": 1000, "written": {"marks": 300, "structure": "MCQs: 100 x 2 marks = 200; SEQs: 10 x 10 marks = 100", "passing_requirement": "60% aggregate in written examination"}, "clinical": {"marks": 300, "structure": "4 short cases: 25 marks each = 100; 1 long case: 100 marks; TOACS/OSCE/Oral: 100 marks", "passing_requirement": "60% in long case, 60% in short cases, 60% in TOACS/OSCE"}, "continuous_internal_assessment": {"marks": 100}, "thesis_evaluation": {"marks": 300, "passing_threshold": "60% in thesis defense/evaluation pathway"}}}}	2026-06-19 06:42:11.641915+00	2026-06-19 06:42:56.622633+00	14	2026-06-19 06:42:56.623888+00	\N	~	\N	15
\.


--
-- Data for Name: training_historicalprogramrotationrequirement; Type: TABLE DATA; Schema: public; Owner: sims_user
--

COPY public.training_historicalprogramrotationrequirement (id, required_duration_weeks, sequence_order, is_mandatory, notes, created_at, updated_at, history_id, history_date, history_change_reason, history_type, department_id, history_user_id, program_id) FROM stdin;
1	4	1	t	E2E phase-1 rotational requirement.	2026-05-12 22:04:38.51531+00	2026-05-12 22:04:38.515332+00	1	2026-05-12 22:04:38.598697+00	\N	+	1	\N	3
1	4	1	t	E2E phase-1 rotational requirement.	2026-05-12 22:04:38.51531+00	2026-05-12 22:04:38.515332+00	2	2026-05-12 22:08:15.05809+00	\N	-	1	\N	3
3	4	1	t	E2E phase-1 rotational requirement.	2026-05-17 07:09:52.389646+00	2026-05-17 07:09:52.389664+00	9	2026-05-17 07:09:52.429845+00	\N	+	1	\N	13
3	4	1	t	E2E phase-1 rotational requirement.	2026-05-17 07:09:52.389646+00	2026-05-17 07:15:05.695309+00	10	2026-05-17 07:15:05.696195+00	\N	~	1	\N	13
3	4	1	t	E2E phase-1 rotational requirement.	2026-05-17 07:09:52.389646+00	2026-05-17 07:19:40.20511+00	11	2026-05-17 07:19:40.206087+00	\N	~	1	\N	13
3	4	1	t	E2E phase-1 rotational requirement.	2026-05-17 07:09:52.389646+00	2026-05-17 08:17:52.070101+00	12	2026-05-17 08:17:52.071294+00	\N	~	1	\N	13
3	4	1	t	E2E phase-1 rotational requirement.	2026-05-17 07:09:52.389646+00	2026-05-17 08:20:48.79056+00	13	2026-05-17 08:20:48.791678+00	\N	~	1	\N	13
3	4	1	t	E2E phase-1 rotational requirement.	2026-05-17 07:09:52.389646+00	2026-05-29 05:15:21.271688+00	14	2026-05-29 05:15:21.272563+00	\N	~	1	\N	13
3	4	1	t	E2E phase-1 rotational requirement.	2026-05-17 07:09:52.389646+00	2026-05-29 11:09:46.396282+00	15	2026-05-29 11:09:46.39713+00	\N	~	1	\N	13
3	4	1	t	E2E phase-1 rotational requirement.	2026-05-17 07:09:52.389646+00	2026-05-30 06:25:18.82788+00	16	2026-05-30 06:25:18.828826+00	\N	~	1	\N	13
3	4	1	t	E2E phase-1 rotational requirement.	2026-05-17 07:09:52.389646+00	2026-05-30 06:29:44.801667+00	17	2026-05-30 06:29:44.802425+00	\N	~	1	\N	13
3	4	1	t	E2E phase-1 rotational requirement.	2026-05-17 07:09:52.389646+00	2026-05-30 14:15:54.809063+00	18	2026-05-30 14:15:54.825522+00	\N	~	1	\N	13
3	4	1	t	E2E phase-1 rotational requirement.	2026-05-17 07:09:52.389646+00	2026-05-30 23:25:27.318234+00	19	2026-05-30 23:25:27.319016+00	\N	~	1	\N	13
3	4	1	t	E2E phase-1 rotational requirement.	2026-05-17 07:09:52.389646+00	2026-05-30 23:35:21.905925+00	20	2026-05-30 23:35:21.911154+00	\N	~	1	\N	13
9	26	1	t	Rotation placement requirement for Part I Urology Training	2026-06-19 06:42:11.666056+00	2026-06-19 06:42:11.666072+00	26	2026-06-19 06:42:11.666865+00	\N	+	28	\N	15
10	78	2	t	Rotation placement requirement for Part II General Surgery Placement	2026-06-19 06:42:11.676337+00	2026-06-19 06:42:11.676347+00	27	2026-06-19 06:42:11.676862+00	\N	+	2	\N	15
11	143	3	t	Rotation placement requirement for Part III Urology Core Training	2026-06-19 06:42:11.683855+00	2026-06-19 06:42:11.683866+00	28	2026-06-19 06:42:11.684364+00	\N	+	28	\N	15
12	8	4	t	Rotation placement requirement for Renal Transplantation Rotation	2026-06-19 06:42:11.691461+00	2026-06-19 06:42:11.691471+00	29	2026-06-19 06:42:11.692016+00	\N	+	29	\N	15
13	4	5	t	Rotation placement requirement for Nephrology Rotation	2026-06-19 06:42:11.700219+00	2026-06-19 06:42:11.700234+00	30	2026-06-19 06:42:11.700781+00	\N	+	14	\N	15
13	4	5	t	Rotation placement requirement for Nephrology Rotation	2026-06-19 06:42:11.700219+00	2026-06-19 06:42:11.700234+00	31	2026-06-19 06:42:58.816487+00	\N	-	14	\N	15
12	8	4	t	Rotation placement requirement for Renal Transplantation Rotation	2026-06-19 06:42:11.691461+00	2026-06-19 06:42:11.691471+00	32	2026-06-19 06:42:58.823084+00	\N	-	29	\N	15
11	143	3	t	Rotation placement requirement for Part III Urology Core Training	2026-06-19 06:42:11.683855+00	2026-06-19 06:42:11.683866+00	33	2026-06-19 06:42:58.827016+00	\N	-	28	\N	15
10	78	2	t	Rotation placement requirement for Part II General Surgery Placement	2026-06-19 06:42:11.676337+00	2026-06-19 06:42:11.676347+00	34	2026-06-19 06:42:58.831059+00	\N	-	2	\N	15
9	26	1	t	Rotation placement requirement for Part I Urology Training	2026-06-19 06:42:11.666056+00	2026-06-19 06:42:11.666072+00	35	2026-06-19 06:42:58.834659+00	\N	-	28	\N	15
14	26	1	t	Rotation placement requirement for Part I Urology Training	2026-06-19 06:42:58.845244+00	2026-06-19 06:42:58.845255+00	36	2026-06-19 06:42:58.84591+00	\N	+	28	\N	15
15	78	2	t	Rotation placement requirement for Part II General Surgery Placement	2026-06-19 06:42:58.853647+00	2026-06-19 06:42:58.853657+00	37	2026-06-19 06:42:58.854268+00	\N	+	2	\N	15
16	143	3	t	Rotation placement requirement for Part III Urology Core Training	2026-06-19 06:42:58.862477+00	2026-06-19 06:42:58.86249+00	38	2026-06-19 06:42:58.863263+00	\N	+	28	\N	15
17	8	4	t	Rotation placement requirement for Renal Transplantation Rotation	2026-06-19 06:42:58.871862+00	2026-06-19 06:42:58.871872+00	39	2026-06-19 06:42:58.872396+00	\N	+	29	\N	15
18	4	5	t	Rotation placement requirement for Nephrology Rotation	2026-06-19 06:42:58.879982+00	2026-06-19 06:42:58.879993+00	40	2026-06-19 06:42:58.880546+00	\N	+	14	\N	15
\.


--
-- Data for Name: training_historicalprogramrotationtemplate; Type: TABLE DATA; Schema: public; Owner: sims_user
--

COPY public.training_historicalprogramrotationtemplate (id, name, duration_weeks, required, sequence_order, active, created_at, history_id, history_date, history_change_reason, history_type, department_id, history_user_id, program_id, block_index, is_mandatory, min_duration_weeks, phase_index, requirements_json, year_index) FROM stdin;
6	Part I Urology Training	26	t	1	t	2026-06-19 06:42:11.655416+00	6	2026-06-19 06:42:11.656475+00	\N	+	28	\N	15	1	t	26	1	{"focus": "Specialty placement Part I Urology Training", "seed_source": "curriculum_onboarding"}	1
7	Part II General Surgery Placement	78	t	2	t	2026-06-19 06:42:11.670979+00	7	2026-06-19 06:42:11.671557+00	\N	+	2	\N	15	2	t	78	2	{"focus": "Specialty placement Part II General Surgery Placement", "seed_source": "curriculum_onboarding"}	1
8	Part III Urology Core Training	143	t	3	t	2026-06-19 06:42:11.678866+00	8	2026-06-19 06:42:11.679483+00	\N	+	28	\N	15	3	t	143	3	{"focus": "Specialty placement Part III Urology Core Training", "seed_source": "curriculum_onboarding"}	3
9	Renal Transplantation Rotation	8	t	4	t	2026-06-19 06:42:11.686374+00	9	2026-06-19 06:42:11.686914+00	\N	+	29	\N	15	4	t	8	3	{"focus": "Specialty placement Renal Transplantation Rotation", "seed_source": "curriculum_onboarding"}	3
10	Nephrology Rotation	4	t	5	t	2026-06-19 06:42:11.694071+00	10	2026-06-19 06:42:11.694613+00	\N	+	14	\N	15	5	t	4	3	{"focus": "Specialty placement Nephrology Rotation", "seed_source": "curriculum_onboarding"}	3
10	Nephrology Rotation	4	t	5	t	2026-06-19 06:42:11.694071+00	11	2026-06-19 06:42:58.79081+00	\N	-	14	\N	15	5	t	4	3	{"focus": "Specialty placement Nephrology Rotation", "seed_source": "curriculum_onboarding"}	3
9	Renal Transplantation Rotation	8	t	4	t	2026-06-19 06:42:11.686374+00	12	2026-06-19 06:42:58.796426+00	\N	-	29	\N	15	4	t	8	3	{"focus": "Specialty placement Renal Transplantation Rotation", "seed_source": "curriculum_onboarding"}	3
8	Part III Urology Core Training	143	t	3	t	2026-06-19 06:42:11.678866+00	13	2026-06-19 06:42:58.800128+00	\N	-	28	\N	15	3	t	143	3	{"focus": "Specialty placement Part III Urology Core Training", "seed_source": "curriculum_onboarding"}	3
7	Part II General Surgery Placement	78	t	2	t	2026-06-19 06:42:11.670979+00	14	2026-06-19 06:42:58.80438+00	\N	-	2	\N	15	2	t	78	2	{"focus": "Specialty placement Part II General Surgery Placement", "seed_source": "curriculum_onboarding"}	1
6	Part I Urology Training	26	t	1	t	2026-06-19 06:42:11.655416+00	15	2026-06-19 06:42:58.808109+00	\N	-	28	\N	15	1	t	26	1	{"focus": "Specialty placement Part I Urology Training", "seed_source": "curriculum_onboarding"}	1
11	Part I Urology Training	26	t	1	t	2026-06-19 06:42:58.838752+00	16	2026-06-19 06:42:58.839566+00	\N	+	28	\N	15	1	t	26	1	{"focus": "Specialty placement Part I Urology Training", "seed_source": "curriculum_onboarding"}	1
12	Part II General Surgery Placement	78	t	2	t	2026-06-19 06:42:58.84786+00	17	2026-06-19 06:42:58.848436+00	\N	+	2	\N	15	2	t	78	2	{"focus": "Specialty placement Part II General Surgery Placement", "seed_source": "curriculum_onboarding"}	1
13	Part III Urology Core Training	143	t	3	t	2026-06-19 06:42:58.856441+00	18	2026-06-19 06:42:58.85709+00	\N	+	28	\N	15	3	t	143	3	{"focus": "Specialty placement Part III Urology Core Training", "seed_source": "curriculum_onboarding"}	3
14	Renal Transplantation Rotation	8	t	4	t	2026-06-19 06:42:58.866279+00	19	2026-06-19 06:42:58.866991+00	\N	+	29	\N	15	4	t	8	3	{"focus": "Specialty placement Renal Transplantation Rotation", "seed_source": "curriculum_onboarding"}	3
15	Nephrology Rotation	4	t	5	t	2026-06-19 06:42:58.874771+00	20	2026-06-19 06:42:58.875426+00	\N	+	14	\N	15	5	t	4	3	{"focus": "Specialty placement Nephrology Rotation", "seed_source": "curriculum_onboarding"}	3
\.


--
-- Data for Name: training_historicalresidentresearchproject; Type: TABLE DATA; Schema: public; Owner: sims_user
--

COPY public.training_historicalresidentresearchproject (id, title, topic_area, status, synopsis_file, synopsis_approved_at, supervisor_feedback, university_submission_ref, submitted_to_supervisor_at, submitted_to_university_at, accepted_at, created_at, updated_at, history_id, history_date, history_change_reason, history_type, history_user_id, resident_training_record_id, supervisor_id) FROM stdin;
7	E2E Baseline Research Project	Clinical Education	SUBMITTED_TO_SUPERVISOR		\N			2026-05-30 23:35:21.681595+00	\N	\N	2026-05-29 11:09:46.165137+00	2026-05-30 23:35:21.684157+00	31	2026-06-04 19:44:45.409007+00	\N	-	\N	25	64
\.


--
-- Data for Name: training_historicalresidentsubmission; Type: TABLE DATA; Schema: public; Owner: sims_user
--

COPY public.training_historicalresidentsubmission (id, submission_type, status, submitted_at, under_review_at, returned_at, verified_at, certificate_issued_at, feedback, created_at, updated_at, history_id, history_date, history_change_reason, history_type, history_user_id, resident_training_record_id, reviewed_by_id) FROM stdin;
\.


--
-- Data for Name: training_historicalresidentthesis; Type: TABLE DATA; Schema: public; Owner: sims_user
--

COPY public.training_historicalresidentthesis (id, status, thesis_file, submitted_at, final_submission_ref, notes, created_at, updated_at, history_id, history_date, history_change_reason, history_type, history_user_id, resident_training_record_id) FROM stdin;
\.


--
-- Data for Name: training_historicalresidenttrainingrecord; Type: TABLE DATA; Schema: public; Owner: sims_user
--

COPY public.training_historicalresidenttrainingrecord (id, start_date, expected_end_date, current_level, active, created_at, updated_at, history_id, history_date, history_change_reason, history_type, created_by_id, history_user_id, program_id, resident_user_id, locked_program, program_change_reason, restart_from_scratch_on_change, status, has_default_dates) FROM stdin;
31	2026-01-30	2029-05-29	y1	t	2026-05-30 06:25:10.125905+00	2026-05-30 23:35:13.42665+00	126	2026-06-04 19:44:45.475871+00	\N	-	1	\N	12	76	t	\N	t	ACTIVE	t
30	2026-01-30	2029-05-29	y1	t	2026-05-30 06:25:10.091037+00	2026-05-30 23:35:13.367668+00	127	2026-06-04 19:44:45.481593+00	\N	-	1	\N	12	75	t	\N	t	ACTIVE	t
29	2026-01-30	2030-05-09	1	f	2026-05-30 06:25:09.730909+00	2026-05-30 06:25:09.730921+00	128	2026-06-04 19:44:45.48616+00	\N	-	76	\N	11	76	t	\N	t	ACTIVE	t
28	2026-01-30	2030-05-09	1	f	2026-05-30 06:25:09.204741+00	2026-05-30 06:25:09.204759+00	129	2026-06-04 19:44:45.490534+00	\N	-	75	\N	11	75	t	\N	t	ACTIVE	t
27	2026-01-10	2029-05-29	y1	t	2026-05-29 11:09:46.142132+00	2026-05-30 23:35:21.533472+00	130	2026-06-04 19:44:45.494688+00	\N	-	66	\N	13	71	t	\N	t	ACTIVE	f
26	2025-10-22	2029-05-29	y1	t	2026-05-29 11:09:46.135927+00	2026-05-30 23:35:21.526339+00	131	2026-06-04 19:44:45.499655+00	\N	-	66	\N	13	68	t	\N	t	ACTIVE	f
25	2025-05-30	2029-05-29	y2	t	2026-05-29 11:09:46.03929+00	2026-05-30 23:35:21.51686+00	132	2026-06-04 19:44:45.504011+00	\N	-	64	\N	13	65	t	\N	t	ACTIVE	f
\.


--
-- Data for Name: training_historicalresidentworkshopcompletion; Type: TABLE DATA; Schema: public; Owner: sims_user
--

COPY public.training_historicalresidentworkshopcompletion (id, completed_at, certificate_file, source, notes, created_at, updated_at, history_id, history_date, history_change_reason, history_type, history_user_id, resident_training_record_id, workshop_id, workshop_run_id) FROM stdin;
\.


--
-- Data for Name: training_historicalrotationassignment; Type: TABLE DATA; Schema: public; Owner: sims_user
--

COPY public.training_historicalrotationassignment (id, start_date, end_date, status, notes, return_reason, reject_reason, submitted_at, approved_at, completed_at, created_at, updated_at, history_id, history_date, history_change_reason, history_type, approved_by_hod_id, approved_by_utrmc_id, history_user_id, hospital_department_id, requested_by_id, resident_training_id, template_id) FROM stdin;
\.


--
-- Data for Name: training_historicalrotationcertificate; Type: TABLE DATA; Schema: public; Owner: sims_user
--

COPY public.training_historicalrotationcertificate (id, certificate_number, status, issued_at, verified_at, metadata, history_id, history_date, history_change_reason, history_type, completion_id, history_user_id, issued_by_id, verified_by_id) FROM stdin;
\.


--
-- Data for Name: training_historicalrotationcompletion; Type: TABLE DATA; Schema: public; Owner: sims_user
--

COPY public.training_historicalrotationcompletion (id, status, confirmed_at, verification_submitted_at, verified_at, notes, history_id, history_date, history_change_reason, history_type, confirmed_by_id, history_user_id, rotation_id, verified_by_id) FROM stdin;
\.


--
-- Data for Name: training_historicalsubmissioncertificate; Type: TABLE DATA; Schema: public; Owner: sims_user
--

COPY public.training_historicalsubmissioncertificate (id, certificate_number, status, issued_at, verified_at, metadata, history_id, history_date, history_change_reason, history_type, history_user_id, issued_by_id, submission_id, verified_by_id) FROM stdin;
\.


--
-- Data for Name: training_historicalsubmissiondocument; Type: TABLE DATA; Schema: public; Owner: sims_user
--

COPY public.training_historicalsubmissiondocument (id, file, original_filename, uploaded_at, is_active, history_id, history_date, history_change_reason, history_type, history_user_id, requirement_id, submission_id, uploaded_by_id) FROM stdin;
\.


--
-- Data for Name: training_historicalsubmissionrequirementtemplate; Type: TABLE DATA; Schema: public; Owner: sims_user
--

COPY public.training_historicalsubmissionrequirementtemplate (id, submission_type, code, title, description, is_required, active, sort_order, created_at, updated_at, history_id, history_date, history_change_reason, history_type, created_by_id, department_id, history_user_id, program_id) FROM stdin;
1	SYNOPSIS	SYN-PROPOSAL	Synopsis Proposal	Core synopsis proposal document.	t	t	1	2026-05-12 22:04:38.628847+00	2026-05-12 22:04:38.628866+00	1	2026-05-12 22:04:38.630507+00	\N	+	7	2	\N	3
2	SYNOPSIS	SYN-ETHICS	Synopsis Ethics Sheet	Ethics and compliance attachment.	t	t	2	2026-05-12 22:04:38.640757+00	2026-05-12 22:04:38.640775+00	2	2026-05-12 22:04:38.641592+00	\N	+	7	2	\N	3
3	THESIS	THS-MANUSCRIPT	Thesis Manuscript	Main thesis manuscript for completeness check.	t	t	1	2026-05-12 22:04:38.648282+00	2026-05-12 22:04:38.648301+00	3	2026-05-12 22:04:38.649127+00	\N	+	7	2	\N	3
4	THESIS	THS-SIMILARITY	Similarity Report	Similarity/plagiarism report document.	t	t	2	2026-05-12 22:04:38.655459+00	2026-05-12 22:04:38.655476+00	4	2026-05-12 22:04:38.656213+00	\N	+	7	2	\N	3
4	THESIS	THS-SIMILARITY	Similarity Report	Similarity/plagiarism report document.	t	t	2	2026-05-12 22:04:38.655459+00	2026-05-12 22:04:38.655476+00	5	2026-05-12 22:08:15.042279+00	\N	-	7	2	\N	3
3	THESIS	THS-MANUSCRIPT	Thesis Manuscript	Main thesis manuscript for completeness check.	t	t	1	2026-05-12 22:04:38.648282+00	2026-05-12 22:04:38.648301+00	6	2026-05-12 22:08:15.0479+00	\N	-	7	2	\N	3
2	SYNOPSIS	SYN-ETHICS	Synopsis Ethics Sheet	Ethics and compliance attachment.	t	t	2	2026-05-12 22:04:38.640757+00	2026-05-12 22:04:38.640775+00	7	2026-05-12 22:08:15.05134+00	\N	-	7	2	\N	3
1	SYNOPSIS	SYN-PROPOSAL	Synopsis Proposal	Core synopsis proposal document.	t	t	1	2026-05-12 22:04:38.628847+00	2026-05-12 22:04:38.628866+00	8	2026-05-12 22:08:15.05405+00	\N	-	7	2	\N	3
9	SYNOPSIS	SYN-PROPOSAL	Synopsis Proposal	Core synopsis proposal document.	t	t	1	2026-05-17 07:09:52.477414+00	2026-05-17 07:09:52.477427+00	33	2026-05-17 07:09:52.501648+00	\N	+	51	2	\N	13
10	SYNOPSIS	SYN-ETHICS	Synopsis Ethics Sheet	Ethics and compliance attachment.	t	t	2	2026-05-17 07:09:52.509347+00	2026-05-17 07:09:52.50936+00	34	2026-05-17 07:09:52.509909+00	\N	+	51	2	\N	13
11	THESIS	THS-MANUSCRIPT	Thesis Manuscript	Main thesis manuscript for completeness check.	t	t	1	2026-05-17 07:09:52.514284+00	2026-05-17 07:09:52.514299+00	35	2026-05-17 07:09:52.514779+00	\N	+	51	2	\N	13
12	THESIS	THS-SIMILARITY	Similarity Report	Similarity/plagiarism report document.	t	t	2	2026-05-17 07:09:52.519197+00	2026-05-17 07:09:52.519207+00	36	2026-05-17 07:09:52.519702+00	\N	+	51	2	\N	13
9	SYNOPSIS	SYN-PROPOSAL	Synopsis Proposal	Core synopsis proposal document.	t	t	1	2026-05-17 07:09:52.477414+00	2026-05-17 07:15:05.717801+00	37	2026-05-17 07:15:05.718783+00	\N	~	51	2	\N	13
10	SYNOPSIS	SYN-ETHICS	Synopsis Ethics Sheet	Ethics and compliance attachment.	t	t	2	2026-05-17 07:09:52.509347+00	2026-05-17 07:15:05.724333+00	38	2026-05-17 07:15:05.725121+00	\N	~	51	2	\N	13
11	THESIS	THS-MANUSCRIPT	Thesis Manuscript	Main thesis manuscript for completeness check.	t	t	1	2026-05-17 07:09:52.514284+00	2026-05-17 07:15:05.7292+00	39	2026-05-17 07:15:05.730001+00	\N	~	51	2	\N	13
12	THESIS	THS-SIMILARITY	Similarity Report	Similarity/plagiarism report document.	t	t	2	2026-05-17 07:09:52.519197+00	2026-05-17 07:15:05.73445+00	40	2026-05-17 07:15:05.735229+00	\N	~	51	2	\N	13
9	SYNOPSIS	SYN-PROPOSAL	Synopsis Proposal	Core synopsis proposal document.	t	t	1	2026-05-17 07:09:52.477414+00	2026-05-17 07:19:40.229067+00	41	2026-05-17 07:19:40.230129+00	\N	~	51	2	\N	13
10	SYNOPSIS	SYN-ETHICS	Synopsis Ethics Sheet	Ethics and compliance attachment.	t	t	2	2026-05-17 07:09:52.509347+00	2026-05-17 07:19:40.236376+00	42	2026-05-17 07:19:40.237219+00	\N	~	51	2	\N	13
11	THESIS	THS-MANUSCRIPT	Thesis Manuscript	Main thesis manuscript for completeness check.	t	t	1	2026-05-17 07:09:52.514284+00	2026-05-17 07:19:40.242128+00	43	2026-05-17 07:19:40.243002+00	\N	~	51	2	\N	13
12	THESIS	THS-SIMILARITY	Similarity Report	Similarity/plagiarism report document.	t	t	2	2026-05-17 07:09:52.519197+00	2026-05-17 07:19:40.247328+00	44	2026-05-17 07:19:40.24814+00	\N	~	51	2	\N	13
9	SYNOPSIS	SYN-PROPOSAL	Synopsis Proposal	Core synopsis proposal document.	t	t	1	2026-05-17 07:09:52.477414+00	2026-05-17 08:17:52.165904+00	45	2026-05-17 08:17:52.168312+00	\N	~	51	2	\N	13
10	SYNOPSIS	SYN-ETHICS	Synopsis Ethics Sheet	Ethics and compliance attachment.	t	t	2	2026-05-17 07:09:52.509347+00	2026-05-17 08:17:52.215651+00	46	2026-05-17 08:17:52.217892+00	\N	~	51	2	\N	13
11	THESIS	THS-MANUSCRIPT	Thesis Manuscript	Main thesis manuscript for completeness check.	t	t	1	2026-05-17 07:09:52.514284+00	2026-05-17 08:17:52.230382+00	47	2026-05-17 08:17:52.232384+00	\N	~	51	2	\N	13
12	THESIS	THS-SIMILARITY	Similarity Report	Similarity/plagiarism report document.	t	t	2	2026-05-17 07:09:52.519197+00	2026-05-17 08:17:52.250726+00	48	2026-05-17 08:17:52.252365+00	\N	~	51	2	\N	13
9	SYNOPSIS	SYN-PROPOSAL	Synopsis Proposal	Core synopsis proposal document.	t	t	1	2026-05-17 07:09:52.477414+00	2026-05-17 08:20:48.821756+00	49	2026-05-17 08:20:48.823072+00	\N	~	51	2	\N	13
10	SYNOPSIS	SYN-ETHICS	Synopsis Ethics Sheet	Ethics and compliance attachment.	t	t	2	2026-05-17 07:09:52.509347+00	2026-05-17 08:20:48.830732+00	50	2026-05-17 08:20:48.831953+00	\N	~	51	2	\N	13
11	THESIS	THS-MANUSCRIPT	Thesis Manuscript	Main thesis manuscript for completeness check.	t	t	1	2026-05-17 07:09:52.514284+00	2026-05-17 08:20:48.83789+00	51	2026-05-17 08:20:48.839083+00	\N	~	51	2	\N	13
12	THESIS	THS-SIMILARITY	Similarity Report	Similarity/plagiarism report document.	t	t	2	2026-05-17 07:09:52.519197+00	2026-05-17 08:20:48.844284+00	52	2026-05-17 08:20:48.845387+00	\N	~	51	2	\N	13
9	SYNOPSIS	SYN-PROPOSAL	Synopsis Proposal	Core synopsis proposal document.	t	t	1	2026-05-17 07:09:52.477414+00	2026-05-29 05:15:21.406339+00	53	2026-05-29 05:15:21.407641+00	\N	~	51	2	\N	13
10	SYNOPSIS	SYN-ETHICS	Synopsis Ethics Sheet	Ethics and compliance attachment.	t	t	2	2026-05-17 07:09:52.509347+00	2026-05-29 05:15:21.536481+00	54	2026-05-29 05:15:21.53743+00	\N	~	51	2	\N	13
11	THESIS	THS-MANUSCRIPT	Thesis Manuscript	Main thesis manuscript for completeness check.	t	t	1	2026-05-17 07:09:52.514284+00	2026-05-29 05:15:21.542112+00	55	2026-05-29 05:15:21.542957+00	\N	~	51	2	\N	13
12	THESIS	THS-SIMILARITY	Similarity Report	Similarity/plagiarism report document.	t	t	2	2026-05-17 07:09:52.519197+00	2026-05-29 05:15:21.546965+00	56	2026-05-29 05:15:21.547725+00	\N	~	51	2	\N	13
9	SYNOPSIS	SYN-PROPOSAL	Synopsis Proposal	Core synopsis proposal document.	t	t	1	2026-05-17 07:09:52.477414+00	2026-05-29 11:09:46.419678+00	57	2026-05-29 11:09:46.420543+00	\N	~	51	2	\N	13
10	SYNOPSIS	SYN-ETHICS	Synopsis Ethics Sheet	Ethics and compliance attachment.	t	t	2	2026-05-17 07:09:52.509347+00	2026-05-29 11:09:46.440687+00	58	2026-05-29 11:09:46.441522+00	\N	~	51	2	\N	13
11	THESIS	THS-MANUSCRIPT	Thesis Manuscript	Main thesis manuscript for completeness check.	t	t	1	2026-05-17 07:09:52.514284+00	2026-05-29 11:09:46.445549+00	59	2026-05-29 11:09:46.446326+00	\N	~	51	2	\N	13
12	THESIS	THS-SIMILARITY	Similarity Report	Similarity/plagiarism report document.	t	t	2	2026-05-17 07:09:52.519197+00	2026-05-29 11:09:46.450251+00	60	2026-05-29 11:09:46.451034+00	\N	~	51	2	\N	13
9	SYNOPSIS	SYN-PROPOSAL	Synopsis Proposal	Core synopsis proposal document.	t	t	1	2026-05-17 07:09:52.477414+00	2026-05-30 06:25:18.905884+00	61	2026-05-30 06:25:18.906951+00	\N	~	51	2	\N	13
10	SYNOPSIS	SYN-ETHICS	Synopsis Ethics Sheet	Ethics and compliance attachment.	t	t	2	2026-05-17 07:09:52.509347+00	2026-05-30 06:25:18.960626+00	62	2026-05-30 06:25:18.961504+00	\N	~	51	2	\N	13
11	THESIS	THS-MANUSCRIPT	Thesis Manuscript	Main thesis manuscript for completeness check.	t	t	1	2026-05-17 07:09:52.514284+00	2026-05-30 06:25:18.965759+00	63	2026-05-30 06:25:18.966592+00	\N	~	51	2	\N	13
12	THESIS	THS-SIMILARITY	Similarity Report	Similarity/plagiarism report document.	t	t	2	2026-05-17 07:09:52.519197+00	2026-05-30 06:25:18.970473+00	64	2026-05-30 06:25:18.971137+00	\N	~	51	2	\N	13
9	SYNOPSIS	SYN-PROPOSAL	Synopsis Proposal	Core synopsis proposal document.	t	t	1	2026-05-17 07:09:52.477414+00	2026-05-30 06:29:44.821892+00	65	2026-05-30 06:29:44.822812+00	\N	~	51	2	\N	13
10	SYNOPSIS	SYN-ETHICS	Synopsis Ethics Sheet	Ethics and compliance attachment.	t	t	2	2026-05-17 07:09:52.509347+00	2026-05-30 06:29:44.82798+00	66	2026-05-30 06:29:44.828793+00	\N	~	51	2	\N	13
11	THESIS	THS-MANUSCRIPT	Thesis Manuscript	Main thesis manuscript for completeness check.	t	t	1	2026-05-17 07:09:52.514284+00	2026-05-30 06:29:44.832883+00	67	2026-05-30 06:29:44.833734+00	\N	~	51	2	\N	13
12	THESIS	THS-SIMILARITY	Similarity Report	Similarity/plagiarism report document.	t	t	2	2026-05-17 07:09:52.519197+00	2026-05-30 06:29:44.837799+00	68	2026-05-30 06:29:44.838679+00	\N	~	51	2	\N	13
9	SYNOPSIS	SYN-PROPOSAL	Synopsis Proposal	Core synopsis proposal document.	t	t	1	2026-05-17 07:09:52.477414+00	2026-05-30 14:15:54.879872+00	69	2026-05-30 14:15:54.880962+00	\N	~	51	2	\N	13
10	SYNOPSIS	SYN-ETHICS	Synopsis Ethics Sheet	Ethics and compliance attachment.	t	t	2	2026-05-17 07:09:52.509347+00	2026-05-30 14:15:54.928627+00	70	2026-05-30 14:15:54.929555+00	\N	~	51	2	\N	13
11	THESIS	THS-MANUSCRIPT	Thesis Manuscript	Main thesis manuscript for completeness check.	t	t	1	2026-05-17 07:09:52.514284+00	2026-05-30 14:15:54.933725+00	71	2026-05-30 14:15:54.93452+00	\N	~	51	2	\N	13
12	THESIS	THS-SIMILARITY	Similarity Report	Similarity/plagiarism report document.	t	t	2	2026-05-17 07:09:52.519197+00	2026-05-30 14:15:54.938611+00	72	2026-05-30 14:15:54.939398+00	\N	~	51	2	\N	13
9	SYNOPSIS	SYN-PROPOSAL	Synopsis Proposal	Core synopsis proposal document.	t	t	1	2026-05-17 07:09:52.477414+00	2026-05-30 23:25:27.339894+00	73	2026-05-30 23:25:27.340758+00	\N	~	51	2	\N	13
10	SYNOPSIS	SYN-ETHICS	Synopsis Ethics Sheet	Ethics and compliance attachment.	t	t	2	2026-05-17 07:09:52.509347+00	2026-05-30 23:25:27.346441+00	74	2026-05-30 23:25:27.347163+00	\N	~	51	2	\N	13
11	THESIS	THS-MANUSCRIPT	Thesis Manuscript	Main thesis manuscript for completeness check.	t	t	1	2026-05-17 07:09:52.514284+00	2026-05-30 23:25:27.350976+00	75	2026-05-30 23:25:27.351855+00	\N	~	51	2	\N	13
12	THESIS	THS-SIMILARITY	Similarity Report	Similarity/plagiarism report document.	t	t	2	2026-05-17 07:09:52.519197+00	2026-05-30 23:25:27.356488+00	76	2026-05-30 23:25:27.357382+00	\N	~	51	2	\N	13
9	SYNOPSIS	SYN-PROPOSAL	Synopsis Proposal	Core synopsis proposal document.	t	t	1	2026-05-17 07:09:52.477414+00	2026-05-30 23:35:22.085026+00	77	2026-05-30 23:35:22.086275+00	\N	~	51	2	\N	13
10	SYNOPSIS	SYN-ETHICS	Synopsis Ethics Sheet	Ethics and compliance attachment.	t	t	2	2026-05-17 07:09:52.509347+00	2026-05-30 23:35:22.177472+00	78	2026-05-30 23:35:22.17827+00	\N	~	51	2	\N	13
11	THESIS	THS-MANUSCRIPT	Thesis Manuscript	Main thesis manuscript for completeness check.	t	t	1	2026-05-17 07:09:52.514284+00	2026-05-30 23:35:22.182516+00	79	2026-05-30 23:35:22.183206+00	\N	~	51	2	\N	13
12	THESIS	THS-SIMILARITY	Similarity Report	Similarity/plagiarism report document.	t	t	2	2026-05-17 07:09:52.519197+00	2026-05-30 23:35:22.187513+00	80	2026-05-30 23:35:22.188197+00	\N	~	51	2	\N	13
\.


--
-- Data for Name: training_historicalsubmissionreview; Type: TABLE DATA; Schema: public; Owner: sims_user
--

COPY public.training_historicalsubmissionreview (id, action, comments, created_at, history_id, history_date, history_change_reason, history_type, history_user_id, reviewer_id, submission_id) FROM stdin;
\.


--
-- Data for Name: training_historicaltrainingprogram; Type: TABLE DATA; Schema: public; Owner: sims_user
--

COPY public.training_historicaltrainingprogram (id, name, code, duration_months, description, active, created_at, updated_at, history_id, history_date, history_change_reason, history_type, history_user_id, degree_type, department_id, notes) FROM stdin;
11	Pilot Baseline Program	PILOT-BASELINE	48	Synthetic program used for clean baseline resident bootstrapping.	t	2026-05-17 07:09:43.830483+00	2026-05-17 07:09:43.830501+00	31	2026-05-17 07:09:43.859137+00	\N	+	\N	FCPS	\N	Managed automatically for pilot baseline users.
12	Active Surface Baseline Programme	ACTIVE-BASELINE	48	Minimal programme used by release-gated active-surface verification.	t	2026-05-17 07:09:44.369584+00	2026-05-17 07:09:44.369601+00	32	2026-05-17 07:09:44.370186+00	\N	+	\N	FCPS	1	
13	E2E Baseline FCPS Program	E2E-FCPS	48	Deterministic training baseline for Playwright workflow gate	t	2026-05-17 07:09:52.087894+00	2026-05-17 07:09:52.087911+00	33	2026-05-17 07:09:52.088728+00	\N	+	\N	FCPS	2	Managed by seed_e2e
12	Active Surface Baseline Programme	ACTIVE-BASELINE	48	Minimal programme used by release-gated active-surface verification.	t	2026-05-17 07:09:44.369584+00	2026-05-17 07:14:57.89712+00	34	2026-05-17 07:14:57.898298+00	\N	~	\N	FCPS	1	
13	E2E Baseline FCPS Program	E2E-FCPS	48	Deterministic training baseline for Playwright workflow gate	t	2026-05-17 07:09:52.087894+00	2026-05-17 07:15:05.508912+00	35	2026-05-17 07:15:05.510174+00	\N	~	\N	FCPS	2	Managed by seed_e2e
12	Active Surface Baseline Programme	ACTIVE-BASELINE	48	Minimal programme used by release-gated active-surface verification.	t	2026-05-17 07:09:44.369584+00	2026-05-17 07:19:32.34277+00	36	2026-05-17 07:19:32.343974+00	\N	~	\N	FCPS	1	
13	E2E Baseline FCPS Program	E2E-FCPS	48	Deterministic training baseline for Playwright workflow gate	t	2026-05-17 07:09:52.087894+00	2026-05-17 07:19:40.031137+00	37	2026-05-17 07:19:40.032382+00	\N	~	\N	FCPS	2	Managed by seed_e2e
12	Active Surface Baseline Programme	ACTIVE-BASELINE	48	Minimal program used by release-gated active-surface verification.	t	2026-05-17 07:09:44.369584+00	2026-05-17 08:17:38.007914+00	38	2026-05-17 08:17:38.009503+00	\N	~	\N	FCPS	1	
13	E2E Baseline FCPS Program	E2E-FCPS	48	Deterministic training baseline for Playwright workflow gate	t	2026-05-17 07:09:52.087894+00	2026-05-17 08:17:50.8127+00	39	2026-05-17 08:17:50.81418+00	\N	~	\N	FCPS	2	Managed by seed_e2e
12	Active Surface Baseline Programme	ACTIVE-BASELINE	48	Minimal program used by release-gated active-surface verification.	t	2026-05-17 07:09:44.369584+00	2026-05-17 08:20:34.408019+00	40	2026-05-17 08:20:34.409465+00	\N	~	\N	FCPS	1	
13	E2E Baseline FCPS Program	E2E-FCPS	48	Deterministic training baseline for Playwright workflow gate	t	2026-05-17 07:09:52.087894+00	2026-05-17 08:20:48.468531+00	41	2026-05-17 08:20:48.469889+00	\N	~	\N	FCPS	2	Managed by seed_e2e
12	Active Surface Baseline Programme	ACTIVE-BASELINE	48	Minimal program used by release-gated active-surface verification.	t	2026-05-17 07:09:44.369584+00	2026-05-29 05:15:12.001771+00	42	2026-05-29 05:15:12.00309+00	\N	~	\N	FCPS	1	
13	E2E Baseline FCPS Program	E2E-FCPS	48	Deterministic training baseline for Playwright workflow gate	t	2026-05-17 07:09:52.087894+00	2026-05-29 05:15:20.261021+00	43	2026-05-29 05:15:20.262193+00	\N	~	\N	FCPS	2	Managed by seed_e2e
13	E2E Baseline FCPS Program	E2E-FCPS	48	Deterministic training baseline for Playwright workflow gate	t	2026-05-17 07:09:52.087894+00	2026-05-29 11:09:45.772663+00	44	2026-05-29 11:09:45.77397+00	\N	~	\N	FCPS	2	Managed by seed_e2e
12	Active Surface Baseline Programme	ACTIVE-BASELINE	48	Minimal program used by release-gated active-surface verification.	t	2026-05-17 07:09:44.369584+00	2026-05-30 06:25:09.910983+00	45	2026-05-30 06:25:09.912454+00	\N	~	\N	FCPS	1	
13	E2E Baseline FCPS Program	E2E-FCPS	48	Deterministic training baseline for Playwright workflow gate	t	2026-05-17 07:09:52.087894+00	2026-05-30 06:25:18.141585+00	46	2026-05-30 06:25:18.142679+00	\N	~	\N	FCPS	2	Managed by seed_e2e
12	Active Surface Baseline Programme	ACTIVE-BASELINE	48	Minimal program used by release-gated active-surface verification.	t	2026-05-17 07:09:44.369584+00	2026-05-30 06:29:36.595795+00	47	2026-05-30 06:29:36.597102+00	\N	~	\N	FCPS	1	
13	E2E Baseline FCPS Program	E2E-FCPS	48	Deterministic training baseline for Playwright workflow gate	t	2026-05-17 07:09:52.087894+00	2026-05-30 06:29:44.656699+00	48	2026-05-30 06:29:44.657875+00	\N	~	\N	FCPS	2	Managed by seed_e2e
12	Active Surface Baseline Programme	ACTIVE-BASELINE	48	Minimal program used by release-gated active-surface verification.	t	2026-05-17 07:09:44.369584+00	2026-05-30 14:15:45.730822+00	49	2026-05-30 14:15:45.731953+00	\N	~	\N	FCPS	1	
13	E2E Baseline FCPS Program	E2E-FCPS	48	Deterministic training baseline for Playwright workflow gate	t	2026-05-17 07:09:52.087894+00	2026-05-30 14:15:54.175265+00	50	2026-05-30 14:15:54.176379+00	\N	~	\N	FCPS	2	Managed by seed_e2e
12	Active Surface Baseline Programme	ACTIVE-BASELINE	48	Minimal program used by release-gated active-surface verification.	t	2026-05-17 07:09:44.369584+00	2026-05-30 23:25:19.354069+00	51	2026-05-30 23:25:19.355381+00	\N	~	\N	FCPS	1	
13	E2E Baseline FCPS Program	E2E-FCPS	48	Deterministic training baseline for Playwright workflow gate	t	2026-05-17 07:09:52.087894+00	2026-05-30 23:25:27.155826+00	52	2026-05-30 23:25:27.156874+00	\N	~	\N	FCPS	2	Managed by seed_e2e
12	Active Surface Baseline Programme	ACTIVE-BASELINE	48	Minimal program used by release-gated active-surface verification.	t	2026-05-17 07:09:44.369584+00	2026-05-30 23:35:13.162534+00	53	2026-05-30 23:35:13.16382+00	\N	~	\N	FCPS	1	
13	E2E Baseline FCPS Program	E2E-FCPS	48	Deterministic training baseline for Playwright workflow gate	t	2026-05-17 07:09:52.087894+00	2026-05-30 23:35:21.221032+00	54	2026-05-30 23:35:21.222098+00	\N	~	\N	FCPS	2	Managed by seed_e2e
15	MS Urology	ms-urology	60	MS Urology curriculum imported from Urology.pdf on 2026-06-19T06:42:11.075746 UTC.	t	2026-06-19 06:42:11.079744+00	2026-06-19 06:42:11.079763+00	56	2026-06-19 06:42:11.082684+00	\N	+	\N	MS	28	{\n  "program_master": {\n    "name": "MS Urology",\n    "degree": "MS",\n    "specialty_department": "Urology",\n    "duration_months": 60,\n    "university": "Faisalabad Medical University",\n    "training_center": "Department of Urology in affiliated hospitals of Faisalabad Medical University",\n    "admission_route": "Central Induction Policy as per Government rules"\n  },\n  "curriculum_document": {\n    "source_file": "Urology.pdf",\n    "checksum": "05132315ee6259d4bf409a329603e66d9c4ace664d73fbc7597b6a3a63dd542b",\n    "stored_path": "media/curricula/Urology.pdf"\n  },\n  "phases": [\n    {\n      "name": "Part I",\n      "duration": "Month 1 to Month 6",\n      "placement": "Urology",\n      "focus": [\n        "Basic knowledge of Urology",\n        "Anatomy",\n        "Physiology",\n        "Orientation to the subject",\n        "Basic principles",\n        "History taking",\n        "Case presentation",\n        "Inpatient care",\n        "Outpatient care",\n        "Selection/initiation of synopsis topic"\n      ]\n    },\n    {\n      "name": "Part II",\n      "duration": "Month 7 to Month 24",\n      "placement": "General Surgery",\n      "focus": [\n        "Core knowledge in Surgery",\n        "Fundamental concepts of General Surgery",\n        "Clinical techniques of Surgery",\n        "Mandatory early workshops",\n        "Basic surgical skills workshop",\n        "Synopsis submission by end of 2nd year"\n      ]\n    },\n    {\n      "name": "Part III",\n      "duration": "Month 25 to Month 60",\n      "placement": "Urology",\n      "focus": [\n        "Advanced Urology training",\n        "Professional education in Urology",\n        "Specialty clinical training",\n        "Research and thesis completion",\n        "Two mandatory rotations",\n        "Remaining compulsory workshops"\n      ]\n    }\n  ],\n  "mandatory_rotations": [\n    {\n      "name": "Renal Transplantation",\n      "duration_months": 2,\n      "placement": "Part III"\n    },\n    {\n      "name": "Nephrology",\n      "duration_months": 1,\n      "placement": "Part III"\n    }\n  ],\n  "workshops": {\n    "basic_mandatory": [\n      "Communication Skills",\n      "Research Synopsis and Thesis Writing Skills",\n      "Basic Biostatistics and Research Methodology",\n      "Information Technology Skills",\n      "Initial Life Support / ILS"\n    ],\n    "specialty_specific": [\n      "Basic Surgical Skills"\n    ]\n  },\n  "research_milestones": [\n    {\n      "name": "Synopsis topic selection/initiation",\n      "suggested_period": "First 6 months"\n    },\n    {\n      "name": "Synopsis preparation",\n      "suggested_period": "Part I to Part II"\n    },\n    {\n      "name": "Synopsis submission",\n      "deadline": "By end of 2nd year"\n    },\n    {\n      "name": "ERC/Institutional Review approval",\n      "required": true\n    },\n    {\n      "name": "ASRB/university approval",\n      "required": true\n    },\n    {\n      "name": "Thesis work",\n      "suggested_period": "Part III"\n    },\n    {\n      "name": "Thesis submission",\n      "deadline": "At least 6 months before end of final year"\n    },\n    {\n      "name": "Thesis evaluation",\n      "timing": "End of 5th year"\n    },\n    {\n      "name": "Thesis defense",\n      "passing_threshold": "60%"\n    }\n  ],\n  "assessment_configurations": {\n    "intermediate": {\n      "timing": "End of 2nd year",\n      "total_marks": 600,\n      "written": {\n        "marks": 300,\n        "structure": "MCQs: 100 x 2 marks = 200; SEQs: 10 x 10 marks = 100",\n        "passing_requirement": "60% in written examination"\n      },\n      "clinical": {\n        "marks": 300,\n        "structure": "2 short cases: 50 marks each = 100; 1 long case: 100 marks; TOACS/OSCE/Oral: 100 marks",\n        "passing_requirement": "60% in long case, 60% in short cases, 60% in TOACS/OSCE"\n      },\n      "attempt_rule": "Maximum 4 consecutive attempts"\n    },\n    "final": {\n      "timing": "End of 5th year",\n      "total_marks": 1000,\n      "written": {\n        "marks": 300,\n        "structure": "MCQs: 100 x 2 marks = 200; SEQs: 10 x 10 marks = 100",\n        "passing_requirement": "60% aggregate in written examination"\n      },\n      "clinical": {\n        "marks": 300,\n        "structure": "4 short cases: 25 marks each = 100; 1 long case: 100 marks; TOACS/OSCE/Oral: 100 marks",\n        "passing_requirement": "60% in long case, 60% in short cases, 60% in TOACS/OSCE"\n      },\n      "continuous_internal_assessment": {\n        "marks": 100\n      },\n      "thesis_evaluation": {\n        "marks": 300,\n        "passing_threshold": "60% in thesis defense/evaluation pathway"\n      }\n    }\n  },\n  "eligibility_checklists": {\n    "intermediate": [\n      "Candidate remained on institutional roll",\n      "Completed required first two years of training",\n      "Completed Communication Skills workshop",\n      "Completed Research Synopsis and Thesis Writing Skills workshop",\n      "Completed Basic Surgical Skills workshop",\n      "Completed logbook signed by supervisor/HOD as applicable",\n      "Synopsis submitted / ERC-approved where applicable",\n      "Exam fee paid",\n      "Application submitted through proper channel"\n    ],\n    "final": [\n      "Passed Intermediate Examination",\n      "Completed 5 years training",\n      "Completed required Part-III Urology training",\n      "Completed Renal Transplantation rotation",\n      "Completed Nephrology rotation",\n      "Completed all mandatory workshops",\n      "Thesis submitted to Examination Department",\n      "Exam fee paid",\n      "Candidate remained on institutional roll",\n      "Required certificates submitted through proper institutional channel"\n    ]\n  },\n  "curriculum_topic_tags": [\n    "Stone disease / Urolithiasis",\n    "Acute and chronic urinary retention",\n    "Hematuria",\n    "Urethral stricture",\n    "Benign prostatic hyperplasia",\n    "Prostate cancer",\n    "Bladder cancer",\n    "Renal cancer",\n    "Upper tract urothelial carcinoma",\n    "Testicular tumor",\n    "Pediatric Urology",\n    "Urinary incontinence",\n    "Neuro-urology",\n    "Female Urology",\n    "Male infertility",\n    "Erectile dysfunction",\n    "Priapism",\n    "Penile fracture",\n    "Urological trauma",\n    "Urinary tract infection",\n    "Urosepsis",\n    "Genitourinary tuberculosis",\n    "Renal failure",\n    "Renal transplantation",\n    "Congenital urological abnormalities",\n    "Obstructive uropathy",\n    "Adrenal diseases",\n    "Andrology",\n    "Uro-oncology"\n  ],\n  "paper_scheme_tags": {\n    "intermediate_written_urology_oriented_topics_30_pct": [\n      "Surgical anatomy of genitourinary tract",\n      "Physiology of urinary system / complete urine examination",\n      "Urological investigation",\n      "Urolithiasis",\n      "Pediatric Urology",\n      "Renal tumor",\n      "Upper tract urothelial carcinoma",\n      "Urinary bladder tumor",\n      "Prostate carcinoma",\n      "Benign prostatic hyperplasia",\n      "Renal transplantation",\n      "Urinary tract infection",\n      "Urinary tract trauma",\n      "Stricture urethra",\n      "Male infertility"\n    ],\n    "final_written_topics": [\n      "Surgical anatomy of genitourinary tract",\n      "Physiology of urinary system / complete urine examination",\n      "Urological investigation",\n      "Urolithiasis",\n      "Pediatric Urology",\n      "Renal tumor",\n      "Upper tract urothelial carcinoma",\n      "Urinary bladder tumor",\n      "Prostate carcinoma",\n      "Benign prostatic hyperplasia",\n      "Renal transplantation",\n      "Urinary tract infection",\n      "Urinary tract trauma",\n      "Stricture urethra",\n      "Male infertility",\n      "Neuro-Urology",\n      "Female Urology"\n    ]\n  },\n  "logbook_template": {\n    "categories": [\n      {\n        "name": "OPD and Ward Clinical Work",\n        "items": [\n          "History taking",\n          "Case presentation",\n          "Inpatient care",\n          "Outpatient care",\n          "Urological examination",\n          "Management plan formulation",\n          "Follow-up care"\n        ]\n      },\n      {\n        "name": "Emergency Urology",\n        "items": [\n          "Acute urinary retention",\n          "Ureteric colic",\n          "Urosepsis",\n          "Acute scrotum",\n          "Hematuria emergency",\n          "Urological trauma",\n          "Shock assessment in urological patient"\n        ]\n      },\n      {\n        "name": "Diagnostic Skills",\n        "items": [\n          "Urinalysis",\n          "Urine culture interpretation",\n          "Renal function tests",\n          "Adrenal function tests",\n          "Tumor markers including AFP, beta-HCG, PSA",\n          "Ultrasonography/Doppler interpretation",\n          "CT/MRI urinary tract interpretation",\n          "IVU/urography interpretation",\n          "Voiding cystourethrography interpretation",\n          "Radioisotope study interpretation"\n        ]\n      },\n      {\n        "name": "Basic Urological Procedures",\n        "items": [\n          "Urinary catheterization",\n          "Urinary catheter care",\n          "Suprapubic catheterization",\n          "Urethral manipulation",\n          "Urethral dilatation",\n          "Wound closure",\n          "Circumcision",\n          "Testis biopsy",\n          "Fulguration/biopsy of penile lesions"\n        ]\n      },\n      {\n        "name": "Endoscopic Procedures",\n        "items": [\n          "Cystoscopy",\n          "Urethroscopy",\n          "Ureteric catheterization",\n          "Ureteric stent insertion",\n          "Ureteric stent removal",\n          "Retrograde pyelography",\n          "Visual internal urethrotomy",\n          "Transurethral biopsy of bladder/urethra",\n          "TURP",\n          "TURBT",\n          "Ureteroscopy",\n          "Ureteroscopic lithotripsy",\n          "Transurethral incision/resection of ureterocele",\n          "Percutaneous nephrolithotomy"\n        ]\n      },\n      {\n        "name": "Open Surgical Procedures",\n        "items": [\n          "Hydrocele surgery",\n          "Epididymal cyst surgery",\n          "Epididymectomy",\n          "Simple orchidectomy",\n          "Radical orchidectomy",\n          "Varicocele surgery",\n          "Herniotomy",\n          "Orchidopexy",\n          "Repair of testicular torsion",\n          "Testis prosthesis insertion",\n          "Vesical neck suspension",\n          "Stress urinary incontinence procedure",\n          "Pelvic lymphadenectomy",\n          "Simple retropubic prostatectomy",\n          "Cavernosal shunting for priapism",\n          "Vasectomy",\n          "Vasovasostomy"\n        ]\n      },\n      {\n        "name": "Therapeutic Technology Exposure",\n        "items": [\n          "Electrosurgery",\n          "ESWL",\n          "Lasers in Urology",\n          "Holmium-YAG laser",\n          "Nd:YAG laser",\n          "Prostatic thermotherapy"\n        ]\n      },\n      {\n        "name": "Renal Transplantation Exposure",\n        "items": [\n          "Recipient selection",\n          "Donor selection",\n          "Transplant immunology",\n          "Immunosuppression",\n          "Rejection management principles",\n          "Organ harvesting exposure",\n          "Organ preservation exposure",\n          "Implantation exposure"\n        ]\n      },\n      {\n        "name": "Nephrology Rotation Activities",\n        "items": [\n          "Renal failure assessment",\n          "Renal disease preoperative assessment",\n          "Medical renal disease exposure",\n          "Dialysis-related clinical exposure if applicable",\n          "Nephrology case discussion"\n        ]\n      },\n      {\n        "name": "Academic Activities",\n        "items": [\n          "Ward presentation",\n          "Seminar presentation",\n          "Journal club",\n          "Case discussion",\n          "Conference participation",\n          "Literature review"\n        ]\n      },\n      {\n        "name": "Research Activities",\n        "items": [\n          "Synopsis topic discussion",\n          "Synopsis preparation",\n          "ERC submission",\n          "ASRB submission",\n          "Data collection",\n          "Data analysis",\n          "Thesis writing",\n          "Thesis submission"\n        ]\n      },\n      {\n        "name": "Supervisor Feedback and Sign-off",\n        "items": [\n          "Monthly supervisor review",\n          "Rotation supervisor feedback",\n          "HOD review",\n          "Deficiency note",\n          "Completion sign-off"\n        ]\n      }\n    ],\n    "minimum_required": null,\n    "minimum_status": "placeholder_not_finalized",\n    "is_configurable": true\n  },\n  "warnings": [\n    "Supervisors not imported; to be uploaded separately.",\n    "Residents not imported; to be uploaded separately.",\n    "Training site capacity ignored by user decision.",\n    "Bed-to-trainee ratio ignored by user decision.",\n    "Logbook minimum entries are placeholders.",\n    "Portfolio skipped by user decision.",\n    "Leave/freezing rules skipped by user decision.",\n    "General Surgery treated as Part-II placement, not as a Part-III mandatory rotation."\n  ]\n}
15	MS Urology	ms-urology	60	MS Urology curriculum imported from Urology.pdf on 2026-06-19T06:42:56.594169 UTC.	t	2026-06-19 06:42:11.079744+00	2026-06-19 06:42:56.600475+00	57	2026-06-19 06:42:56.605598+00	\N	~	\N	MS	28	{\n  "program_master": {\n    "name": "MS Urology",\n    "degree": "MS",\n    "specialty_department": "Urology",\n    "duration_months": 60,\n    "university": "Faisalabad Medical University",\n    "training_center": "Department of Urology in affiliated hospitals of Faisalabad Medical University",\n    "admission_route": "Central Induction Policy as per Government rules"\n  },\n  "curriculum_document": {\n    "source_file": "Urology.pdf",\n    "checksum": "05132315ee6259d4bf409a329603e66d9c4ace664d73fbc7597b6a3a63dd542b",\n    "stored_path": "media/curricula/Urology.pdf"\n  },\n  "phases": [\n    {\n      "name": "Part I",\n      "duration": "Month 1 to Month 6",\n      "placement": "Urology",\n      "focus": [\n        "Basic knowledge of Urology",\n        "Anatomy",\n        "Physiology",\n        "Orientation to the subject",\n        "Basic principles",\n        "History taking",\n        "Case presentation",\n        "Inpatient care",\n        "Outpatient care",\n        "Selection/initiation of synopsis topic"\n      ]\n    },\n    {\n      "name": "Part II",\n      "duration": "Month 7 to Month 24",\n      "placement": "General Surgery",\n      "focus": [\n        "Core knowledge in Surgery",\n        "Fundamental concepts of General Surgery",\n        "Clinical techniques of Surgery",\n        "Mandatory early workshops",\n        "Basic surgical skills workshop",\n        "Synopsis submission by end of 2nd year"\n      ]\n    },\n    {\n      "name": "Part III",\n      "duration": "Month 25 to Month 60",\n      "placement": "Urology",\n      "focus": [\n        "Advanced Urology training",\n        "Professional education in Urology",\n        "Specialty clinical training",\n        "Research and thesis completion",\n        "Two mandatory rotations",\n        "Remaining compulsory workshops"\n      ]\n    }\n  ],\n  "mandatory_rotations": [\n    {\n      "name": "Renal Transplantation",\n      "duration_months": 2,\n      "placement": "Part III"\n    },\n    {\n      "name": "Nephrology",\n      "duration_months": 1,\n      "placement": "Part III"\n    }\n  ],\n  "workshops": {\n    "basic_mandatory": [\n      "Communication Skills",\n      "Research Synopsis and Thesis Writing Skills",\n      "Basic Biostatistics and Research Methodology",\n      "Information Technology Skills",\n      "Initial Life Support / ILS"\n    ],\n    "specialty_specific": [\n      "Basic Surgical Skills"\n    ]\n  },\n  "research_milestones": [\n    {\n      "name": "Synopsis topic selection/initiation",\n      "suggested_period": "First 6 months"\n    },\n    {\n      "name": "Synopsis preparation",\n      "suggested_period": "Part I to Part II"\n    },\n    {\n      "name": "Synopsis submission",\n      "deadline": "By end of 2nd year"\n    },\n    {\n      "name": "ERC/Institutional Review approval",\n      "required": true\n    },\n    {\n      "name": "ASRB/university approval",\n      "required": true\n    },\n    {\n      "name": "Thesis work",\n      "suggested_period": "Part III"\n    },\n    {\n      "name": "Thesis submission",\n      "deadline": "At least 6 months before end of final year"\n    },\n    {\n      "name": "Thesis evaluation",\n      "timing": "End of 5th year"\n    },\n    {\n      "name": "Thesis defense",\n      "passing_threshold": "60%"\n    }\n  ],\n  "assessment_configurations": {\n    "intermediate": {\n      "timing": "End of 2nd year",\n      "total_marks": 600,\n      "written": {\n        "marks": 300,\n        "structure": "MCQs: 100 x 2 marks = 200; SEQs: 10 x 10 marks = 100",\n        "passing_requirement": "60% in written examination"\n      },\n      "clinical": {\n        "marks": 300,\n        "structure": "2 short cases: 50 marks each = 100; 1 long case: 100 marks; TOACS/OSCE/Oral: 100 marks",\n        "passing_requirement": "60% in long case, 60% in short cases, 60% in TOACS/OSCE"\n      },\n      "attempt_rule": "Maximum 4 consecutive attempts"\n    },\n    "final": {\n      "timing": "End of 5th year",\n      "total_marks": 1000,\n      "written": {\n        "marks": 300,\n        "structure": "MCQs: 100 x 2 marks = 200; SEQs: 10 x 10 marks = 100",\n        "passing_requirement": "60% aggregate in written examination"\n      },\n      "clinical": {\n        "marks": 300,\n        "structure": "4 short cases: 25 marks each = 100; 1 long case: 100 marks; TOACS/OSCE/Oral: 100 marks",\n        "passing_requirement": "60% in long case, 60% in short cases, 60% in TOACS/OSCE"\n      },\n      "continuous_internal_assessment": {\n        "marks": 100\n      },\n      "thesis_evaluation": {\n        "marks": 300,\n        "passing_threshold": "60% in thesis defense/evaluation pathway"\n      }\n    }\n  },\n  "eligibility_checklists": {\n    "intermediate": [\n      "Candidate remained on institutional roll",\n      "Completed required first two years of training",\n      "Completed Communication Skills workshop",\n      "Completed Research Synopsis and Thesis Writing Skills workshop",\n      "Completed Basic Surgical Skills workshop",\n      "Completed logbook signed by supervisor/HOD as applicable",\n      "Synopsis submitted / ERC-approved where applicable",\n      "Exam fee paid",\n      "Application submitted through proper channel"\n    ],\n    "final": [\n      "Passed Intermediate Examination",\n      "Completed 5 years training",\n      "Completed required Part-III Urology training",\n      "Completed Renal Transplantation rotation",\n      "Completed Nephrology rotation",\n      "Completed all mandatory workshops",\n      "Thesis submitted to Examination Department",\n      "Exam fee paid",\n      "Candidate remained on institutional roll",\n      "Required certificates submitted through proper institutional channel"\n    ]\n  },\n  "curriculum_topic_tags": [\n    "Stone disease / Urolithiasis",\n    "Acute and chronic urinary retention",\n    "Hematuria",\n    "Urethral stricture",\n    "Benign prostatic hyperplasia",\n    "Prostate cancer",\n    "Bladder cancer",\n    "Renal cancer",\n    "Upper tract urothelial carcinoma",\n    "Testicular tumor",\n    "Pediatric Urology",\n    "Urinary incontinence",\n    "Neuro-urology",\n    "Female Urology",\n    "Male infertility",\n    "Erectile dysfunction",\n    "Priapism",\n    "Penile fracture",\n    "Urological trauma",\n    "Urinary tract infection",\n    "Urosepsis",\n    "Genitourinary tuberculosis",\n    "Renal failure",\n    "Renal transplantation",\n    "Congenital urological abnormalities",\n    "Obstructive uropathy",\n    "Adrenal diseases",\n    "Andrology",\n    "Uro-oncology"\n  ],\n  "paper_scheme_tags": {\n    "intermediate_written_urology_oriented_topics_30_pct": [\n      "Surgical anatomy of genitourinary tract",\n      "Physiology of urinary system / complete urine examination",\n      "Urological investigation",\n      "Urolithiasis",\n      "Pediatric Urology",\n      "Renal tumor",\n      "Upper tract urothelial carcinoma",\n      "Urinary bladder tumor",\n      "Prostate carcinoma",\n      "Benign prostatic hyperplasia",\n      "Renal transplantation",\n      "Urinary tract infection",\n      "Urinary tract trauma",\n      "Stricture urethra",\n      "Male infertility"\n    ],\n    "final_written_topics": [\n      "Surgical anatomy of genitourinary tract",\n      "Physiology of urinary system / complete urine examination",\n      "Urological investigation",\n      "Urolithiasis",\n      "Pediatric Urology",\n      "Renal tumor",\n      "Upper tract urothelial carcinoma",\n      "Urinary bladder tumor",\n      "Prostate carcinoma",\n      "Benign prostatic hyperplasia",\n      "Renal transplantation",\n      "Urinary tract infection",\n      "Urinary tract trauma",\n      "Stricture urethra",\n      "Male infertility",\n      "Neuro-Urology",\n      "Female Urology"\n    ]\n  },\n  "logbook_template": {\n    "categories": [\n      {\n        "name": "OPD and Ward Clinical Work",\n        "items": [\n          "History taking",\n          "Case presentation",\n          "Inpatient care",\n          "Outpatient care",\n          "Urological examination",\n          "Management plan formulation",\n          "Follow-up care"\n        ]\n      },\n      {\n        "name": "Emergency Urology",\n        "items": [\n          "Acute urinary retention",\n          "Ureteric colic",\n          "Urosepsis",\n          "Acute scrotum",\n          "Hematuria emergency",\n          "Urological trauma",\n          "Shock assessment in urological patient"\n        ]\n      },\n      {\n        "name": "Diagnostic Skills",\n        "items": [\n          "Urinalysis",\n          "Urine culture interpretation",\n          "Renal function tests",\n          "Adrenal function tests",\n          "Tumor markers including AFP, beta-HCG, PSA",\n          "Ultrasonography/Doppler interpretation",\n          "CT/MRI urinary tract interpretation",\n          "IVU/urography interpretation",\n          "Voiding cystourethrography interpretation",\n          "Radioisotope study interpretation"\n        ]\n      },\n      {\n        "name": "Basic Urological Procedures",\n        "items": [\n          "Urinary catheterization",\n          "Urinary catheter care",\n          "Suprapubic catheterization",\n          "Urethral manipulation",\n          "Urethral dilatation",\n          "Wound closure",\n          "Circumcision",\n          "Testis biopsy",\n          "Fulguration/biopsy of penile lesions"\n        ]\n      },\n      {\n        "name": "Endoscopic Procedures",\n        "items": [\n          "Cystoscopy",\n          "Urethroscopy",\n          "Ureteric catheterization",\n          "Ureteric stent insertion",\n          "Ureteric stent removal",\n          "Retrograde pyelography",\n          "Visual internal urethrotomy",\n          "Transurethral biopsy of bladder/urethra",\n          "TURP",\n          "TURBT",\n          "Ureteroscopy",\n          "Ureteroscopic lithotripsy",\n          "Transurethral incision/resection of ureterocele",\n          "Percutaneous nephrolithotomy"\n        ]\n      },\n      {\n        "name": "Open Surgical Procedures",\n        "items": [\n          "Hydrocele surgery",\n          "Epididymal cyst surgery",\n          "Epididymectomy",\n          "Simple orchidectomy",\n          "Radical orchidectomy",\n          "Varicocele surgery",\n          "Herniotomy",\n          "Orchidopexy",\n          "Repair of testicular torsion",\n          "Testis prosthesis insertion",\n          "Vesical neck suspension",\n          "Stress urinary incontinence procedure",\n          "Pelvic lymphadenectomy",\n          "Simple retropubic prostatectomy",\n          "Cavernosal shunting for priapism",\n          "Vasectomy",\n          "Vasovasostomy"\n        ]\n      },\n      {\n        "name": "Therapeutic Technology Exposure",\n        "items": [\n          "Electrosurgery",\n          "ESWL",\n          "Lasers in Urology",\n          "Holmium-YAG laser",\n          "Nd:YAG laser",\n          "Prostatic thermotherapy"\n        ]\n      },\n      {\n        "name": "Renal Transplantation Exposure",\n        "items": [\n          "Recipient selection",\n          "Donor selection",\n          "Transplant immunology",\n          "Immunosuppression",\n          "Rejection management principles",\n          "Organ harvesting exposure",\n          "Organ preservation exposure",\n          "Implantation exposure"\n        ]\n      },\n      {\n        "name": "Nephrology Rotation Activities",\n        "items": [\n          "Renal failure assessment",\n          "Renal disease preoperative assessment",\n          "Medical renal disease exposure",\n          "Dialysis-related clinical exposure if applicable",\n          "Nephrology case discussion"\n        ]\n      },\n      {\n        "name": "Academic Activities",\n        "items": [\n          "Ward presentation",\n          "Seminar presentation",\n          "Journal club",\n          "Case discussion",\n          "Conference participation",\n          "Literature review"\n        ]\n      },\n      {\n        "name": "Research Activities",\n        "items": [\n          "Synopsis topic discussion",\n          "Synopsis preparation",\n          "ERC submission",\n          "ASRB submission",\n          "Data collection",\n          "Data analysis",\n          "Thesis writing",\n          "Thesis submission"\n        ]\n      },\n      {\n        "name": "Supervisor Feedback and Sign-off",\n        "items": [\n          "Monthly supervisor review",\n          "Rotation supervisor feedback",\n          "HOD review",\n          "Deficiency note",\n          "Completion sign-off"\n        ]\n      }\n    ],\n    "minimum_required": null,\n    "minimum_status": "placeholder_not_finalized",\n    "is_configurable": true\n  },\n  "warnings": [\n    "Supervisors not imported; to be uploaded separately.",\n    "Residents not imported; to be uploaded separately.",\n    "Training site capacity ignored by user decision.",\n    "Bed-to-trainee ratio ignored by user decision.",\n    "Logbook minimum entries are placeholders.",\n    "Portfolio skipped by user decision.",\n    "Leave/freezing rules skipped by user decision.",\n    "General Surgery treated as Part-II placement, not as a Part-III mandatory rotation."\n  ]\n}
\.


--
-- Data for Name: training_historicalworkshop; Type: TABLE DATA; Schema: public; Owner: sims_user
--

COPY public.training_historicalworkshop (id, name, code, description, is_active, created_at, updated_at, history_id, history_date, history_change_reason, history_type, history_user_id) FROM stdin;
2	Communication Skills	comm-skills		t	2026-06-19 06:42:11.707078+00	2026-06-19 06:42:11.707113+00	2	2026-06-19 06:42:11.708609+00	\N	+	\N
3	Research Synopsis and Thesis Writing Skills	research-writing		t	2026-06-19 06:42:11.715007+00	2026-06-19 06:42:11.715023+00	3	2026-06-19 06:42:11.715579+00	\N	+	\N
4	Basic Biostatistics and Research Methodology	biostats-method		t	2026-06-19 06:42:11.722502+00	2026-06-19 06:42:11.72252+00	4	2026-06-19 06:42:11.723107+00	\N	+	\N
5	Information Technology Skills	it-skills		t	2026-06-19 06:42:11.727713+00	2026-06-19 06:42:11.727727+00	5	2026-06-19 06:42:11.728294+00	\N	+	\N
6	Initial Life Support / ILS	ils-support		t	2026-06-19 06:42:11.732857+00	2026-06-19 06:42:11.732872+00	6	2026-06-19 06:42:11.73345+00	\N	+	\N
7	Basic Surgical Skills	surgical-skills		t	2026-06-19 06:42:11.737972+00	2026-06-19 06:42:11.737986+00	7	2026-06-19 06:42:11.738567+00	\N	+	\N
2	Communication Skills	comm-skills		t	2026-06-19 06:42:11.707078+00	2026-06-19 06:42:58.884696+00	8	2026-06-19 06:42:58.885632+00	\N	~	\N
3	Research Synopsis and Thesis Writing Skills	research-writing		t	2026-06-19 06:42:11.715007+00	2026-06-19 06:42:58.890763+00	9	2026-06-19 06:42:58.891483+00	\N	~	\N
4	Basic Biostatistics and Research Methodology	biostats-method		t	2026-06-19 06:42:11.722502+00	2026-06-19 06:42:58.894547+00	10	2026-06-19 06:42:58.895206+00	\N	~	\N
5	Information Technology Skills	it-skills		t	2026-06-19 06:42:11.727713+00	2026-06-19 06:42:58.898125+00	11	2026-06-19 06:42:58.898767+00	\N	~	\N
6	Initial Life Support / ILS	ils-support		t	2026-06-19 06:42:11.732857+00	2026-06-19 06:42:58.902094+00	12	2026-06-19 06:42:58.902768+00	\N	~	\N
7	Basic Surgical Skills	surgical-skills		t	2026-06-19 06:42:11.737972+00	2026-06-19 06:42:58.906418+00	13	2026-06-19 06:42:58.907177+00	\N	~	\N
\.


--
-- Data for Name: training_historicalworkshopblock; Type: TABLE DATA; Schema: public; Owner: sims_user
--

COPY public.training_historicalworkshopblock (id, name, capacity, created_at, history_id, history_date, history_change_reason, history_type, history_user_id, workshop_id) FROM stdin;
\.


--
-- Data for Name: training_historicalworkshoprun; Type: TABLE DATA; Schema: public; Owner: sims_user
--

COPY public.training_historicalworkshoprun (id, run_date, status, notes, created_at, history_id, history_date, history_change_reason, history_type, block_id, facilitator_id, history_user_id) FROM stdin;
\.


--
-- Data for Name: training_leaverequest; Type: TABLE DATA; Schema: public; Owner: sims_user
--

COPY public.training_leaverequest (id, leave_type, start_date, end_date, reason, status, approved_at, reject_reason, created_at, updated_at, approved_by_id, resident_training_id) FROM stdin;
\.


--
-- Data for Name: training_logbookentry; Type: TABLE DATA; Schema: public; Owner: sims_user
--

COPY public.training_logbookentry (id, patient_id_number, patient_name, age, gender, demographics, disease_area, diagnosis, clinical_presentation, management_plan, resident_reflection, patient_seen_at, status, submitted_at, returned_at, approved_at, supervisor_feedback, created_at, updated_at, created_by_id, resident_training_record_id, reviewed_by_id, rotation_assignment_id) FROM stdin;
\.


--
-- Data for Name: training_logbookreview; Type: TABLE DATA; Schema: public; Owner: sims_user
--

COPY public.training_logbookreview (id, action, comments, created_at, entry_id, reviewer_id) FROM stdin;
\.


--
-- Data for Name: training_logbookthresholdconfig; Type: TABLE DATA; Schema: public; Owner: sims_user
--

COPY public.training_logbookthresholdconfig (id, name, mode, min_approved_entries, period_days, is_active, created_at, updated_at, configured_by_id, department_id, program_id) FROM stdin;
5	E2E Logbook Threshold Per Rotation	PER_ROTATION	1	\N	t	2026-05-17 07:09:52.437288+00	2026-05-30 23:35:22.02947+00	\N	2	13
6	E2E Logbook Threshold Per 30 Days	PER_PERIOD	1	30	t	2026-05-17 07:09:52.469689+00	2026-05-30 23:35:22.045611+00	\N	2	13
8	MS Urology Per Rotation Minimums	PER_ROTATION	0	\N	t	2026-06-19 06:43:00.735929+00	2026-06-19 06:43:00.736026+00	\N	28	15
\.


--
-- Data for Name: training_logbookthresholdsnapshot; Type: TABLE DATA; Schema: public; Owner: sims_user
--

COPY public.training_logbookthresholdsnapshot (id, window_start, window_end, approved_entries, required_entries, is_met, computed_at, resident_training_record_id, rotation_assignment_id, threshold_config_id) FROM stdin;
\.


--
-- Data for Name: training_programmilestone; Type: TABLE DATA; Schema: public; Owner: sims_user
--

COPY public.training_programmilestone (id, code, name, recommended_month, is_active, created_at, updated_at, program_id) FROM stdin;
8	IMM	Intermediate Membership	24	t	2026-05-17 07:09:52.095493+00	2026-05-30 23:35:21.276963+00	13
9	FINAL	Final Examination	48	t	2026-05-17 07:09:52.183753+00	2026-05-30 23:35:21.396578+00	13
10	IMM	Intermediate Membership (iMM)	24	t	2026-06-19 06:42:11.950586+00	2026-06-19 06:42:58.911925+00	15
11	FINAL	Final Examination	60	t	2026-06-19 06:42:13.143186+00	2026-06-19 06:42:58.919124+00	15
\.


--
-- Data for Name: training_programmilestonelogbookrequirement; Type: TABLE DATA; Schema: public; Owner: sims_user
--

COPY public.training_programmilestonelogbookrequirement (id, procedure_key, category, min_entries, created_at, milestone_id) FROM stdin;
13	OPD and Ward Clinical Work	OPD and Ward Clinical Work	0	2026-06-19 06:42:59.370224+00	11
14	Emergency Urology	Emergency Urology	0	2026-06-19 06:42:59.373738+00	11
15	Diagnostic Skills	Diagnostic Skills	0	2026-06-19 06:42:59.376708+00	11
16	Basic Urological Procedures	Basic Urological Procedures	0	2026-06-19 06:42:59.379604+00	11
17	Endoscopic Procedures	Endoscopic Procedures	0	2026-06-19 06:42:59.382421+00	11
18	Open Surgical Procedures	Open Surgical Procedures	0	2026-06-19 06:42:59.384898+00	11
19	Therapeutic Technology Exposure	Therapeutic Technology Exposure	0	2026-06-19 06:42:59.387414+00	11
20	Renal Transplantation Exposure	Renal Transplantation Exposure	0	2026-06-19 06:42:59.390044+00	11
21	Nephrology Rotation Activities	Nephrology Rotation Activities	0	2026-06-19 06:42:59.392405+00	11
22	Academic Activities	Academic Activities	0	2026-06-19 06:42:59.394555+00	11
23	Research Activities	Research Activities	0	2026-06-19 06:42:59.396698+00	11
24	Supervisor Feedback and Sign-off	Supervisor Feedback and Sign-off	0	2026-06-19 06:42:59.398851+00	11
\.


--
-- Data for Name: training_programmilestoneresearchrequirement; Type: TABLE DATA; Schema: public; Owner: sims_user
--

COPY public.training_programmilestoneresearchrequirement (id, requires_synopsis_approved, requires_synopsis_submitted_to_university, requires_thesis_submitted, created_at, updated_at, milestone_id) FROM stdin;
8	t	f	f	2026-05-17 07:09:52.189639+00	2026-05-30 23:35:21.404784+00	8
9	t	f	t	2026-05-17 07:09:52.205427+00	2026-05-30 23:35:21.445784+00	9
10	f	t	f	2026-06-19 06:42:14.952475+00	2026-06-19 06:42:59.000652+00	10
11	f	f	t	2026-06-19 06:42:15.913573+00	2026-06-19 06:42:59.008728+00	11
\.


--
-- Data for Name: training_programmilestoneworkshoprequirement; Type: TABLE DATA; Schema: public; Owner: sims_user
--

COPY public.training_programmilestoneworkshoprequirement (id, required_count, created_at, milestone_id, workshop_id) FROM stdin;
10	1	2026-06-19 06:42:58.94159+00	10	2
11	1	2026-06-19 06:42:58.944072+00	10	3
12	1	2026-06-19 06:42:58.946365+00	10	7
13	1	2026-06-19 06:42:58.983615+00	11	2
14	1	2026-06-19 06:42:58.986073+00	11	3
15	1	2026-06-19 06:42:58.989033+00	11	4
16	1	2026-06-19 06:42:58.991464+00	11	5
17	1	2026-06-19 06:42:58.993821+00	11	6
18	1	2026-06-19 06:42:58.996184+00	11	7
\.


--
-- Data for Name: training_programpolicy; Type: TABLE DATA; Schema: public; Owner: sims_user
--

COPY public.training_programpolicy (id, allow_program_change, program_change_requires_restart, min_active_months_before_imm, imm_allowed_from_month, final_allowed_from_month, exception_rules_text, created_at, updated_at, program_id) FROM stdin;
6	f	t	24	24	60	{"warnings": ["Supervisors not imported; to be uploaded separately.", "Residents not imported; to be uploaded separately.", "Training site capacity ignored by user decision.", "Bed-to-trainee ratio ignored by user decision.", "Logbook minimum entries are placeholders.", "Portfolio skipped by user decision.", "Leave/freezing rules skipped by user decision.", "General Surgery treated as Part-II placement, not as a Part-III mandatory rotation."], "assessments": {"intermediate": {"timing": "End of 2nd year", "total_marks": 600, "written": {"marks": 300, "structure": "MCQs: 100 x 2 marks = 200; SEQs: 10 x 10 marks = 100", "passing_requirement": "60% in written examination"}, "clinical": {"marks": 300, "structure": "2 short cases: 50 marks each = 100; 1 long case: 100 marks; TOACS/OSCE/Oral: 100 marks", "passing_requirement": "60% in long case, 60% in short cases, 60% in TOACS/OSCE"}, "attempt_rule": "Maximum 4 consecutive attempts"}, "final": {"timing": "End of 5th year", "total_marks": 1000, "written": {"marks": 300, "structure": "MCQs: 100 x 2 marks = 200; SEQs: 10 x 10 marks = 100", "passing_requirement": "60% aggregate in written examination"}, "clinical": {"marks": 300, "structure": "4 short cases: 25 marks each = 100; 1 long case: 100 marks; TOACS/OSCE/Oral: 100 marks", "passing_requirement": "60% in long case, 60% in short cases, 60% in TOACS/OSCE"}, "continuous_internal_assessment": {"marks": 100}, "thesis_evaluation": {"marks": 300, "passing_threshold": "60% in thesis defense/evaluation pathway"}}}}	2026-06-19 06:42:11.641915+00	2026-06-19 06:42:56.622633+00	15
\.


--
-- Data for Name: training_programrotationrequirement; Type: TABLE DATA; Schema: public; Owner: sims_user
--

COPY public.training_programrotationrequirement (id, required_duration_weeks, sequence_order, is_mandatory, notes, created_at, updated_at, department_id, program_id) FROM stdin;
3	4	1	t	E2E phase-1 rotational requirement.	2026-05-17 07:09:52.389646+00	2026-05-30 23:35:21.905925+00	1	13
14	26	1	t	Rotation placement requirement for Part I Urology Training	2026-06-19 06:42:58.845244+00	2026-06-19 06:42:58.845255+00	28	15
15	78	2	t	Rotation placement requirement for Part II General Surgery Placement	2026-06-19 06:42:58.853647+00	2026-06-19 06:42:58.853657+00	2	15
16	143	3	t	Rotation placement requirement for Part III Urology Core Training	2026-06-19 06:42:58.862477+00	2026-06-19 06:42:58.86249+00	28	15
17	8	4	t	Rotation placement requirement for Renal Transplantation Rotation	2026-06-19 06:42:58.871862+00	2026-06-19 06:42:58.871872+00	29	15
18	4	5	t	Rotation placement requirement for Nephrology Rotation	2026-06-19 06:42:58.879982+00	2026-06-19 06:42:58.879993+00	14	15
\.


--
-- Data for Name: training_programrotationtemplate; Type: TABLE DATA; Schema: public; Owner: sims_user
--

COPY public.training_programrotationtemplate (id, name, duration_weeks, required, sequence_order, active, created_at, department_id, program_id, block_index, is_mandatory, min_duration_weeks, phase_index, requirements_json, year_index) FROM stdin;
11	Part I Urology Training	26	t	1	t	2026-06-19 06:42:58.838752+00	28	15	1	t	26	1	{"focus": "Specialty placement Part I Urology Training", "seed_source": "curriculum_onboarding"}	1
12	Part II General Surgery Placement	78	t	2	t	2026-06-19 06:42:58.84786+00	2	15	2	t	78	2	{"focus": "Specialty placement Part II General Surgery Placement", "seed_source": "curriculum_onboarding"}	1
13	Part III Urology Core Training	143	t	3	t	2026-06-19 06:42:58.856441+00	28	15	3	t	143	3	{"focus": "Specialty placement Part III Urology Core Training", "seed_source": "curriculum_onboarding"}	3
14	Renal Transplantation Rotation	8	t	4	t	2026-06-19 06:42:58.866279+00	29	15	4	t	8	3	{"focus": "Specialty placement Renal Transplantation Rotation", "seed_source": "curriculum_onboarding"}	3
15	Nephrology Rotation	4	t	5	t	2026-06-19 06:42:58.874771+00	14	15	5	t	4	3	{"focus": "Specialty placement Nephrology Rotation", "seed_source": "curriculum_onboarding"}	3
\.


--
-- Data for Name: training_programrotationtemplate_allowed_hospitals; Type: TABLE DATA; Schema: public; Owner: sims_user
--

COPY public.training_programrotationtemplate_allowed_hospitals (id, programrotationtemplate_id, hospital_id) FROM stdin;
41	11	1
42	11	2
43	11	3
44	11	4
45	12	1
46	12	2
47	12	3
48	12	4
49	13	1
50	13	2
51	13	3
52	13	4
53	14	1
54	14	2
55	14	3
56	14	4
57	15	1
58	15	2
59	15	3
60	15	4
\.


--
-- Data for Name: training_residentmilestoneeligibility; Type: TABLE DATA; Schema: public; Owner: sims_user
--

COPY public.training_residentmilestoneeligibility (id, status, reasons_json, computed_at, milestone_id, resident_training_record_id) FROM stdin;
\.


--
-- Data for Name: training_residentresearchproject; Type: TABLE DATA; Schema: public; Owner: sims_user
--

COPY public.training_residentresearchproject (id, title, topic_area, status, synopsis_file, synopsis_approved_at, supervisor_feedback, university_submission_ref, submitted_to_supervisor_at, submitted_to_university_at, accepted_at, created_at, updated_at, resident_training_record_id, supervisor_id) FROM stdin;
\.


--
-- Data for Name: training_residentsubmission; Type: TABLE DATA; Schema: public; Owner: sims_user
--

COPY public.training_residentsubmission (id, submission_type, status, submitted_at, under_review_at, returned_at, verified_at, certificate_issued_at, feedback, created_at, updated_at, resident_training_record_id, reviewed_by_id) FROM stdin;
\.


--
-- Data for Name: training_residentthesis; Type: TABLE DATA; Schema: public; Owner: sims_user
--

COPY public.training_residentthesis (id, status, thesis_file, submitted_at, final_submission_ref, notes, created_at, updated_at, resident_training_record_id) FROM stdin;
\.


--
-- Data for Name: training_residenttrainingrecord; Type: TABLE DATA; Schema: public; Owner: sims_user
--

COPY public.training_residenttrainingrecord (id, start_date, expected_end_date, current_level, active, created_at, updated_at, created_by_id, program_id, resident_user_id, locked_program, program_change_reason, restart_from_scratch_on_change, status, has_default_dates) FROM stdin;
\.


--
-- Data for Name: training_residentworkshopcompletion; Type: TABLE DATA; Schema: public; Owner: sims_user
--

COPY public.training_residentworkshopcompletion (id, completed_at, certificate_file, source, notes, created_at, updated_at, resident_training_record_id, workshop_id, workshop_run_id) FROM stdin;
\.


--
-- Data for Name: training_rotationassignment; Type: TABLE DATA; Schema: public; Owner: sims_user
--

COPY public.training_rotationassignment (id, start_date, end_date, status, notes, return_reason, reject_reason, submitted_at, approved_at, completed_at, created_at, updated_at, approved_by_hod_id, approved_by_utrmc_id, hospital_department_id, requested_by_id, resident_training_id, template_id) FROM stdin;
\.


--
-- Data for Name: training_rotationcertificate; Type: TABLE DATA; Schema: public; Owner: sims_user
--

COPY public.training_rotationcertificate (id, certificate_number, status, issued_at, verified_at, metadata, completion_id, issued_by_id, verified_by_id) FROM stdin;
\.


--
-- Data for Name: training_rotationcompletion; Type: TABLE DATA; Schema: public; Owner: sims_user
--

COPY public.training_rotationcompletion (id, status, confirmed_at, verification_submitted_at, verified_at, notes, confirmed_by_id, rotation_id, verified_by_id) FROM stdin;
\.


--
-- Data for Name: training_submissioncertificate; Type: TABLE DATA; Schema: public; Owner: sims_user
--

COPY public.training_submissioncertificate (id, certificate_number, status, issued_at, verified_at, metadata, issued_by_id, submission_id, verified_by_id) FROM stdin;
\.


--
-- Data for Name: training_submissiondocument; Type: TABLE DATA; Schema: public; Owner: sims_user
--

COPY public.training_submissiondocument (id, file, original_filename, uploaded_at, is_active, requirement_id, submission_id, uploaded_by_id) FROM stdin;
\.


--
-- Data for Name: training_submissionrequirementtemplate; Type: TABLE DATA; Schema: public; Owner: sims_user
--

COPY public.training_submissionrequirementtemplate (id, submission_type, code, title, description, is_required, active, sort_order, created_at, updated_at, created_by_id, department_id, program_id) FROM stdin;
9	SYNOPSIS	SYN-PROPOSAL	Synopsis Proposal	Core synopsis proposal document.	t	t	1	2026-05-17 07:09:52.477414+00	2026-05-30 23:35:22.085026+00	51	2	13
10	SYNOPSIS	SYN-ETHICS	Synopsis Ethics Sheet	Ethics and compliance attachment.	t	t	2	2026-05-17 07:09:52.509347+00	2026-05-30 23:35:22.177472+00	51	2	13
11	THESIS	THS-MANUSCRIPT	Thesis Manuscript	Main thesis manuscript for completeness check.	t	t	1	2026-05-17 07:09:52.514284+00	2026-05-30 23:35:22.182516+00	51	2	13
12	THESIS	THS-SIMILARITY	Similarity Report	Similarity/plagiarism report document.	t	t	2	2026-05-17 07:09:52.519197+00	2026-05-30 23:35:22.187513+00	51	2	13
\.


--
-- Data for Name: training_submissionreview; Type: TABLE DATA; Schema: public; Owner: sims_user
--

COPY public.training_submissionreview (id, action, comments, created_at, reviewer_id, submission_id) FROM stdin;
\.


--
-- Data for Name: training_trainingprogram; Type: TABLE DATA; Schema: public; Owner: sims_user
--

COPY public.training_trainingprogram (id, name, code, duration_months, description, active, created_at, updated_at, degree_type, department_id, notes) FROM stdin;
12	Active Surface Baseline Programme	ACTIVE-BASELINE	48	Minimal program used by release-gated active-surface verification.	t	2026-05-17 07:09:44.369584+00	2026-05-30 23:35:13.162534+00	FCPS	1	
13	E2E Baseline FCPS Program	E2E-FCPS	48	Deterministic training baseline for Playwright workflow gate	t	2026-05-17 07:09:52.087894+00	2026-05-30 23:35:21.221032+00	FCPS	2	Managed by seed_e2e
15	MS Urology	ms-urology	60	MS Urology curriculum imported from Urology.pdf on 2026-06-19T06:42:56.594169 UTC.	t	2026-06-19 06:42:11.079744+00	2026-06-19 06:42:56.600475+00	MS	28	{\n  "program_master": {\n    "name": "MS Urology",\n    "degree": "MS",\n    "specialty_department": "Urology",\n    "duration_months": 60,\n    "university": "Faisalabad Medical University",\n    "training_center": "Department of Urology in affiliated hospitals of Faisalabad Medical University",\n    "admission_route": "Central Induction Policy as per Government rules"\n  },\n  "curriculum_document": {\n    "source_file": "Urology.pdf",\n    "checksum": "05132315ee6259d4bf409a329603e66d9c4ace664d73fbc7597b6a3a63dd542b",\n    "stored_path": "media/curricula/Urology.pdf"\n  },\n  "phases": [\n    {\n      "name": "Part I",\n      "duration": "Month 1 to Month 6",\n      "placement": "Urology",\n      "focus": [\n        "Basic knowledge of Urology",\n        "Anatomy",\n        "Physiology",\n        "Orientation to the subject",\n        "Basic principles",\n        "History taking",\n        "Case presentation",\n        "Inpatient care",\n        "Outpatient care",\n        "Selection/initiation of synopsis topic"\n      ]\n    },\n    {\n      "name": "Part II",\n      "duration": "Month 7 to Month 24",\n      "placement": "General Surgery",\n      "focus": [\n        "Core knowledge in Surgery",\n        "Fundamental concepts of General Surgery",\n        "Clinical techniques of Surgery",\n        "Mandatory early workshops",\n        "Basic surgical skills workshop",\n        "Synopsis submission by end of 2nd year"\n      ]\n    },\n    {\n      "name": "Part III",\n      "duration": "Month 25 to Month 60",\n      "placement": "Urology",\n      "focus": [\n        "Advanced Urology training",\n        "Professional education in Urology",\n        "Specialty clinical training",\n        "Research and thesis completion",\n        "Two mandatory rotations",\n        "Remaining compulsory workshops"\n      ]\n    }\n  ],\n  "mandatory_rotations": [\n    {\n      "name": "Renal Transplantation",\n      "duration_months": 2,\n      "placement": "Part III"\n    },\n    {\n      "name": "Nephrology",\n      "duration_months": 1,\n      "placement": "Part III"\n    }\n  ],\n  "workshops": {\n    "basic_mandatory": [\n      "Communication Skills",\n      "Research Synopsis and Thesis Writing Skills",\n      "Basic Biostatistics and Research Methodology",\n      "Information Technology Skills",\n      "Initial Life Support / ILS"\n    ],\n    "specialty_specific": [\n      "Basic Surgical Skills"\n    ]\n  },\n  "research_milestones": [\n    {\n      "name": "Synopsis topic selection/initiation",\n      "suggested_period": "First 6 months"\n    },\n    {\n      "name": "Synopsis preparation",\n      "suggested_period": "Part I to Part II"\n    },\n    {\n      "name": "Synopsis submission",\n      "deadline": "By end of 2nd year"\n    },\n    {\n      "name": "ERC/Institutional Review approval",\n      "required": true\n    },\n    {\n      "name": "ASRB/university approval",\n      "required": true\n    },\n    {\n      "name": "Thesis work",\n      "suggested_period": "Part III"\n    },\n    {\n      "name": "Thesis submission",\n      "deadline": "At least 6 months before end of final year"\n    },\n    {\n      "name": "Thesis evaluation",\n      "timing": "End of 5th year"\n    },\n    {\n      "name": "Thesis defense",\n      "passing_threshold": "60%"\n    }\n  ],\n  "assessment_configurations": {\n    "intermediate": {\n      "timing": "End of 2nd year",\n      "total_marks": 600,\n      "written": {\n        "marks": 300,\n        "structure": "MCQs: 100 x 2 marks = 200; SEQs: 10 x 10 marks = 100",\n        "passing_requirement": "60% in written examination"\n      },\n      "clinical": {\n        "marks": 300,\n        "structure": "2 short cases: 50 marks each = 100; 1 long case: 100 marks; TOACS/OSCE/Oral: 100 marks",\n        "passing_requirement": "60% in long case, 60% in short cases, 60% in TOACS/OSCE"\n      },\n      "attempt_rule": "Maximum 4 consecutive attempts"\n    },\n    "final": {\n      "timing": "End of 5th year",\n      "total_marks": 1000,\n      "written": {\n        "marks": 300,\n        "structure": "MCQs: 100 x 2 marks = 200; SEQs: 10 x 10 marks = 100",\n        "passing_requirement": "60% aggregate in written examination"\n      },\n      "clinical": {\n        "marks": 300,\n        "structure": "4 short cases: 25 marks each = 100; 1 long case: 100 marks; TOACS/OSCE/Oral: 100 marks",\n        "passing_requirement": "60% in long case, 60% in short cases, 60% in TOACS/OSCE"\n      },\n      "continuous_internal_assessment": {\n        "marks": 100\n      },\n      "thesis_evaluation": {\n        "marks": 300,\n        "passing_threshold": "60% in thesis defense/evaluation pathway"\n      }\n    }\n  },\n  "eligibility_checklists": {\n    "intermediate": [\n      "Candidate remained on institutional roll",\n      "Completed required first two years of training",\n      "Completed Communication Skills workshop",\n      "Completed Research Synopsis and Thesis Writing Skills workshop",\n      "Completed Basic Surgical Skills workshop",\n      "Completed logbook signed by supervisor/HOD as applicable",\n      "Synopsis submitted / ERC-approved where applicable",\n      "Exam fee paid",\n      "Application submitted through proper channel"\n    ],\n    "final": [\n      "Passed Intermediate Examination",\n      "Completed 5 years training",\n      "Completed required Part-III Urology training",\n      "Completed Renal Transplantation rotation",\n      "Completed Nephrology rotation",\n      "Completed all mandatory workshops",\n      "Thesis submitted to Examination Department",\n      "Exam fee paid",\n      "Candidate remained on institutional roll",\n      "Required certificates submitted through proper institutional channel"\n    ]\n  },\n  "curriculum_topic_tags": [\n    "Stone disease / Urolithiasis",\n    "Acute and chronic urinary retention",\n    "Hematuria",\n    "Urethral stricture",\n    "Benign prostatic hyperplasia",\n    "Prostate cancer",\n    "Bladder cancer",\n    "Renal cancer",\n    "Upper tract urothelial carcinoma",\n    "Testicular tumor",\n    "Pediatric Urology",\n    "Urinary incontinence",\n    "Neuro-urology",\n    "Female Urology",\n    "Male infertility",\n    "Erectile dysfunction",\n    "Priapism",\n    "Penile fracture",\n    "Urological trauma",\n    "Urinary tract infection",\n    "Urosepsis",\n    "Genitourinary tuberculosis",\n    "Renal failure",\n    "Renal transplantation",\n    "Congenital urological abnormalities",\n    "Obstructive uropathy",\n    "Adrenal diseases",\n    "Andrology",\n    "Uro-oncology"\n  ],\n  "paper_scheme_tags": {\n    "intermediate_written_urology_oriented_topics_30_pct": [\n      "Surgical anatomy of genitourinary tract",\n      "Physiology of urinary system / complete urine examination",\n      "Urological investigation",\n      "Urolithiasis",\n      "Pediatric Urology",\n      "Renal tumor",\n      "Upper tract urothelial carcinoma",\n      "Urinary bladder tumor",\n      "Prostate carcinoma",\n      "Benign prostatic hyperplasia",\n      "Renal transplantation",\n      "Urinary tract infection",\n      "Urinary tract trauma",\n      "Stricture urethra",\n      "Male infertility"\n    ],\n    "final_written_topics": [\n      "Surgical anatomy of genitourinary tract",\n      "Physiology of urinary system / complete urine examination",\n      "Urological investigation",\n      "Urolithiasis",\n      "Pediatric Urology",\n      "Renal tumor",\n      "Upper tract urothelial carcinoma",\n      "Urinary bladder tumor",\n      "Prostate carcinoma",\n      "Benign prostatic hyperplasia",\n      "Renal transplantation",\n      "Urinary tract infection",\n      "Urinary tract trauma",\n      "Stricture urethra",\n      "Male infertility",\n      "Neuro-Urology",\n      "Female Urology"\n    ]\n  },\n  "logbook_template": {\n    "categories": [\n      {\n        "name": "OPD and Ward Clinical Work",\n        "items": [\n          "History taking",\n          "Case presentation",\n          "Inpatient care",\n          "Outpatient care",\n          "Urological examination",\n          "Management plan formulation",\n          "Follow-up care"\n        ]\n      },\n      {\n        "name": "Emergency Urology",\n        "items": [\n          "Acute urinary retention",\n          "Ureteric colic",\n          "Urosepsis",\n          "Acute scrotum",\n          "Hematuria emergency",\n          "Urological trauma",\n          "Shock assessment in urological patient"\n        ]\n      },\n      {\n        "name": "Diagnostic Skills",\n        "items": [\n          "Urinalysis",\n          "Urine culture interpretation",\n          "Renal function tests",\n          "Adrenal function tests",\n          "Tumor markers including AFP, beta-HCG, PSA",\n          "Ultrasonography/Doppler interpretation",\n          "CT/MRI urinary tract interpretation",\n          "IVU/urography interpretation",\n          "Voiding cystourethrography interpretation",\n          "Radioisotope study interpretation"\n        ]\n      },\n      {\n        "name": "Basic Urological Procedures",\n        "items": [\n          "Urinary catheterization",\n          "Urinary catheter care",\n          "Suprapubic catheterization",\n          "Urethral manipulation",\n          "Urethral dilatation",\n          "Wound closure",\n          "Circumcision",\n          "Testis biopsy",\n          "Fulguration/biopsy of penile lesions"\n        ]\n      },\n      {\n        "name": "Endoscopic Procedures",\n        "items": [\n          "Cystoscopy",\n          "Urethroscopy",\n          "Ureteric catheterization",\n          "Ureteric stent insertion",\n          "Ureteric stent removal",\n          "Retrograde pyelography",\n          "Visual internal urethrotomy",\n          "Transurethral biopsy of bladder/urethra",\n          "TURP",\n          "TURBT",\n          "Ureteroscopy",\n          "Ureteroscopic lithotripsy",\n          "Transurethral incision/resection of ureterocele",\n          "Percutaneous nephrolithotomy"\n        ]\n      },\n      {\n        "name": "Open Surgical Procedures",\n        "items": [\n          "Hydrocele surgery",\n          "Epididymal cyst surgery",\n          "Epididymectomy",\n          "Simple orchidectomy",\n          "Radical orchidectomy",\n          "Varicocele surgery",\n          "Herniotomy",\n          "Orchidopexy",\n          "Repair of testicular torsion",\n          "Testis prosthesis insertion",\n          "Vesical neck suspension",\n          "Stress urinary incontinence procedure",\n          "Pelvic lymphadenectomy",\n          "Simple retropubic prostatectomy",\n          "Cavernosal shunting for priapism",\n          "Vasectomy",\n          "Vasovasostomy"\n        ]\n      },\n      {\n        "name": "Therapeutic Technology Exposure",\n        "items": [\n          "Electrosurgery",\n          "ESWL",\n          "Lasers in Urology",\n          "Holmium-YAG laser",\n          "Nd:YAG laser",\n          "Prostatic thermotherapy"\n        ]\n      },\n      {\n        "name": "Renal Transplantation Exposure",\n        "items": [\n          "Recipient selection",\n          "Donor selection",\n          "Transplant immunology",\n          "Immunosuppression",\n          "Rejection management principles",\n          "Organ harvesting exposure",\n          "Organ preservation exposure",\n          "Implantation exposure"\n        ]\n      },\n      {\n        "name": "Nephrology Rotation Activities",\n        "items": [\n          "Renal failure assessment",\n          "Renal disease preoperative assessment",\n          "Medical renal disease exposure",\n          "Dialysis-related clinical exposure if applicable",\n          "Nephrology case discussion"\n        ]\n      },\n      {\n        "name": "Academic Activities",\n        "items": [\n          "Ward presentation",\n          "Seminar presentation",\n          "Journal club",\n          "Case discussion",\n          "Conference participation",\n          "Literature review"\n        ]\n      },\n      {\n        "name": "Research Activities",\n        "items": [\n          "Synopsis topic discussion",\n          "Synopsis preparation",\n          "ERC submission",\n          "ASRB submission",\n          "Data collection",\n          "Data analysis",\n          "Thesis writing",\n          "Thesis submission"\n        ]\n      },\n      {\n        "name": "Supervisor Feedback and Sign-off",\n        "items": [\n          "Monthly supervisor review",\n          "Rotation supervisor feedback",\n          "HOD review",\n          "Deficiency note",\n          "Completion sign-off"\n        ]\n      }\n    ],\n    "minimum_required": null,\n    "minimum_status": "placeholder_not_finalized",\n    "is_configurable": true\n  },\n  "warnings": [\n    "Supervisors not imported; to be uploaded separately.",\n    "Residents not imported; to be uploaded separately.",\n    "Training site capacity ignored by user decision.",\n    "Bed-to-trainee ratio ignored by user decision.",\n    "Logbook minimum entries are placeholders.",\n    "Portfolio skipped by user decision.",\n    "Leave/freezing rules skipped by user decision.",\n    "General Surgery treated as Part-II placement, not as a Part-III mandatory rotation."\n  ]\n}
11	Pilot Baseline Program	PILOT-BASELINE	48	Synthetic program used for clean baseline resident bootstrapping.	t	2026-05-17 07:09:43.830483+00	2026-05-17 07:09:43.830501+00	FCPS	\N	Managed automatically for pilot baseline users.
\.


--
-- Data for Name: training_workshop; Type: TABLE DATA; Schema: public; Owner: sims_user
--

COPY public.training_workshop (id, name, code, description, is_active, created_at, updated_at) FROM stdin;
2	Communication Skills	comm-skills		t	2026-06-19 06:42:11.707078+00	2026-06-19 06:42:58.884696+00
3	Research Synopsis and Thesis Writing Skills	research-writing		t	2026-06-19 06:42:11.715007+00	2026-06-19 06:42:58.890763+00
4	Basic Biostatistics and Research Methodology	biostats-method		t	2026-06-19 06:42:11.722502+00	2026-06-19 06:42:58.894547+00
5	Information Technology Skills	it-skills		t	2026-06-19 06:42:11.727713+00	2026-06-19 06:42:58.898125+00
6	Initial Life Support / ILS	ils-support		t	2026-06-19 06:42:11.732857+00	2026-06-19 06:42:58.902094+00
7	Basic Surgical Skills	surgical-skills		t	2026-06-19 06:42:11.737972+00	2026-06-19 06:42:58.906418+00
\.


--
-- Data for Name: training_workshopblock; Type: TABLE DATA; Schema: public; Owner: sims_user
--

COPY public.training_workshopblock (id, name, capacity, created_at, workshop_id) FROM stdin;
\.


--
-- Data for Name: training_workshoprun; Type: TABLE DATA; Schema: public; Owner: sims_user
--

COPY public.training_workshoprun (id, run_date, status, notes, created_at, block_id, facilitator_id) FROM stdin;
\.


--
-- Data for Name: users_datacorrectionaudit; Type: TABLE DATA; Schema: public; Owner: sims_user
--

COPY public.users_datacorrectionaudit (id, entity_type, entity_id, field_name, old_value, new_value, metadata, created_at, actor_id) FROM stdin;
\.


--
-- Data for Name: users_departmentmembership; Type: TABLE DATA; Schema: public; Owner: sims_user
--

COPY public.users_departmentmembership (id, member_type, is_primary, active, start_date, end_date, created_at, updated_at, created_by_id, department_id, updated_by_id, user_id) FROM stdin;
30	supervisor	t	t	2026-01-01	\N	2026-06-04 19:58:46.662707+00	2026-06-04 19:58:46.662722+00	1	2	1	80
31	supervisor	t	t	2026-01-01	\N	2026-06-04 19:58:47.255433+00	2026-06-04 19:58:47.255449+00	1	2	1	81
32	supervisor	t	t	2026-01-01	\N	2026-06-04 19:58:47.751713+00	2026-06-04 19:58:47.751729+00	1	2	1	82
33	supervisor	t	t	2026-01-01	\N	2026-06-04 19:58:48.278948+00	2026-06-04 19:58:48.278969+00	1	2	1	83
34	supervisor	t	t	2026-01-01	\N	2026-06-04 19:58:48.709476+00	2026-06-04 19:58:48.70949+00	1	1	1	84
35	supervisor	t	t	2026-01-01	\N	2026-06-04 19:58:49.153498+00	2026-06-04 19:58:49.153515+00	1	1	1	85
36	supervisor	t	t	2026-01-01	\N	2026-06-04 19:58:49.58776+00	2026-06-04 19:58:49.587776+00	1	1	1	86
37	supervisor	t	t	2026-01-01	\N	2026-06-04 19:58:50.023376+00	2026-06-04 19:58:50.023397+00	1	1	1	87
38	supervisor	t	t	2026-01-01	\N	2026-06-04 19:58:50.484366+00	2026-06-04 19:58:50.484382+00	1	1	1	88
39	resident	t	t	2023-01-30	\N	2026-06-04 19:58:50.957718+00	2026-06-04 19:58:50.957736+00	1	1	1	89
40	resident	t	t	2024-07-26	\N	2026-06-04 19:58:51.394092+00	2026-06-04 19:58:51.394115+00	1	15	1	90
41	resident	t	t	2024-07-25	\N	2026-06-04 19:58:51.833506+00	2026-06-04 19:58:51.83352+00	1	1	1	91
42	resident	t	t	2024-01-31	\N	2026-06-04 19:58:52.347086+00	2026-06-04 19:58:52.347102+00	1	1	1	92
43	resident	t	t	2023-07-27	\N	2026-06-04 19:58:52.839026+00	2026-06-04 19:58:52.83904+00	1	1	1	93
44	resident	t	t	2026-02-01	\N	2026-06-04 19:58:53.262643+00	2026-06-04 19:58:53.262659+00	1	1	1	94
45	resident	t	t	2026-01-30	\N	2026-06-04 19:58:53.734423+00	2026-06-04 19:58:53.734441+00	1	11	1	95
46	resident	t	t	2023-01-31	\N	2026-06-04 19:58:54.163735+00	2026-06-04 19:58:54.163751+00	1	1	1	96
47	resident	t	t	2024-01-31	\N	2026-06-04 19:58:54.606239+00	2026-06-04 19:58:54.606256+00	1	1	1	97
48	resident	t	t	2022-08-23	\N	2026-06-04 19:58:55.060846+00	2026-06-04 19:58:55.060866+00	1	2	1	98
49	resident	t	t	2023-07-27	\N	2026-06-04 19:58:55.545428+00	2026-06-04 19:58:55.545452+00	1	2	1	99
50	resident	t	t	2024-02-01	\N	2026-06-04 19:58:56.050611+00	2026-06-04 19:58:56.050625+00	1	2	1	100
51	resident	t	t	2026-02-01	\N	2026-06-04 19:58:56.480364+00	2026-06-04 19:58:56.480379+00	1	2	1	101
\.


--
-- Data for Name: users_historicaluser; Type: TABLE DATA; Schema: public; Owner: sims_user
--

COPY public.users_historicaluser (id, password, last_login, is_superuser, username, first_name, last_name, email, is_staff, is_active, date_joined, role, specialty, year, registration_number, phone_number, last_login_ip, is_archived, archived_date, history_id, history_date, history_change_reason, history_type, created_by_id, history_user_id, home_department_id, home_hospital_id, modified_by_id, supervisor_id, is_complete_profile, has_placeholder_email, data_issues) FROM stdin;
80	pbkdf2_sha256$600000$tzNZ0lALx2QnezeBmpLGUz$ngpMNcIejQRU1RfzpRJVFZ/hB1D45lowLfF1t4TXatM=	\N	f	prof.dr.muhammad.akmal	Dr. Muhammad	Akmal	dr.muhammad.akmal@placeholder.example.com	f	t	2026-06-04 19:58:46.097866+00	supervisor	urology	\N	PMC-SUP-dr-muhammad-akmal	03001234567	\N	f	\N	743	2026-06-04 19:58:46.550111+00	\N	+	1	\N	\N	\N	1	\N	f	f	[]
81	pbkdf2_sha256$600000$Jet1T7ZN0y5lU0dTkzALNj$2Yt2uRnLY2yGL7L6wbOTw17Lxgzfh3moh785GHDD/FY=	\N	f	dr.muhammad.irfan.munir	Muhammad Irfan	Munir	muhammad.irfan.munir@placeholder.example.com	f	t	2026-06-04 19:58:46.775038+00	supervisor	urology	\N	PMC-SUP-muhammad-irfan-munir	03001234567	\N	f	\N	744	2026-06-04 19:58:47.239779+00	\N	+	1	\N	\N	\N	1	\N	f	f	[]
82	pbkdf2_sha256$600000$xw5WGA02G6xK8l6lI5X67d$USx/VrAYxMMbPkG0tF/hygk3Ej0BjylKZXMPec4RF9M=	\N	f	prof.dr.m.tahir.bashir.malik	Dr. M. Tahir Bashir	Malik	dr.m.tahir.bashir.malik@placeholder.example.com	f	t	2026-06-04 19:58:47.276271+00	supervisor	urology	\N	PMC-SUP-dr-m-tahir-bashir-malik	03001234567	\N	f	\N	745	2026-06-04 19:58:47.732331+00	\N	+	1	\N	\N	\N	1	\N	f	f	[]
83	pbkdf2_sha256$600000$CnwUGe4xNxzjn4XSlDH2yr$8CfaJ1Xm3IVphORFiWLmctSmTHAp5dtnJfEd/UJ2y24=	\N	f	dr.sheraz.javed	Sheraz	Javed	sheraz.javed@placeholder.example.com	f	t	2026-06-04 19:58:47.774973+00	supervisor	urology	\N	PMC-SUP-sheraz-javed	03001234567	\N	f	\N	746	2026-06-04 19:58:48.262665+00	\N	+	1	\N	\N	\N	1	\N	f	f	[]
84	pbkdf2_sha256$600000$ieMDYyOAp0TTC1rxY1gKqo$1npE+Xv2wmsORgyBqcCRaQfJPfdnMn9hooRBO3H0HnI=	\N	f	prof.dr.amir.shaukat	Dr. Amir	Shaukat	amir.shaukat@placeholder.example.com	f	t	2026-06-04 19:58:48.300567+00	supervisor	medicine	\N	PMC-SUP-amir-shaukat	03001234567	\N	f	\N	747	2026-06-04 19:58:48.694864+00	\N	+	1	\N	\N	\N	1	\N	f	f	[]
85	pbkdf2_sha256$600000$kI81bUyW5D4SYn9rCktCY2$n4kxE4YWwEn6BpGkHtMe2Dnc4mSWU9Ef79G1iv/XGgM=	\N	f	dr.muhammad.irfan	Muhammad	Irfan	muhammad.irfan@placeholder.example.com	f	t	2026-06-04 19:58:48.730053+00	supervisor	medicine	\N	PMC-SUP-muhammad-irfan	03001234567	\N	f	\N	748	2026-06-04 19:58:49.138096+00	\N	+	1	\N	\N	\N	1	\N	f	f	[]
86	pbkdf2_sha256$600000$CdOP89Me41jisCxQlEJYBy$so4dWSEqKxHI0C/FGgmGmeeApnaUu4gZBDpdxLKHfq8=	\N	f	dr.umair.ahmed	Umair	Ahmed	umair.ahmed@placeholder.example.com	f	t	2026-06-04 19:58:49.174245+00	supervisor	medicine	\N	PMC-SUP-umair-ahmed	03001234567	\N	f	\N	749	2026-06-04 19:58:49.571785+00	\N	+	1	\N	\N	\N	1	\N	f	f	[]
87	pbkdf2_sha256$600000$yutT6q5j0srkxCFtjC1oSm$X9wrjluuP3aUSDcQHapQSuD1v8oSp+eXVJf/sCMcSMI=	\N	f	dr.muhammad.arif	Muhammad	Arif	muhammad.arif@placeholder.example.com	f	t	2026-06-04 19:58:49.609844+00	supervisor	medicine	\N	PMC-SUP-muhammad-arif	03001234567	\N	f	\N	750	2026-06-04 19:58:50.0072+00	\N	+	1	\N	\N	\N	1	\N	f	f	[]
88	pbkdf2_sha256$600000$QVQ9bgZOwYH0p1I7DzIj7P$q1WoR48BGc4RLmT53sl9gwIb3ltzH07iqXBpwBsxATo=	\N	f	dr.shahid.abbas	Shahid	Abbas	shahid.abbas@placeholder.example.com	f	t	2026-06-04 19:58:50.04616+00	supervisor	medicine	\N	PMC-SUP-shahid-abbas	03001234567	\N	f	\N	751	2026-06-04 19:58:50.467818+00	\N	+	1	\N	\N	\N	1	\N	f	f	[]
89	pbkdf2_sha256$600000$iZyGu89PjuREVLKuWaCnTr$SauEQGMLrXK6eV2q1ItB9W5Yiqmk0uajKTuLS22M9Oo=	\N	f	dr.syed.ali.haziq	syed ali	haziq	haziqali58@gmail.com	f	t	2026-06-04 19:58:50.505249+00	resident	medicine	4	\N	03216608284	\N	f	\N	752	2026-06-04 19:58:50.899543+00	\N	+	1	\N	1	1	1	\N	f	f	[]
90	pbkdf2_sha256$600000$7ytLfa2R91hVtFBICdfnVE$1rxvdssWLiTonUN7mzgb+rYaAe6jjFnYDKU0YUSJUjo=	\N	f	zaineb	Zaineb		zainebwaris99@gmail.com	f	t	2026-06-04 19:58:50.978147+00	resident	other	2	\N	03351077754	\N	f	\N	753	2026-06-04 19:58:51.374095+00	\N	+	1	\N	15	1	1	\N	f	f	[]
91	pbkdf2_sha256$600000$FtEtErxWMAiGSh1dWkH43O$H14OriBwh9r7sFOvhJbvP6RelupBp4Ivz4z2PGKSwIo=	\N	f	fatima.riaz	FATIMA	RIAZ	riyasheikh16@gmail.com	f	t	2026-06-04 19:58:51.41392+00	resident	medicine	2	\N	03486200780	\N	f	\N	754	2026-06-04 19:58:51.817884+00	\N	+	1	\N	1	1	1	\N	f	f	[]
92	pbkdf2_sha256$600000$fDkCoDd9WeFe2vYwUV1Q4J$+xpqogkEpAyxx3iJLsQv+vj2x0HGulv2Ulm2gr+yNc4=	\N	f	manahil.khalil	Manahil	Khalil	minal.nsmc.3361@gmail.com	f	t	2026-06-04 19:58:51.852636+00	resident	medicine	3	\N	03350779131	\N	f	\N	755	2026-06-04 19:58:52.330777+00	\N	+	1	\N	1	1	1	\N	f	f	[]
93	pbkdf2_sha256$600000$AZNE64ybsLywGkmSFtjxuT$XEY2YLWXGbNfpd1TUgXz3YcCxXdepm99zMwXK03bdAg=	\N	f	muhammad.asad.shabbir	Muhammad Asad	Shabbir	asadshabbir777@gmail.com	f	t	2026-06-04 19:58:52.369546+00	resident	medicine	3	\N	03000678701	\N	f	\N	756	2026-06-04 19:58:52.821548+00	\N	+	1	\N	1	1	1	\N	f	f	[]
94	pbkdf2_sha256$600000$xmQ4H19Ig3hFzhKCEwV8qi$C7mITzUjCLTJeVQWc0G6mxEse3BrXcbIBtSrsgRkWwE=	\N	f	muhammad.usman	Muhammad	usman	usmanghuman2001@gmail.com	f	t	2026-06-04 19:58:52.857247+00	resident	medicine	1	\N	03366560110	\N	f	\N	757	2026-06-04 19:58:53.246095+00	\N	+	1	\N	1	1	1	\N	f	f	[]
95	pbkdf2_sha256$600000$atH0oQ8fIMFxhU36RCbfoT$KXUbyULn1iOltjwLmIbT49duHmY+UAcV7BN9zTYt/+k=	\N	f	areeb.amjad	Areeb	Amjad	areeb2808@gmail.com	f	t	2026-06-04 19:58:53.281542+00	resident	cardiology	1	\N	03244384600	\N	f	\N	758	2026-06-04 19:58:53.718224+00	\N	+	1	\N	11	1	1	\N	f	f	[]
96	pbkdf2_sha256$600000$Z0oUdU5NCkdE5RLUUrFAnA$Ev6G3HhtMfQt3vPfxvKAvZgb768DjsmgLFrc+i1bXug=	\N	f	farhan.ali	Farhan	Ali	farhan6279@gmail.com	f	t	2026-06-04 19:58:53.754678+00	resident	medicine	4	\N	03347578265	\N	f	\N	759	2026-06-04 19:58:54.146816+00	\N	+	1	\N	1	1	1	\N	f	f	[]
97	pbkdf2_sha256$600000$xSfh6aO1gmuNex0bOAtoqD$nzvPkyJbGGtJPeTcq6As/c+yIRuUwfWFMGnEYZIy7MM=	\N	f	muhammad.haris.jamil	Muhammad Haris	Jamil	pdphtt@gmail.com	f	t	2026-06-04 19:58:54.182805+00	resident	medicine	3	\N	03318450661	\N	f	\N	760	2026-06-04 19:58:54.58424+00	\N	+	1	\N	1	1	1	\N	f	f	[]
98	pbkdf2_sha256$600000$bEVTlyinXZeS0sMBWvjF4s$MkEIY7p6U84Jc9kdc8cHO8rHglk7QpjJPqEgmXLG5ec=	\N	f	syed.ali.arshed	SYED ALI	ARSHED	aliarshed989@gmail.com	f	t	2026-06-04 19:58:54.640476+00	resident	urology	4	\N	03226005411	\N	f	\N	761	2026-06-04 19:58:55.044455+00	\N	+	1	\N	2	1	1	\N	f	f	[]
99	pbkdf2_sha256$600000$PfNMUMwHbE0wclLgCWxfPq$Orqw8icGIAkWVp87mbmoZ9EPybvb06/wjHvN09xFTgg=	\N	f	dr.bullawel.arshad	Dr.Bullawel	Arshad	raja.bilawal.55@gmail.com	f	t	2026-06-04 19:58:55.080029+00	resident	urology	5	\N	03005493568	\N	f	\N	762	2026-06-04 19:58:55.522224+00	\N	+	1	\N	2	1	1	\N	f	f	[]
100	pbkdf2_sha256$600000$RVEBhKWQQRdGGQ7aVDyjap$9LfyCoVyLZ9nq6eleia4ni0k1GA+xYVikP/XPHY6G6U=	\N	f	faraz.khalid	Faraz	Khalid	frazkhalic@gmail.com	f	t	2026-06-04 19:58:55.571213+00	resident	urology	3	\N	03226093420	\N	f	\N	763	2026-06-04 19:58:56.03435+00	\N	+	1	\N	2	1	1	\N	f	f	[]
101	pbkdf2_sha256$600000$AXF4rDNgDz5kQiT4sQjHd4$tw65VNULVsUCI5Mnkn5XUfw2v+ZeAAbSKA40pBG1I4g=	\N	f	muhammad.muzammil	Muhammad	Muzammil	muzammilibraheem867@gmail.com	f	t	2026-06-04 19:58:56.069588+00	resident	urology	5	\N	03326080486	\N	f	\N	764	2026-06-04 19:58:56.465058+00	\N	+	1	\N	2	4	1	\N	f	f	[]
1	pbkdf2_sha256$600000$PvV7WuqNQbRLPFRFPArxBM$WbJDCmSJruCtpFSm2uTpzY+2ptbW4ycHA8H4k0wYCw0=	2026-06-20 08:01:34.172334+00	t	admin	Pilot	Admin	admin@pgsims.local	t	t	2026-05-12 22:04:16+00	admin	\N	\N	\N	\N	\N	f	\N	765	2026-06-20 08:01:34.268283+00	\N	~	\N	\N	\N	\N	1	\N	f	f	[]
102	pbkdf2_sha256$600000$9vQbh5prh8DpCRxFM6SuNW$CZx+n0td1CFMWhOIpiDQPGfq7vegHe56YPtmF+llzhE=	\N	f	resident	resident	resident		f	t	2026-06-20 20:13:57.342064+00	resident	\N	\N	\N	\N	\N	f	\N	767	2026-06-20 20:13:58.004408+00	\N	+	1	1	\N	\N	1	\N	f	f	[]
104	pbkdf2_sha256$600000$U8i5y07vypXbhaYPiIH0YY$vPyflzmhiHjpLNfYTGkEoyC24yD/QzKxky3NezM+m0Q=	\N	f	supervisor	supervisor	supervisor		f	t	2026-06-20 20:15:15.238831+00	supervisor	\N	\N	\N	\N	\N	f	\N	769	2026-06-20 20:15:15.623332+00	\N	+	1	1	\N	\N	1	\N	f	f	[]
90	pbkdf2_sha256$600000$7ytLfa2R91hVtFBICdfnVE$1rxvdssWLiTonUN7mzgb+rYaAe6jjFnYDKU0YUSJUjo=	\N	f	zaineb	Zaineb		zainebwaris99@gmail.com	f	t	2026-06-04 19:58:50.978147+00	resident	other	2	\N	03351077754	\N	f	\N	772	2026-06-20 20:23:37.227491+00	\N	~	1	1	15	1	1	\N	f	f	["missing_training_dates"]
1	pbkdf2_sha256$600000$PvV7WuqNQbRLPFRFPArxBM$WbJDCmSJruCtpFSm2uTpzY+2ptbW4ycHA8H4k0wYCw0=	2026-06-20 22:28:55.00246+00	t	admin	Pilot	Admin	admin@pgsims.local	t	t	2026-05-12 22:04:16+00	admin	\N	\N	\N	\N	\N	f	\N	823	2026-06-20 22:28:55.097817+00	\N	~	\N	\N	\N	\N	1	\N	f	f	[]
1	pbkdf2_sha256$600000$PvV7WuqNQbRLPFRFPArxBM$WbJDCmSJruCtpFSm2uTpzY+2ptbW4ycHA8H4k0wYCw0=	2026-06-20 20:09:19.86406+00	t	admin	Pilot	Admin	admin@pgsims.local	t	t	2026-05-12 22:04:16+00	admin	\N	\N	\N	\N	\N	f	\N	766	2026-06-20 20:09:19.876712+00	\N	~	\N	\N	\N	\N	1	\N	f	f	[]
103	pbkdf2_sha256$600000$X8Cj9uWkqudNFOe3Zc5C6r$jEqp2lOKgf93HXsy+l/snOMrhl7mK6GNECNoh/IbgJQ=	\N	f	superviosr	supervisor	test		f	t	2026-06-20 20:14:29.10867+00	supervisor	\N	\N	\N	\N	\N	f	\N	768	2026-06-20 20:14:29.520251+00	\N	+	1	1	\N	\N	1	\N	f	f	[]
1	pbkdf2_sha256$600000$PvV7WuqNQbRLPFRFPArxBM$WbJDCmSJruCtpFSm2uTpzY+2ptbW4ycHA8H4k0wYCw0=	2026-06-20 23:30:34.033303+00	t	admin	Pilot	Admin	admin@pgsims.local	t	t	2026-05-12 22:04:16+00	admin	\N	\N	\N	\N	\N	f	\N	824	2026-06-20 23:30:34.048242+00	\N	~	\N	\N	\N	\N	1	\N	f	f	[]
1	pbkdf2_sha256$600000$PvV7WuqNQbRLPFRFPArxBM$WbJDCmSJruCtpFSm2uTpzY+2ptbW4ycHA8H4k0wYCw0=	2026-06-20 23:30:41.661566+00	t	admin	Pilot	Admin	admin@pgsims.local	t	t	2026-05-12 22:04:16+00	admin	\N	\N	\N	\N	\N	f	\N	825	2026-06-20 23:30:41.664922+00	\N	~	\N	\N	\N	\N	1	\N	f	f	[]
91	pbkdf2_sha256$600000$FtEtErxWMAiGSh1dWkH43O$H14OriBwh9r7sFOvhJbvP6RelupBp4Ivz4z2PGKSwIo=	\N	f	fatima.riaz	FATIMA	RIAZ	riyasheikh16@gmail.com	f	f	2026-06-04 19:58:51.41392+00	resident	medicine	2	\N	03486200780	\N	f	\N	770	2026-06-20 20:22:35.062178+00	\N	~	1	1	1	1	1	\N	f	f	[]
91	pbkdf2_sha256$600000$FtEtErxWMAiGSh1dWkH43O$H14OriBwh9r7sFOvhJbvP6RelupBp4Ivz4z2PGKSwIo=	\N	f	fatima.riaz	FATIMA	RIAZ	riyasheikh16@gmail.com	f	f	2026-06-04 19:58:51.41392+00	resident	medicine	2	\N	03486200780	\N	f	\N	771	2026-06-20 20:22:35.51623+00	\N	~	1	1	1	1	1	\N	f	f	["missing_training_dates"]
90	pbkdf2_sha256$600000$7ytLfa2R91hVtFBICdfnVE$1rxvdssWLiTonUN7mzgb+rYaAe6jjFnYDKU0YUSJUjo=	\N	f	zaineb	Zaineb		zainebwaris99@gmail.com	f	t	2026-06-04 19:58:50.978147+00	resident	other	2	\N	03351077754	\N	f	\N	788	2026-06-20 20:23:43.133053+00	\N	~	1	1	15	1	1	\N	f	f	["missing_training_dates"]
90	pbkdf2_sha256$600000$7ytLfa2R91hVtFBICdfnVE$1rxvdssWLiTonUN7mzgb+rYaAe6jjFnYDKU0YUSJUjo=	\N	f	zaineb	Zaineb		zainebwaris99@gmail.com	f	t	2026-06-04 19:58:50.978147+00	resident	other	2	\N	03351077754	\N	f	\N	803	2026-06-20 20:23:46.123584+00	\N	~	1	1	15	1	1	\N	f	f	["missing_training_dates"]
98	pbkdf2_sha256$600000$bEVTlyinXZeS0sMBWvjF4s$MkEIY7p6U84Jc9kdc8cHO8rHglk7QpjJPqEgmXLG5ec=	\N	f	syed.ali.arshed	SYED ALI	ARSHED	aliarshed989@gmail.com	f	t	2026-06-04 19:58:54.640476+00	resident	urology	4	\N	03226005411	\N	f	\N	804	2026-06-20 20:23:46.136879+00	\N	~	1	1	2	1	1	\N	f	f	["missing_training_dates"]
96	pbkdf2_sha256$600000$Z0oUdU5NCkdE5RLUUrFAnA$Ev6G3HhtMfQt3vPfxvKAvZgb768DjsmgLFrc+i1bXug=	\N	f	farhan.ali	Farhan	Ali	farhan6279@gmail.com	f	t	2026-06-04 19:58:53.754678+00	resident	medicine	4	\N	03347578265	\N	f	\N	805	2026-06-20 20:23:46.149501+00	\N	~	1	1	1	1	1	\N	f	f	["missing_training_dates"]
95	pbkdf2_sha256$600000$atH0oQ8fIMFxhU36RCbfoT$KXUbyULn1iOltjwLmIbT49duHmY+UAcV7BN9zTYt/+k=	\N	f	areeb.amjad	Areeb	Amjad	areeb2808@gmail.com	f	t	2026-06-04 19:58:53.281542+00	resident	cardiology	1	\N	03244384600	\N	f	\N	806	2026-06-20 20:23:46.165485+00	\N	~	1	1	11	1	1	\N	f	f	["missing_training_dates"]
99	pbkdf2_sha256$600000$PfNMUMwHbE0wclLgCWxfPq$Orqw8icGIAkWVp87mbmoZ9EPybvb06/wjHvN09xFTgg=	\N	f	dr.bullawel.arshad	Dr.Bullawel	Arshad	raja.bilawal.55@gmail.com	f	t	2026-06-04 19:58:55.080029+00	resident	urology	5	\N	03005493568	\N	f	\N	807	2026-06-20 20:23:46.178407+00	\N	~	1	1	2	1	1	\N	f	f	["missing_training_dates"]
97	pbkdf2_sha256$600000$xSfh6aO1gmuNex0bOAtoqD$nzvPkyJbGGtJPeTcq6As/c+yIRuUwfWFMGnEYZIy7MM=	\N	f	muhammad.haris.jamil	Muhammad Haris	Jamil	pdphtt@gmail.com	f	t	2026-06-04 19:58:54.182805+00	resident	medicine	3	\N	03318450661	\N	f	\N	808	2026-06-20 20:23:46.191049+00	\N	~	1	1	1	1	1	\N	f	f	["missing_training_dates"]
100	pbkdf2_sha256$600000$RVEBhKWQQRdGGQ7aVDyjap$9LfyCoVyLZ9nq6eleia4ni0k1GA+xYVikP/XPHY6G6U=	\N	f	faraz.khalid	Faraz	Khalid	frazkhalic@gmail.com	f	t	2026-06-04 19:58:55.571213+00	resident	urology	3	\N	03226093420	\N	f	\N	809	2026-06-20 20:23:46.202873+00	\N	~	1	1	2	1	1	\N	f	f	["missing_training_dates"]
92	pbkdf2_sha256$600000$fDkCoDd9WeFe2vYwUV1Q4J$+xpqogkEpAyxx3iJLsQv+vj2x0HGulv2Ulm2gr+yNc4=	\N	f	manahil.khalil	Manahil	Khalil	minal.nsmc.3361@gmail.com	f	t	2026-06-04 19:58:51.852636+00	resident	medicine	3	\N	03350779131	\N	f	\N	810	2026-06-20 20:23:46.21567+00	\N	~	1	1	1	1	1	\N	f	f	["missing_training_dates"]
101	pbkdf2_sha256$600000$AXF4rDNgDz5kQiT4sQjHd4$tw65VNULVsUCI5Mnkn5XUfw2v+ZeAAbSKA40pBG1I4g=	\N	f	muhammad.muzammil	Muhammad	Muzammil	muzammilibraheem867@gmail.com	f	t	2026-06-04 19:58:56.069588+00	resident	urology	5	\N	03326080486	\N	f	\N	811	2026-06-20 20:23:46.228125+00	\N	~	1	1	2	4	1	\N	f	f	["missing_training_dates"]
91	pbkdf2_sha256$600000$FtEtErxWMAiGSh1dWkH43O$H14OriBwh9r7sFOvhJbvP6RelupBp4Ivz4z2PGKSwIo=	\N	f	fatima.riaz	FATIMA	RIAZ	riyasheikh16@gmail.com	f	f	2026-06-04 19:58:51.41392+00	resident	medicine	2	\N	03486200780	\N	f	\N	812	2026-06-20 20:23:46.241428+00	\N	~	1	1	1	1	1	\N	f	f	["missing_training_dates"]
93	pbkdf2_sha256$600000$AZNE64ybsLywGkmSFtjxuT$XEY2YLWXGbNfpd1TUgXz3YcCxXdepm99zMwXK03bdAg=	\N	f	muhammad.asad.shabbir	Muhammad Asad	Shabbir	asadshabbir777@gmail.com	f	t	2026-06-04 19:58:52.369546+00	resident	medicine	3	\N	03000678701	\N	f	\N	813	2026-06-20 20:23:46.254218+00	\N	~	1	1	1	1	1	\N	f	f	["missing_training_dates"]
89	pbkdf2_sha256$600000$iZyGu89PjuREVLKuWaCnTr$SauEQGMLrXK6eV2q1ItB9W5Yiqmk0uajKTuLS22M9Oo=	\N	f	dr.syed.ali.haziq	syed ali	haziq	haziqali58@gmail.com	f	t	2026-06-04 19:58:50.505249+00	resident	medicine	4	\N	03216608284	\N	f	\N	814	2026-06-20 20:23:46.266572+00	\N	~	1	1	1	1	1	\N	f	f	["missing_training_dates"]
102	pbkdf2_sha256$600000$9vQbh5prh8DpCRxFM6SuNW$CZx+n0td1CFMWhOIpiDQPGfq7vegHe56YPtmF+llzhE=	\N	f	resident	resident	resident		f	t	2026-06-20 20:13:57.342064+00	resident	\N	\N	\N	\N	\N	f	\N	815	2026-06-20 20:23:46.276906+00	\N	~	1	1	\N	\N	1	\N	f	f	["missing_email", "missing_resident_profile", "missing_supervision_dates", "missing_training_dates", "missing_year"]
94	pbkdf2_sha256$600000$xmQ4H19Ig3hFzhKCEwV8qi$C7mITzUjCLTJeVQWc0G6mxEse3BrXcbIBtSrsgRkWwE=	\N	f	muhammad.usman	Muhammad	usman	usmanghuman2001@gmail.com	f	t	2026-06-04 19:58:52.857247+00	resident	medicine	1	\N	03366560110	\N	f	\N	816	2026-06-20 20:23:46.290015+00	\N	~	1	1	1	1	1	\N	f	f	["missing_training_dates"]
1	pbkdf2_sha256$600000$PvV7WuqNQbRLPFRFPArxBM$WbJDCmSJruCtpFSm2uTpzY+2ptbW4ycHA8H4k0wYCw0=	2026-06-20 23:31:03.152241+00	t	admin	Pilot	Admin	admin@pgsims.local	t	t	2026-05-12 22:04:16+00	admin	\N	\N	\N	\N	\N	f	\N	826	2026-06-20 23:31:03.158072+00	\N	~	\N	\N	\N	\N	1	\N	f	f	[]
98	pbkdf2_sha256$600000$bEVTlyinXZeS0sMBWvjF4s$MkEIY7p6U84Jc9kdc8cHO8rHglk7QpjJPqEgmXLG5ec=	\N	f	syed.ali.arshed	SYED ALI	ARSHED	aliarshed989@gmail.com	f	t	2026-06-04 19:58:54.640476+00	resident	urology	4	\N	03226005411	\N	f	\N	773	2026-06-20 20:23:37.241002+00	\N	~	1	1	2	1	1	\N	f	f	["missing_training_dates"]
96	pbkdf2_sha256$600000$Z0oUdU5NCkdE5RLUUrFAnA$Ev6G3HhtMfQt3vPfxvKAvZgb768DjsmgLFrc+i1bXug=	\N	f	farhan.ali	Farhan	Ali	farhan6279@gmail.com	f	t	2026-06-04 19:58:53.754678+00	resident	medicine	4	\N	03347578265	\N	f	\N	774	2026-06-20 20:23:37.281057+00	\N	~	1	1	1	1	1	\N	f	f	["missing_training_dates"]
95	pbkdf2_sha256$600000$atH0oQ8fIMFxhU36RCbfoT$KXUbyULn1iOltjwLmIbT49duHmY+UAcV7BN9zTYt/+k=	\N	f	areeb.amjad	Areeb	Amjad	areeb2808@gmail.com	f	t	2026-06-04 19:58:53.281542+00	resident	cardiology	1	\N	03244384600	\N	f	\N	775	2026-06-20 20:23:37.292364+00	\N	~	1	1	11	1	1	\N	f	f	["missing_training_dates"]
99	pbkdf2_sha256$600000$PfNMUMwHbE0wclLgCWxfPq$Orqw8icGIAkWVp87mbmoZ9EPybvb06/wjHvN09xFTgg=	\N	f	dr.bullawel.arshad	Dr.Bullawel	Arshad	raja.bilawal.55@gmail.com	f	t	2026-06-04 19:58:55.080029+00	resident	urology	5	\N	03005493568	\N	f	\N	776	2026-06-20 20:23:37.303852+00	\N	~	1	1	2	1	1	\N	f	f	["missing_training_dates"]
97	pbkdf2_sha256$600000$xSfh6aO1gmuNex0bOAtoqD$nzvPkyJbGGtJPeTcq6As/c+yIRuUwfWFMGnEYZIy7MM=	\N	f	muhammad.haris.jamil	Muhammad Haris	Jamil	pdphtt@gmail.com	f	t	2026-06-04 19:58:54.182805+00	resident	medicine	3	\N	03318450661	\N	f	\N	777	2026-06-20 20:23:37.315311+00	\N	~	1	1	1	1	1	\N	f	f	["missing_training_dates"]
100	pbkdf2_sha256$600000$RVEBhKWQQRdGGQ7aVDyjap$9LfyCoVyLZ9nq6eleia4ni0k1GA+xYVikP/XPHY6G6U=	\N	f	faraz.khalid	Faraz	Khalid	frazkhalic@gmail.com	f	t	2026-06-04 19:58:55.571213+00	resident	urology	3	\N	03226093420	\N	f	\N	778	2026-06-20 20:23:37.326662+00	\N	~	1	1	2	1	1	\N	f	f	["missing_training_dates"]
92	pbkdf2_sha256$600000$fDkCoDd9WeFe2vYwUV1Q4J$+xpqogkEpAyxx3iJLsQv+vj2x0HGulv2Ulm2gr+yNc4=	\N	f	manahil.khalil	Manahil	Khalil	minal.nsmc.3361@gmail.com	f	t	2026-06-04 19:58:51.852636+00	resident	medicine	3	\N	03350779131	\N	f	\N	779	2026-06-20 20:23:37.338316+00	\N	~	1	1	1	1	1	\N	f	f	["missing_training_dates"]
101	pbkdf2_sha256$600000$AXF4rDNgDz5kQiT4sQjHd4$tw65VNULVsUCI5Mnkn5XUfw2v+ZeAAbSKA40pBG1I4g=	\N	f	muhammad.muzammil	Muhammad	Muzammil	muzammilibraheem867@gmail.com	f	t	2026-06-04 19:58:56.069588+00	resident	urology	5	\N	03326080486	\N	f	\N	780	2026-06-20 20:23:37.349222+00	\N	~	1	1	2	4	1	\N	f	f	["missing_training_dates"]
91	pbkdf2_sha256$600000$FtEtErxWMAiGSh1dWkH43O$H14OriBwh9r7sFOvhJbvP6RelupBp4Ivz4z2PGKSwIo=	\N	f	fatima.riaz	FATIMA	RIAZ	riyasheikh16@gmail.com	f	f	2026-06-04 19:58:51.41392+00	resident	medicine	2	\N	03486200780	\N	f	\N	781	2026-06-20 20:23:37.359905+00	\N	~	1	1	1	1	1	\N	f	f	["missing_training_dates"]
93	pbkdf2_sha256$600000$AZNE64ybsLywGkmSFtjxuT$XEY2YLWXGbNfpd1TUgXz3YcCxXdepm99zMwXK03bdAg=	\N	f	muhammad.asad.shabbir	Muhammad Asad	Shabbir	asadshabbir777@gmail.com	f	t	2026-06-04 19:58:52.369546+00	resident	medicine	3	\N	03000678701	\N	f	\N	782	2026-06-20 20:23:37.371141+00	\N	~	1	1	1	1	1	\N	f	f	["missing_training_dates"]
89	pbkdf2_sha256$600000$iZyGu89PjuREVLKuWaCnTr$SauEQGMLrXK6eV2q1ItB9W5Yiqmk0uajKTuLS22M9Oo=	\N	f	dr.syed.ali.haziq	syed ali	haziq	haziqali58@gmail.com	f	t	2026-06-04 19:58:50.505249+00	resident	medicine	4	\N	03216608284	\N	f	\N	783	2026-06-20 20:23:37.381969+00	\N	~	1	1	1	1	1	\N	f	f	["missing_training_dates"]
102	pbkdf2_sha256$600000$9vQbh5prh8DpCRxFM6SuNW$CZx+n0td1CFMWhOIpiDQPGfq7vegHe56YPtmF+llzhE=	\N	f	resident	resident	resident		f	t	2026-06-20 20:13:57.342064+00	resident	\N	\N	\N	\N	\N	f	\N	784	2026-06-20 20:23:37.392141+00	\N	~	1	1	\N	\N	1	\N	f	f	["missing_email", "missing_resident_profile", "missing_supervision_dates", "missing_training_dates", "missing_year"]
94	pbkdf2_sha256$600000$xmQ4H19Ig3hFzhKCEwV8qi$C7mITzUjCLTJeVQWc0G6mxEse3BrXcbIBtSrsgRkWwE=	\N	f	muhammad.usman	Muhammad	usman	usmanghuman2001@gmail.com	f	t	2026-06-04 19:58:52.857247+00	resident	medicine	1	\N	03366560110	\N	f	\N	785	2026-06-20 20:23:37.403997+00	\N	~	1	1	1	1	1	\N	f	f	["missing_training_dates"]
90	pbkdf2_sha256$600000$7ytLfa2R91hVtFBICdfnVE$1rxvdssWLiTonUN7mzgb+rYaAe6jjFnYDKU0YUSJUjo=	\N	f	zaineb	Zaineb		zainebwaris99@gmail.com	f	t	2026-06-04 19:58:50.978147+00	resident	other	2	\N	03351077754	\N	f	\N	789	2026-06-20 20:23:43.39753+00	\N	~	1	1	15	1	1	\N	f	f	["missing_training_dates"]
98	pbkdf2_sha256$600000$bEVTlyinXZeS0sMBWvjF4s$MkEIY7p6U84Jc9kdc8cHO8rHglk7QpjJPqEgmXLG5ec=	\N	f	syed.ali.arshed	SYED ALI	ARSHED	aliarshed989@gmail.com	f	t	2026-06-04 19:58:54.640476+00	resident	urology	4	\N	03226005411	\N	f	\N	790	2026-06-20 20:23:43.410515+00	\N	~	1	1	2	1	1	\N	f	f	["missing_training_dates"]
96	pbkdf2_sha256$600000$Z0oUdU5NCkdE5RLUUrFAnA$Ev6G3HhtMfQt3vPfxvKAvZgb768DjsmgLFrc+i1bXug=	\N	f	farhan.ali	Farhan	Ali	farhan6279@gmail.com	f	t	2026-06-04 19:58:53.754678+00	resident	medicine	4	\N	03347578265	\N	f	\N	791	2026-06-20 20:23:43.423039+00	\N	~	1	1	1	1	1	\N	f	f	["missing_training_dates"]
95	pbkdf2_sha256$600000$atH0oQ8fIMFxhU36RCbfoT$KXUbyULn1iOltjwLmIbT49duHmY+UAcV7BN9zTYt/+k=	\N	f	areeb.amjad	Areeb	Amjad	areeb2808@gmail.com	f	t	2026-06-04 19:58:53.281542+00	resident	cardiology	1	\N	03244384600	\N	f	\N	792	2026-06-20 20:23:43.435463+00	\N	~	1	1	11	1	1	\N	f	f	["missing_training_dates"]
99	pbkdf2_sha256$600000$PfNMUMwHbE0wclLgCWxfPq$Orqw8icGIAkWVp87mbmoZ9EPybvb06/wjHvN09xFTgg=	\N	f	dr.bullawel.arshad	Dr.Bullawel	Arshad	raja.bilawal.55@gmail.com	f	t	2026-06-04 19:58:55.080029+00	resident	urology	5	\N	03005493568	\N	f	\N	793	2026-06-20 20:23:43.451514+00	\N	~	1	1	2	1	1	\N	f	f	["missing_training_dates"]
97	pbkdf2_sha256$600000$xSfh6aO1gmuNex0bOAtoqD$nzvPkyJbGGtJPeTcq6As/c+yIRuUwfWFMGnEYZIy7MM=	\N	f	muhammad.haris.jamil	Muhammad Haris	Jamil	pdphtt@gmail.com	f	t	2026-06-04 19:58:54.182805+00	resident	medicine	3	\N	03318450661	\N	f	\N	794	2026-06-20 20:23:43.465095+00	\N	~	1	1	1	1	1	\N	f	f	["missing_training_dates"]
100	pbkdf2_sha256$600000$RVEBhKWQQRdGGQ7aVDyjap$9LfyCoVyLZ9nq6eleia4ni0k1GA+xYVikP/XPHY6G6U=	\N	f	faraz.khalid	Faraz	Khalid	frazkhalic@gmail.com	f	t	2026-06-04 19:58:55.571213+00	resident	urology	3	\N	03226093420	\N	f	\N	795	2026-06-20 20:23:43.477057+00	\N	~	1	1	2	1	1	\N	f	f	["missing_training_dates"]
92	pbkdf2_sha256$600000$fDkCoDd9WeFe2vYwUV1Q4J$+xpqogkEpAyxx3iJLsQv+vj2x0HGulv2Ulm2gr+yNc4=	\N	f	manahil.khalil	Manahil	Khalil	minal.nsmc.3361@gmail.com	f	t	2026-06-04 19:58:51.852636+00	resident	medicine	3	\N	03350779131	\N	f	\N	796	2026-06-20 20:23:43.489023+00	\N	~	1	1	1	1	1	\N	f	f	["missing_training_dates"]
101	pbkdf2_sha256$600000$AXF4rDNgDz5kQiT4sQjHd4$tw65VNULVsUCI5Mnkn5XUfw2v+ZeAAbSKA40pBG1I4g=	\N	f	muhammad.muzammil	Muhammad	Muzammil	muzammilibraheem867@gmail.com	f	t	2026-06-04 19:58:56.069588+00	resident	urology	5	\N	03326080486	\N	f	\N	797	2026-06-20 20:23:43.501207+00	\N	~	1	1	2	4	1	\N	f	f	["missing_training_dates"]
91	pbkdf2_sha256$600000$FtEtErxWMAiGSh1dWkH43O$H14OriBwh9r7sFOvhJbvP6RelupBp4Ivz4z2PGKSwIo=	\N	f	fatima.riaz	FATIMA	RIAZ	riyasheikh16@gmail.com	f	f	2026-06-04 19:58:51.41392+00	resident	medicine	2	\N	03486200780	\N	f	\N	798	2026-06-20 20:23:43.514019+00	\N	~	1	1	1	1	1	\N	f	f	["missing_training_dates"]
93	pbkdf2_sha256$600000$AZNE64ybsLywGkmSFtjxuT$XEY2YLWXGbNfpd1TUgXz3YcCxXdepm99zMwXK03bdAg=	\N	f	muhammad.asad.shabbir	Muhammad Asad	Shabbir	asadshabbir777@gmail.com	f	t	2026-06-04 19:58:52.369546+00	resident	medicine	3	\N	03000678701	\N	f	\N	799	2026-06-20 20:23:43.525516+00	\N	~	1	1	1	1	1	\N	f	f	["missing_training_dates"]
90	pbkdf2_sha256$600000$7ytLfa2R91hVtFBICdfnVE$1rxvdssWLiTonUN7mzgb+rYaAe6jjFnYDKU0YUSJUjo=	\N	f	zaineb	Zaineb		zainebwaris99@gmail.com	f	t	2026-06-04 19:58:50.978147+00	resident	other	2	\N	03351077754	\N	f	\N	786	2026-06-20 20:23:42.836329+00	\N	~	1	1	15	1	1	\N	f	f	["missing_training_dates"]
90	pbkdf2_sha256$600000$7ytLfa2R91hVtFBICdfnVE$1rxvdssWLiTonUN7mzgb+rYaAe6jjFnYDKU0YUSJUjo=	\N	f	zaineb	Zaineb		zainebwaris99@gmail.com	f	t	2026-06-04 19:58:50.978147+00	resident	other	2	\N	03351077754	\N	f	\N	787	2026-06-20 20:23:42.86202+00	\N	~	1	1	15	1	1	\N	f	f	["missing_training_dates"]
1	pbkdf2_sha256$600000$PvV7WuqNQbRLPFRFPArxBM$WbJDCmSJruCtpFSm2uTpzY+2ptbW4ycHA8H4k0wYCw0=	2026-06-21 00:12:47.552037+00	t	admin	Pilot	Admin	admin@pgsims.local	t	t	2026-05-12 22:04:16+00	admin	\N	\N	\N	\N	\N	f	\N	827	2026-06-21 00:12:47.568907+00	\N	~	\N	\N	\N	\N	1	\N	f	f	[]
89	pbkdf2_sha256$600000$iZyGu89PjuREVLKuWaCnTr$SauEQGMLrXK6eV2q1ItB9W5Yiqmk0uajKTuLS22M9Oo=	\N	f	dr.syed.ali.haziq	syed ali	haziq	haziqali58@gmail.com	f	t	2026-06-04 19:58:50.505249+00	resident	medicine	4	\N	03216608284	\N	f	\N	800	2026-06-20 20:23:43.536818+00	\N	~	1	1	1	1	1	\N	f	f	["missing_training_dates"]
102	pbkdf2_sha256$600000$9vQbh5prh8DpCRxFM6SuNW$CZx+n0td1CFMWhOIpiDQPGfq7vegHe56YPtmF+llzhE=	\N	f	resident	resident	resident		f	t	2026-06-20 20:13:57.342064+00	resident	\N	\N	\N	\N	\N	f	\N	801	2026-06-20 20:23:43.546276+00	\N	~	1	1	\N	\N	1	\N	f	f	["missing_email", "missing_resident_profile", "missing_supervision_dates", "missing_training_dates", "missing_year"]
94	pbkdf2_sha256$600000$xmQ4H19Ig3hFzhKCEwV8qi$C7mITzUjCLTJeVQWc0G6mxEse3BrXcbIBtSrsgRkWwE=	\N	f	muhammad.usman	Muhammad	usman	usmanghuman2001@gmail.com	f	t	2026-06-04 19:58:52.857247+00	resident	medicine	1	\N	03366560110	\N	f	\N	802	2026-06-20 20:23:43.557525+00	\N	~	1	1	1	1	1	\N	f	f	["missing_training_dates"]
102	pbkdf2_sha256$600000$9vQbh5prh8DpCRxFM6SuNW$CZx+n0td1CFMWhOIpiDQPGfq7vegHe56YPtmF+llzhE=	\N	f	resident	resident	resident		f	t	2026-06-20 20:13:57.342064+00	resident	\N	\N	\N	\N	\N	f	\N	817	2026-06-20 20:24:19.238401+00	\N	~	1	1	\N	\N	1	\N	f	f	["missing_email", "missing_resident_profile", "missing_supervision_dates", "missing_training_dates", "missing_year"]
102	pbkdf2_sha256$600000$9vQbh5prh8DpCRxFM6SuNW$CZx+n0td1CFMWhOIpiDQPGfq7vegHe56YPtmF+llzhE=	\N	f	resident	resident	resident		f	t	2026-06-20 20:13:57.342064+00	resident	\N	\N	\N	\N	\N	f	\N	818	2026-06-20 20:24:19.253144+00	\N	~	1	1	\N	\N	1	\N	f	f	["missing_email", "missing_resident_profile", "missing_supervision_dates", "missing_training_dates", "missing_year"]
1	pbkdf2_sha256$600000$PvV7WuqNQbRLPFRFPArxBM$WbJDCmSJruCtpFSm2uTpzY+2ptbW4ycHA8H4k0wYCw0=	2026-06-20 20:24:42.05154+00	t	admin	Pilot	Admin	admin@pgsims.local	t	t	2026-05-12 22:04:16+00	admin	\N	\N	\N	\N	\N	f	\N	819	2026-06-20 20:24:42.056707+00	\N	~	\N	1	\N	\N	1	\N	f	f	[]
102	pbkdf2_sha256$600000$9vQbh5prh8DpCRxFM6SuNW$CZx+n0td1CFMWhOIpiDQPGfq7vegHe56YPtmF+llzhE=	2026-06-20 20:25:31.269615+00	f	resident	resident	resident		f	t	2026-06-20 20:13:57.342064+00	resident	\N	\N	\N	\N	\N	f	\N	820	2026-06-20 20:25:31.276586+00	\N	~	1	\N	\N	\N	1	\N	f	f	["missing_email", "missing_resident_profile", "missing_supervision_dates", "missing_training_dates", "missing_year"]
1	pbkdf2_sha256$600000$PvV7WuqNQbRLPFRFPArxBM$WbJDCmSJruCtpFSm2uTpzY+2ptbW4ycHA8H4k0wYCw0=	2026-06-20 20:41:01.652922+00	t	admin	Pilot	Admin	admin@pgsims.local	t	t	2026-05-12 22:04:16+00	admin	\N	\N	\N	\N	\N	f	\N	821	2026-06-20 20:41:01.659533+00	\N	~	\N	\N	\N	\N	1	\N	f	f	[]
76	pbkdf2_sha256$600000$V0V0VuJwjokxdgqf4lE26U$dpiF3G8wcoYqT0cw/2rVs2BGvX2i88DjfO32ArVIw+w=	\N	f	pilot_resident	Pilot	Resident	pilot_resident@pgsims.local	f	t	2026-05-30 06:25:09.338458+00	resident	medicine	1	\N	\N	\N	f	\N	728	2026-06-04 19:44:45.851731+00	\N	-	\N	\N	1	1	\N	72	f	f	[]
75	pbkdf2_sha256$600000$IMKIHCNwW3OWU9aPRkTrUj$KMu2mqtK+m+u4AzNHGF5n49ibSKbJ9z3y1KrBa0gqsc=	\N	f	pilot_pg	Pilot	PG	pilot_pg@pgsims.local	f	t	2026-05-30 06:25:08.671175+00	pg	medicine	1	\N	\N	\N	f	\N	729	2026-06-04 19:44:45.855072+00	\N	-	\N	\N	1	1	\N	72	f	f	[]
74	pbkdf2_sha256$600000$jS2ML9zfxAPiSUmCVncIyL$pW16VOELlwTZtRYUvgyOT7OoyB5RGqxLfPrTBNS/HPU=	\N	f	pilot_utrmc_user	Pilot	UTRMC User	pilot_utrmc_user@pgsims.local	f	t	2026-05-30 06:25:08.22028+00	utrmc_user	\N	\N	\N	\N	\N	f	\N	730	2026-06-04 19:44:45.857168+00	\N	-	\N	\N	\N	\N	\N	\N	f	f	[]
73	pbkdf2_sha256$600000$ixdW6zWXgVl4SM7LpZPeIU$HJgY8dWCqghtgA3/sU515PMWow2E/FrPbhpHROWCriU=	\N	f	pilot_utrmc_admin	Pilot	UTRMC Admin	pilot_utrmc_admin@pgsims.local	f	t	2026-05-30 06:25:07.764237+00	utrmc_admin	\N	\N	\N	\N	\N	f	\N	731	2026-06-04 19:44:45.859077+00	\N	-	\N	\N	\N	\N	\N	\N	f	f	[]
72	pbkdf2_sha256$600000$FzAddkED8K2xoWwfNB1xIG$aB/ibXRGYXTOHU7iEG00M/uKWW5wy8/B23KLMSTi0qk=	\N	f	pilot_supervisor	Pilot	Supervisor	pilot_supervisor@pgsims.local	f	t	2026-05-30 06:25:07.326928+00	supervisor	medicine	\N	\N	\N	\N	f	\N	732	2026-06-04 19:44:45.861052+00	\N	-	\N	\N	1	1	\N	\N	f	f	[]
71	pbkdf2_sha256$600000$WftfUFvL4W0fDAVASOVphI$T8norx2lCdYqU4g81SAMgspEclfe8yaobi+RdbAjnEk=	\N	f	negative_role_user	Feature	Negative	negative_role_user@pgsims.local	f	t	2026-05-29 11:09:45.247707+00	pg	medicine	1	\N	\N	\N	f	\N	733	2026-06-04 19:44:45.862947+00	\N	-	\N	\N	1	4	\N	\N	f	f	[]
70	pbkdf2_sha256$600000$LKW7fsw9s3zznui3QOvMZD$kCsDFXjlIxALNVeaERQHPLQelP9oB1YkVWhvpMC5plQ=	\N	f	utrmc_staff_user	Feature	UTRMC Staff	utrmc_staff_user@pgsims.local	f	t	2026-05-29 11:09:44.823077+00	utrmc_user	\N	\N	\N	\N	\N	f	\N	734	2026-06-04 19:44:45.864943+00	\N	-	\N	\N	\N	\N	\N	\N	f	f	[]
69	pbkdf2_sha256$600000$i8xr2Vtp7gmu1IBv4cd7Cl$Bdt2f6i37EBZ7QFtC5aoT6H7CxBASvd6NIQMnBQwDhY=	\N	f	utrmc_admin_user	Feature	UTRMC Admin	utrmc_admin_user@pgsims.local	f	t	2026-05-29 11:09:44.418868+00	utrmc_admin	\N	\N	\N	\N	\N	f	\N	735	2026-06-04 19:44:45.866889+00	\N	-	\N	\N	\N	\N	\N	\N	f	f	[]
68	pbkdf2_sha256$600000$xn4XYPmibQGTGJcCKZqYMb$XTyZO66CNUPI6hgERKJG31b8GxoOssp0MrWw6Ew9XvY=	\N	f	resident_user	Feature	Resident	resident_user@pgsims.local	f	t	2026-05-29 11:09:43.933897+00	pg	surgery	1	\N	\N	\N	f	\N	736	2026-06-04 19:44:45.869007+00	\N	-	\N	\N	2	4	\N	66	f	f	[]
67	pbkdf2_sha256$600000$1sNQH5AB745A5h8fBRivr9$iwZum1Va9mRVvBH6ihXagajy+cTx1KWl/InNKKnB4bI=	\N	f	hod_user	Feature	HOD	hod_user@pgsims.local	f	t	2026-05-29 11:09:43.491724+00	supervisor	surgery	\N	\N	\N	\N	f	\N	737	2026-06-04 19:44:45.870949+00	\N	-	\N	\N	2	4	\N	\N	f	f	[]
66	pbkdf2_sha256$600000$EX5XT0OrsbotY3wnX5q3yp$CHze7O+z43jvj/7YgKZD+Lc7746bCe+sUYHGslfsEdY=	\N	f	supervisor_user	Feature	Supervisor	supervisor_user@pgsims.local	f	t	2026-05-29 11:09:43.077154+00	supervisor	surgery	\N	\N	\N	\N	f	\N	738	2026-06-04 19:44:45.887024+00	\N	-	\N	\N	2	4	\N	\N	f	f	[]
65	pbkdf2_sha256$600000$mG9DPymQzNFFm6D5vAJNhr$208CSg+nwibdXfUzIkM2mO1mk8nrcWlreD9IL4GrL0E=	2026-05-30 23:36:32.985476+00	f	e2e_pg	E2E	PG	e2e_pg@pgsims.local	f	t	2026-05-29 11:09:42.529482+00	pg	surgery	1	\N	\N	\N	f	\N	739	2026-06-04 19:44:45.889465+00	\N	-	\N	\N	2	4	\N	64	f	f	[]
64	pbkdf2_sha256$600000$lJyBv7YUFzDmrkiyYO48O0$mQhbY02Ytni4MDFqWu1v/95NsSRuEEN3nniX6pyXv0c=	2026-05-30 23:36:31.922333+00	f	e2e_supervisor	E2E	Supervisor	e2e_supervisor@pgsims.local	f	t	2026-05-29 11:09:42.103456+00	supervisor	surgery	\N	\N	\N	\N	f	\N	740	2026-06-04 19:44:45.891632+00	\N	-	\N	\N	\N	\N	\N	\N	f	f	[]
63	pbkdf2_sha256$600000$Fgk2nNavCam88QP9H98qEK$qqoBejTmXO/ihEHOobc+tE+XwVPo9gWLBLZxCGB1IQY=	2026-05-30 23:36:23.354198+00	f	e2e_utrmc_admin	E2E	UTRMC Admin	e2e_utrmc_admin@pgsims.local	f	t	2026-05-29 11:09:41.714506+00	utrmc_admin	\N	\N	\N	\N	\N	f	\N	741	2026-06-04 19:44:45.893684+00	\N	-	\N	\N	\N	\N	\N	\N	f	f	[]
62	pbkdf2_sha256$600000$UsVulofVBoYNqevr0fwpA6$yldMU18smg6HCaohVZOVsoIbXlWhoX3ZHVQn4MANZ+0=	\N	f	e2e_utrmc_user	E2E	UTRMC User	e2e_utrmc_user@pgsims.local	f	t	2026-05-29 11:09:41.20587+00	utrmc_user	\N	\N	\N	\N	\N	f	\N	742	2026-06-04 19:44:45.895655+00	\N	-	\N	\N	\N	\N	\N	\N	f	f	[]
1	pbkdf2_sha256$600000$PvV7WuqNQbRLPFRFPArxBM$WbJDCmSJruCtpFSm2uTpzY+2ptbW4ycHA8H4k0wYCw0=	2026-06-20 20:50:01.153169+00	t	admin	Pilot	Admin	admin@pgsims.local	t	t	2026-05-12 22:04:16+00	admin	\N	\N	\N	\N	\N	f	\N	822	2026-06-20 20:50:01.241562+00	\N	~	\N	\N	\N	\N	1	\N	f	f	[]
\.


--
-- Data for Name: users_historicalworkspaceidentity; Type: TABLE DATA; Schema: public; Owner: sims_user
--

COPY public.users_historicalworkspaceidentity (id, public_id, onboarding_status, approved_at, workspace_status, workspace_primary_email, workspace_org_unit_path, workspace_groups, workspace_last_sync_at, workspace_ready_at, workspace_failure_reason, adminops_reference, last_bridge_attempt_at, last_bridge_error, created_at, updated_at, history_id, history_date, history_change_reason, history_type, approved_by_id, history_user_id, user_id) FROM stdin;
\.


--
-- Data for Name: users_hodassignment; Type: TABLE DATA; Schema: public; Owner: sims_user
--

COPY public.users_hodassignment (id, start_date, end_date, active, created_at, updated_at, created_by_id, department_id, hod_user_id, updated_by_id) FROM stdin;
\.


--
-- Data for Name: users_hospitalassignment; Type: TABLE DATA; Schema: public; Owner: sims_user
--

COPY public.users_hospitalassignment (id, assignment_type, start_date, end_date, active, created_at, updated_at, created_by_id, hospital_department_id, updated_by_id, user_id) FROM stdin;
7	faculty_site	2026-01-01	\N	t	2026-06-04 19:58:46.758966+00	2026-06-04 19:58:46.758982+00	1	46	1	80
8	faculty_site	2026-01-01	\N	t	2026-06-04 19:58:47.263845+00	2026-06-04 19:58:47.26386+00	1	46	1	81
9	faculty_site	2026-01-01	\N	t	2026-06-04 19:58:47.760181+00	2026-06-04 19:58:47.760196+00	1	46	1	82
10	faculty_site	2026-01-01	\N	t	2026-06-04 19:58:48.287673+00	2026-06-04 19:58:48.287689+00	1	46	1	83
11	faculty_site	2026-01-01	\N	t	2026-06-04 19:58:48.717186+00	2026-06-04 19:58:48.7172+00	1	1	1	84
12	faculty_site	2026-01-01	\N	t	2026-06-04 19:58:49.161847+00	2026-06-04 19:58:49.161863+00	1	1	1	85
13	faculty_site	2026-01-01	\N	t	2026-06-04 19:58:49.596293+00	2026-06-04 19:58:49.59634+00	1	1	1	86
14	faculty_site	2026-01-01	\N	t	2026-06-04 19:58:50.03302+00	2026-06-04 19:58:50.033038+00	1	1	1	87
15	faculty_site	2026-01-01	\N	t	2026-06-04 19:58:50.492666+00	2026-06-04 19:58:50.492681+00	1	1	1	88
16	primary_training	2023-01-30	\N	t	2026-06-04 19:58:50.966104+00	2026-06-04 19:58:50.966121+00	1	1	1	89
17	primary_training	2024-07-26	\N	t	2026-06-04 19:58:51.401961+00	2026-06-04 19:58:51.401977+00	1	15	1	90
18	primary_training	2024-07-25	\N	t	2026-06-04 19:58:51.841669+00	2026-06-04 19:58:51.841683+00	1	1	1	91
19	primary_training	2024-01-31	\N	t	2026-06-04 19:58:52.355598+00	2026-06-04 19:58:52.355615+00	1	1	1	92
20	primary_training	2023-07-27	\N	t	2026-06-04 19:58:52.846542+00	2026-06-04 19:58:52.846556+00	1	1	1	93
21	primary_training	2026-02-01	\N	t	2026-06-04 19:58:53.270129+00	2026-06-04 19:58:53.270146+00	1	1	1	94
22	primary_training	2026-01-30	\N	t	2026-06-04 19:58:53.74287+00	2026-06-04 19:58:53.742887+00	1	11	1	95
23	primary_training	2023-01-31	\N	t	2026-06-04 19:58:54.171952+00	2026-06-04 19:58:54.171968+00	1	1	1	96
24	primary_training	2024-01-31	\N	t	2026-06-04 19:58:54.615918+00	2026-06-04 19:58:54.615939+00	1	1	1	97
25	primary_training	2022-08-23	\N	t	2026-06-04 19:58:55.06947+00	2026-06-04 19:58:55.069488+00	1	2	1	98
26	primary_training	2023-07-27	\N	t	2026-06-04 19:58:55.556122+00	2026-06-04 19:58:55.556143+00	1	2	1	99
27	primary_training	2024-02-01	\N	t	2026-06-04 19:58:56.058367+00	2026-06-04 19:58:56.058383+00	1	2	1	100
28	primary_training	2026-02-01	\N	t	2026-06-04 19:58:56.48855+00	2026-06-04 19:58:56.488565+00	1	46	1	101
\.


--
-- Data for Name: users_residentprofile; Type: TABLE DATA; Schema: public; Owner: sims_user
--

COPY public.users_residentprofile (id, pgr_id, training_start, training_end, training_level, active, created_at, updated_at, user_id) FROM stdin;
7	Med-2023-035-21454	2023-01-30	2027-01-30	Y4	t	2026-06-04 19:58:50.906735+00	2026-06-04 19:58:50.906748+00	89
9	2024-057-PG-FMU	2024-07-25	2028-07-24	Y2	t	2026-06-04 19:58:51.823747+00	2026-06-04 19:58:51.82376+00	91
10	MED-2024-035-23066	2024-01-31	2028-01-31	Y3	t	2026-06-04 19:58:52.337097+00	2026-06-04 19:58:52.337108+00	92
11	Med-2023-035-22224	2023-07-27	2027-07-26	Y3	t	2026-06-04 19:58:52.828419+00	2026-06-04 19:58:52.828433+00	93
12	PGR-TEMP-006	2026-02-01	2030-01-31	Y1	t	2026-06-04 19:58:53.252328+00	2026-06-04 19:58:53.252345+00	94
13	PGR-TEMP-007	2026-01-30	2031-01-30	Y1	t	2026-06-04 19:58:53.724198+00	2026-06-04 19:58:53.724211+00	95
14	2023-008-PG-FMU	2023-01-31	2027-01-30	Y4	t	2026-06-04 19:58:54.15301+00	2026-06-04 19:58:54.153024+00	96
15	2024-005-PG-FMU	2024-01-31	2028-01-31	Y3	t	2026-06-04 19:58:54.592623+00	2026-06-04 19:58:54.592643+00	97
16	2022-054-PG-FMU	2022-08-23	2027-08-22	Y4	t	2026-06-04 19:58:55.050679+00	2026-06-04 19:58:55.050692+00	98
17	2023-035-PG-FMU	2023-07-27	2028-07-26	Y5	t	2026-06-04 19:58:55.531396+00	2026-06-04 19:58:55.531417+00	99
18	PGR-TEMP-URO-003	2024-02-01	2029-01-31	Y3	t	2026-06-04 19:58:56.040759+00	2026-06-04 19:58:56.040772+00	100
19	PGR-TEMP-URO-004	2026-02-01	2031-01-31	Y5	t	2026-06-04 19:58:56.470909+00	2026-06-04 19:58:56.470921+00	101
8	MED-2024-035-23736	2024-07-26	2029-07-26	Y2	t	2026-06-04 19:58:51.381497+00	2026-06-20 20:23:43.120471+00	90
\.


--
-- Data for Name: users_staffprofile; Type: TABLE DATA; Schema: public; Owner: sims_user
--

COPY public.users_staffprofile (id, designation, phone, active, created_at, updated_at, user_id) FROM stdin;
4	Professor	03001234567	t	2026-06-04 19:58:46.633651+00	2026-06-04 19:58:46.633674+00	80
5	Associate Professor	03001234567	t	2026-06-04 19:58:47.245391+00	2026-06-04 19:58:47.245405+00	81
6	Professor	03001234567	t	2026-06-04 19:58:47.739123+00	2026-06-04 19:58:47.739143+00	82
7	Assistant Professor	03001234567	t	2026-06-04 19:58:48.269167+00	2026-06-04 19:58:48.269181+00	83
8	Professor	03001234567	t	2026-06-04 19:58:48.700595+00	2026-06-04 19:58:48.700608+00	84
9	Associate Professor	03001234567	t	2026-06-04 19:58:49.144119+00	2026-06-04 19:58:49.144132+00	85
10	Assistant Professor	03001234567	t	2026-06-04 19:58:49.577543+00	2026-06-04 19:58:49.577555+00	86
11	Assistant Professor	03001234567	t	2026-06-04 19:58:50.012966+00	2026-06-04 19:58:50.01298+00	87
12	Assistant Professor	03001234567	t	2026-06-04 19:58:50.474011+00	2026-06-04 19:58:50.474026+00	88
\.


--
-- Data for Name: users_supervisorresidentlink; Type: TABLE DATA; Schema: public; Owner: sims_user
--

COPY public.users_supervisorresidentlink (id, start_date, end_date, active, created_at, updated_at, created_by_id, department_id, resident_user_id, supervisor_user_id, updated_by_id, has_default_dates) FROM stdin;
20	2023-01-30	\N	t	2026-06-04 19:58:56.508028+00	2026-06-04 19:58:56.508054+00	1	1	89	84	1	f
21	2024-07-26	\N	t	2026-06-04 19:58:56.692241+00	2026-06-04 19:58:56.692258+00	1	15	90	85	1	f
22	2024-07-25	\N	t	2026-06-04 19:58:56.708092+00	2026-06-04 19:58:56.708109+00	1	1	91	85	1	f
23	2024-01-31	\N	t	2026-06-04 19:58:56.724049+00	2026-06-04 19:58:56.724064+00	1	1	92	85	1	f
24	2023-07-27	\N	t	2026-06-04 19:58:56.73974+00	2026-06-04 19:58:56.739756+00	1	1	93	84	1	f
25	2026-02-01	\N	t	2026-06-04 19:58:56.75541+00	2026-06-04 19:58:56.755425+00	1	1	94	86	1	f
26	2026-01-30	\N	t	2026-06-04 19:58:56.770459+00	2026-06-04 19:58:56.770475+00	1	11	95	84	1	f
27	2023-01-31	\N	t	2026-06-04 19:58:56.787526+00	2026-06-04 19:58:56.787542+00	1	1	96	84	1	f
28	2024-01-31	\N	t	2026-06-04 19:58:56.803427+00	2026-06-04 19:58:56.80345+00	1	1	97	87	1	f
29	2022-08-23	\N	t	2026-06-04 19:58:56.820947+00	2026-06-04 19:58:56.820963+00	1	2	98	81	1	f
30	2023-07-27	\N	t	2026-06-04 19:58:56.836821+00	2026-06-04 19:58:56.836837+00	1	2	99	81	1	f
31	2024-02-01	\N	t	2026-06-04 19:58:56.852012+00	2026-06-04 19:58:56.852028+00	1	2	100	82	1	f
32	2026-02-01	\N	t	2026-06-04 19:58:56.867385+00	2026-06-04 19:58:56.867402+00	1	2	101	81	1	f
\.


--
-- Data for Name: users_user; Type: TABLE DATA; Schema: public; Owner: sims_user
--

COPY public.users_user (id, password, last_login, is_superuser, username, first_name, last_name, email, is_staff, is_active, date_joined, role, specialty, year, registration_number, phone_number, last_login_ip, is_archived, archived_date, created_by_id, home_department_id, home_hospital_id, modified_by_id, supervisor_id, is_complete_profile, has_placeholder_email, data_issues) FROM stdin;
85	pbkdf2_sha256$600000$kI81bUyW5D4SYn9rCktCY2$n4kxE4YWwEn6BpGkHtMe2Dnc4mSWU9Ef79G1iv/XGgM=	\N	f	dr.muhammad.irfan	Muhammad	Irfan	muhammad.irfan@placeholder.example.com	f	t	2026-06-04 19:58:48.730053+00	supervisor	medicine	\N	PMC-SUP-muhammad-irfan	03001234567	\N	f	\N	1	\N	\N	1	\N	f	f	[]
86	pbkdf2_sha256$600000$CdOP89Me41jisCxQlEJYBy$so4dWSEqKxHI0C/FGgmGmeeApnaUu4gZBDpdxLKHfq8=	\N	f	dr.umair.ahmed	Umair	Ahmed	umair.ahmed@placeholder.example.com	f	t	2026-06-04 19:58:49.174245+00	supervisor	medicine	\N	PMC-SUP-umair-ahmed	03001234567	\N	f	\N	1	\N	\N	1	\N	f	f	[]
87	pbkdf2_sha256$600000$yutT6q5j0srkxCFtjC1oSm$X9wrjluuP3aUSDcQHapQSuD1v8oSp+eXVJf/sCMcSMI=	\N	f	dr.muhammad.arif	Muhammad	Arif	muhammad.arif@placeholder.example.com	f	t	2026-06-04 19:58:49.609844+00	supervisor	medicine	\N	PMC-SUP-muhammad-arif	03001234567	\N	f	\N	1	\N	\N	1	\N	f	f	[]
88	pbkdf2_sha256$600000$QVQ9bgZOwYH0p1I7DzIj7P$q1WoR48BGc4RLmT53sl9gwIb3ltzH07iqXBpwBsxATo=	\N	f	dr.shahid.abbas	Shahid	Abbas	shahid.abbas@placeholder.example.com	f	t	2026-06-04 19:58:50.04616+00	supervisor	medicine	\N	PMC-SUP-shahid-abbas	03001234567	\N	f	\N	1	\N	\N	1	\N	f	f	[]
51	pbkdf2_sha256$600000$73qfwCkVGq4ggqAbJZ6NMf$hCqQJUJ3aLadTibHbqqXMtkAHpIiMVrThDcGmv4U7js=	2026-05-30 23:36:22.04364+00	f	e2e_admin	E2E	Admin	e2e_admin@pgsims.local	f	t	2026-05-17 07:09:47.519483+00	admin	\N	\N	\N	\N	\N	f	\N	\N	\N	\N	\N	\N	f	f	[]
80	pbkdf2_sha256$600000$tzNZ0lALx2QnezeBmpLGUz$ngpMNcIejQRU1RfzpRJVFZ/hB1D45lowLfF1t4TXatM=	\N	f	prof.dr.muhammad.akmal	Dr. Muhammad	Akmal	dr.muhammad.akmal@placeholder.example.com	f	t	2026-06-04 19:58:46.097866+00	supervisor	urology	\N	PMC-SUP-dr-muhammad-akmal	03001234567	\N	f	\N	1	\N	\N	1	\N	f	f	[]
81	pbkdf2_sha256$600000$Jet1T7ZN0y5lU0dTkzALNj$2Yt2uRnLY2yGL7L6wbOTw17Lxgzfh3moh785GHDD/FY=	\N	f	dr.muhammad.irfan.munir	Muhammad Irfan	Munir	muhammad.irfan.munir@placeholder.example.com	f	t	2026-06-04 19:58:46.775038+00	supervisor	urology	\N	PMC-SUP-muhammad-irfan-munir	03001234567	\N	f	\N	1	\N	\N	1	\N	f	f	[]
104	pbkdf2_sha256$600000$U8i5y07vypXbhaYPiIH0YY$vPyflzmhiHjpLNfYTGkEoyC24yD/QzKxky3NezM+m0Q=	\N	f	supervisor	supervisor	supervisor		f	t	2026-06-20 20:15:15.238831+00	supervisor	\N	\N	\N	\N	\N	f	\N	1	\N	\N	1	\N	f	f	[]
102	pbkdf2_sha256$600000$9vQbh5prh8DpCRxFM6SuNW$CZx+n0td1CFMWhOIpiDQPGfq7vegHe56YPtmF+llzhE=	2026-06-20 20:25:31.269615+00	f	resident	resident	resident		f	t	2026-06-20 20:13:57.342064+00	resident	\N	\N	\N	\N	\N	f	\N	1	\N	\N	1	\N	f	f	["missing_email", "missing_resident_profile", "missing_supervision_dates", "missing_training_dates", "missing_year"]
82	pbkdf2_sha256$600000$xw5WGA02G6xK8l6lI5X67d$USx/VrAYxMMbPkG0tF/hygk3Ej0BjylKZXMPec4RF9M=	\N	f	prof.dr.m.tahir.bashir.malik	Dr. M. Tahir Bashir	Malik	dr.m.tahir.bashir.malik@placeholder.example.com	f	t	2026-06-04 19:58:47.276271+00	supervisor	urology	\N	PMC-SUP-dr-m-tahir-bashir-malik	03001234567	\N	f	\N	1	\N	\N	1	\N	f	f	[]
83	pbkdf2_sha256$600000$CnwUGe4xNxzjn4XSlDH2yr$8CfaJ1Xm3IVphORFiWLmctSmTHAp5dtnJfEd/UJ2y24=	\N	f	dr.sheraz.javed	Sheraz	Javed	sheraz.javed@placeholder.example.com	f	t	2026-06-04 19:58:47.774973+00	supervisor	urology	\N	PMC-SUP-sheraz-javed	03001234567	\N	f	\N	1	\N	\N	1	\N	f	f	[]
84	pbkdf2_sha256$600000$ieMDYyOAp0TTC1rxY1gKqo$1npE+Xv2wmsORgyBqcCRaQfJPfdnMn9hooRBO3H0HnI=	\N	f	prof.dr.amir.shaukat	Dr. Amir	Shaukat	amir.shaukat@placeholder.example.com	f	t	2026-06-04 19:58:48.300567+00	supervisor	medicine	\N	PMC-SUP-amir-shaukat	03001234567	\N	f	\N	1	\N	\N	1	\N	f	f	[]
1	pbkdf2_sha256$600000$PvV7WuqNQbRLPFRFPArxBM$WbJDCmSJruCtpFSm2uTpzY+2ptbW4ycHA8H4k0wYCw0=	2026-06-21 00:12:47.552037+00	t	admin	Pilot	Admin	admin@pgsims.local	t	t	2026-05-12 22:04:16+00	admin	\N	\N	\N	\N	\N	f	\N	\N	\N	\N	1	\N	f	f	[]
98	pbkdf2_sha256$600000$bEVTlyinXZeS0sMBWvjF4s$MkEIY7p6U84Jc9kdc8cHO8rHglk7QpjJPqEgmXLG5ec=	\N	f	syed.ali.arshed	SYED ALI	ARSHED	aliarshed989@gmail.com	f	t	2026-06-04 19:58:54.640476+00	resident	urology	4	\N	03226005411	\N	f	\N	1	2	1	1	\N	f	f	["missing_training_dates"]
95	pbkdf2_sha256$600000$atH0oQ8fIMFxhU36RCbfoT$KXUbyULn1iOltjwLmIbT49duHmY+UAcV7BN9zTYt/+k=	\N	f	areeb.amjad	Areeb	Amjad	areeb2808@gmail.com	f	t	2026-06-04 19:58:53.281542+00	resident	cardiology	1	\N	03244384600	\N	f	\N	1	11	1	1	\N	f	f	["missing_training_dates"]
99	pbkdf2_sha256$600000$PfNMUMwHbE0wclLgCWxfPq$Orqw8icGIAkWVp87mbmoZ9EPybvb06/wjHvN09xFTgg=	\N	f	dr.bullawel.arshad	Dr.Bullawel	Arshad	raja.bilawal.55@gmail.com	f	t	2026-06-04 19:58:55.080029+00	resident	urology	5	\N	03005493568	\N	f	\N	1	2	1	1	\N	f	f	["missing_training_dates"]
97	pbkdf2_sha256$600000$xSfh6aO1gmuNex0bOAtoqD$nzvPkyJbGGtJPeTcq6As/c+yIRuUwfWFMGnEYZIy7MM=	\N	f	muhammad.haris.jamil	Muhammad Haris	Jamil	pdphtt@gmail.com	f	t	2026-06-04 19:58:54.182805+00	resident	medicine	3	\N	03318450661	\N	f	\N	1	1	1	1	\N	f	f	["missing_training_dates"]
100	pbkdf2_sha256$600000$RVEBhKWQQRdGGQ7aVDyjap$9LfyCoVyLZ9nq6eleia4ni0k1GA+xYVikP/XPHY6G6U=	\N	f	faraz.khalid	Faraz	Khalid	frazkhalic@gmail.com	f	t	2026-06-04 19:58:55.571213+00	resident	urology	3	\N	03226093420	\N	f	\N	1	2	1	1	\N	f	f	["missing_training_dates"]
92	pbkdf2_sha256$600000$fDkCoDd9WeFe2vYwUV1Q4J$+xpqogkEpAyxx3iJLsQv+vj2x0HGulv2Ulm2gr+yNc4=	\N	f	manahil.khalil	Manahil	Khalil	minal.nsmc.3361@gmail.com	f	t	2026-06-04 19:58:51.852636+00	resident	medicine	3	\N	03350779131	\N	f	\N	1	1	1	1	\N	f	f	["missing_training_dates"]
101	pbkdf2_sha256$600000$AXF4rDNgDz5kQiT4sQjHd4$tw65VNULVsUCI5Mnkn5XUfw2v+ZeAAbSKA40pBG1I4g=	\N	f	muhammad.muzammil	Muhammad	Muzammil	muzammilibraheem867@gmail.com	f	t	2026-06-04 19:58:56.069588+00	resident	urology	5	\N	03326080486	\N	f	\N	1	2	4	1	\N	f	f	["missing_training_dates"]
91	pbkdf2_sha256$600000$FtEtErxWMAiGSh1dWkH43O$H14OriBwh9r7sFOvhJbvP6RelupBp4Ivz4z2PGKSwIo=	\N	f	fatima.riaz	FATIMA	RIAZ	riyasheikh16@gmail.com	f	f	2026-06-04 19:58:51.41392+00	resident	medicine	2	\N	03486200780	\N	f	\N	1	1	1	1	\N	f	f	["missing_training_dates"]
93	pbkdf2_sha256$600000$AZNE64ybsLywGkmSFtjxuT$XEY2YLWXGbNfpd1TUgXz3YcCxXdepm99zMwXK03bdAg=	\N	f	muhammad.asad.shabbir	Muhammad Asad	Shabbir	asadshabbir777@gmail.com	f	t	2026-06-04 19:58:52.369546+00	resident	medicine	3	\N	03000678701	\N	f	\N	1	1	1	1	\N	f	f	["missing_training_dates"]
89	pbkdf2_sha256$600000$iZyGu89PjuREVLKuWaCnTr$SauEQGMLrXK6eV2q1ItB9W5Yiqmk0uajKTuLS22M9Oo=	\N	f	dr.syed.ali.haziq	syed ali	haziq	haziqali58@gmail.com	f	t	2026-06-04 19:58:50.505249+00	resident	medicine	4	\N	03216608284	\N	f	\N	1	1	1	1	\N	f	f	["missing_training_dates"]
90	pbkdf2_sha256$600000$7ytLfa2R91hVtFBICdfnVE$1rxvdssWLiTonUN7mzgb+rYaAe6jjFnYDKU0YUSJUjo=	\N	f	zaineb	Zaineb		zainebwaris99@gmail.com	f	t	2026-06-04 19:58:50.978147+00	resident	other	2	\N	03351077754	\N	f	\N	1	15	1	1	\N	f	f	["missing_training_dates"]
96	pbkdf2_sha256$600000$Z0oUdU5NCkdE5RLUUrFAnA$Ev6G3HhtMfQt3vPfxvKAvZgb768DjsmgLFrc+i1bXug=	\N	f	farhan.ali	Farhan	Ali	farhan6279@gmail.com	f	t	2026-06-04 19:58:53.754678+00	resident	medicine	4	\N	03347578265	\N	f	\N	1	1	1	1	\N	f	f	["missing_training_dates"]
103	pbkdf2_sha256$600000$X8Cj9uWkqudNFOe3Zc5C6r$jEqp2lOKgf93HXsy+l/snOMrhl7mK6GNECNoh/IbgJQ=	\N	f	superviosr	supervisor	test		f	t	2026-06-20 20:14:29.10867+00	supervisor	\N	\N	\N	\N	\N	f	\N	1	\N	\N	1	\N	f	f	[]
94	pbkdf2_sha256$600000$xmQ4H19Ig3hFzhKCEwV8qi$C7mITzUjCLTJeVQWc0G6mxEse3BrXcbIBtSrsgRkWwE=	\N	f	muhammad.usman	Muhammad	usman	usmanghuman2001@gmail.com	f	t	2026-06-04 19:58:52.857247+00	resident	medicine	1	\N	03366560110	\N	f	\N	1	1	1	1	\N	f	f	["missing_training_dates"]
\.


--
-- Data for Name: users_user_groups; Type: TABLE DATA; Schema: public; Owner: sims_user
--

COPY public.users_user_groups (id, user_id, group_id) FROM stdin;
1	1	1
\.


--
-- Data for Name: users_user_user_permissions; Type: TABLE DATA; Schema: public; Owner: sims_user
--

COPY public.users_user_user_permissions (id, user_id, permission_id) FROM stdin;
\.


--
-- Data for Name: users_workspacebridgelog; Type: TABLE DATA; Schema: public; Owner: sims_user
--

COPY public.users_workspacebridgelog (id, person_type, external_id, request_id, endpoint, payload_hash, response_status_code, response_body_sanitized, status, error_message, sent_at, created_by_id, identity_id) FROM stdin;
\.


--
-- Data for Name: users_workspaceidentity; Type: TABLE DATA; Schema: public; Owner: sims_user
--

COPY public.users_workspaceidentity (id, public_id, onboarding_status, approved_at, workspace_status, workspace_primary_email, workspace_org_unit_path, workspace_groups, workspace_last_sync_at, workspace_ready_at, workspace_failure_reason, adminops_reference, last_bridge_attempt_at, last_bridge_error, created_at, updated_at, approved_by_id, user_id) FROM stdin;
\.


--
-- Name: academics_department_id_seq; Type: SEQUENCE SET; Schema: public; Owner: sims_user
--

SELECT pg_catalog.setval('public.academics_department_id_seq', 29, true);


--
-- Name: audit_activitylog_id_seq; Type: SEQUENCE SET; Schema: public; Owner: sims_user
--

SELECT pg_catalog.setval('public.audit_activitylog_id_seq', 1527, true);


--
-- Name: audit_auditreport_id_seq; Type: SEQUENCE SET; Schema: public; Owner: sims_user
--

SELECT pg_catalog.setval('public.audit_auditreport_id_seq', 1, false);


--
-- Name: audit_historicalauditreport_history_id_seq; Type: SEQUENCE SET; Schema: public; Owner: sims_user
--

SELECT pg_catalog.setval('public.audit_historicalauditreport_history_id_seq', 1, false);


--
-- Name: auth_group_id_seq; Type: SEQUENCE SET; Schema: public; Owner: sims_user
--

SELECT pg_catalog.setval('public.auth_group_id_seq', 7, true);


--
-- Name: auth_group_permissions_id_seq; Type: SEQUENCE SET; Schema: public; Owner: sims_user
--

SELECT pg_catalog.setval('public.auth_group_permissions_id_seq', 748, true);


--
-- Name: auth_permission_id_seq; Type: SEQUENCE SET; Schema: public; Owner: sims_user
--

SELECT pg_catalog.setval('public.auth_permission_id_seq', 404, true);


--
-- Name: backup_center_backupauditlog_id_seq; Type: SEQUENCE SET; Schema: public; Owner: sims_user
--

SELECT pg_catalog.setval('public.backup_center_backupauditlog_id_seq', 28, true);


--
-- Name: backup_center_backupcloudconnection_id_seq; Type: SEQUENCE SET; Schema: public; Owner: sims_user
--

SELECT pg_catalog.setval('public.backup_center_backupcloudconnection_id_seq', 1, true);


--
-- Name: backup_center_backupcloudcopy_id_seq; Type: SEQUENCE SET; Schema: public; Owner: sims_user
--

SELECT pg_catalog.setval('public.backup_center_backupcloudcopy_id_seq', 3, true);


--
-- Name: backup_center_backupjob_id_seq; Type: SEQUENCE SET; Schema: public; Owner: sims_user
--

SELECT pg_catalog.setval('public.backup_center_backupjob_id_seq', 8, true);


--
-- Name: backup_center_restorejob_id_seq; Type: SEQUENCE SET; Schema: public; Owner: sims_user
--

SELECT pg_catalog.setval('public.backup_center_restorejob_id_seq', 1, false);


--
-- Name: bulk_bulkoperation_id_seq; Type: SEQUENCE SET; Schema: public; Owner: sims_user
--

SELECT pg_catalog.setval('public.bulk_bulkoperation_id_seq', 15, true);


--
-- Name: bulk_flexibleimportaudit_id_seq; Type: SEQUENCE SET; Schema: public; Owner: sims_user
--

SELECT pg_catalog.setval('public.bulk_flexibleimportaudit_id_seq', 4, true);


--
-- Name: bulk_historicalflexibleimportaudit_history_id_seq; Type: SEQUENCE SET; Schema: public; Owner: sims_user
--

SELECT pg_catalog.setval('public.bulk_historicalflexibleimportaudit_history_id_seq', 11, true);


--
-- Name: bulk_historicalmappingpreset_history_id_seq; Type: SEQUENCE SET; Schema: public; Owner: sims_user
--

SELECT pg_catalog.setval('public.bulk_historicalmappingpreset_history_id_seq', 1, false);


--
-- Name: bulk_mappingpreset_id_seq; Type: SEQUENCE SET; Schema: public; Owner: sims_user
--

SELECT pg_catalog.setval('public.bulk_mappingpreset_id_seq', 1, false);


--
-- Name: django_admin_log_id_seq; Type: SEQUENCE SET; Schema: public; Owner: sims_user
--

SELECT pg_catalog.setval('public.django_admin_log_id_seq', 2, true);


--
-- Name: django_celery_beat_clockedschedule_id_seq; Type: SEQUENCE SET; Schema: public; Owner: sims_user
--

SELECT pg_catalog.setval('public.django_celery_beat_clockedschedule_id_seq', 1, false);


--
-- Name: django_celery_beat_crontabschedule_id_seq; Type: SEQUENCE SET; Schema: public; Owner: sims_user
--

SELECT pg_catalog.setval('public.django_celery_beat_crontabschedule_id_seq', 1, true);


--
-- Name: django_celery_beat_intervalschedule_id_seq; Type: SEQUENCE SET; Schema: public; Owner: sims_user
--

SELECT pg_catalog.setval('public.django_celery_beat_intervalschedule_id_seq', 1, false);


--
-- Name: django_celery_beat_periodictask_id_seq; Type: SEQUENCE SET; Schema: public; Owner: sims_user
--

SELECT pg_catalog.setval('public.django_celery_beat_periodictask_id_seq', 1, true);


--
-- Name: django_celery_beat_solarschedule_id_seq; Type: SEQUENCE SET; Schema: public; Owner: sims_user
--

SELECT pg_catalog.setval('public.django_celery_beat_solarschedule_id_seq', 1, false);


--
-- Name: django_content_type_id_seq; Type: SEQUENCE SET; Schema: public; Owner: sims_user
--

SELECT pg_catalog.setval('public.django_content_type_id_seq', 101, true);


--
-- Name: django_migrations_id_seq; Type: SEQUENCE SET; Schema: public; Owner: sims_user
--

SELECT pg_catalog.setval('public.django_migrations_id_seq', 71, true);


--
-- Name: notifications_notification_id_seq; Type: SEQUENCE SET; Schema: public; Owner: sims_user
--

SELECT pg_catalog.setval('public.notifications_notification_id_seq', 1, false);


--
-- Name: notifications_notificationpreference_id_seq; Type: SEQUENCE SET; Schema: public; Owner: sims_user
--

SELECT pg_catalog.setval('public.notifications_notificationpreference_id_seq', 1, false);


--
-- Name: rotations_hospital_id_seq; Type: SEQUENCE SET; Schema: public; Owner: sims_user
--

SELECT pg_catalog.setval('public.rotations_hospital_id_seq', 9, true);


--
-- Name: rotations_hospitaldepartment_id_seq; Type: SEQUENCE SET; Schema: public; Owner: sims_user
--

SELECT pg_catalog.setval('public.rotations_hospitaldepartment_id_seq', 73, true);


--
-- Name: training_deputationposting_id_seq; Type: SEQUENCE SET; Schema: public; Owner: sims_user
--

SELECT pg_catalog.setval('public.training_deputationposting_id_seq', 1, false);


--
-- Name: training_historicaldeputationposting_history_id_seq; Type: SEQUENCE SET; Schema: public; Owner: sims_user
--

SELECT pg_catalog.setval('public.training_historicaldeputationposting_history_id_seq', 1, false);


--
-- Name: training_historicalleaverequest_history_id_seq; Type: SEQUENCE SET; Schema: public; Owner: sims_user
--

SELECT pg_catalog.setval('public.training_historicalleaverequest_history_id_seq', 4, true);


--
-- Name: training_historicallogbookentry_history_id_seq; Type: SEQUENCE SET; Schema: public; Owner: sims_user
--

SELECT pg_catalog.setval('public.training_historicallogbookentry_history_id_seq', 65, true);


--
-- Name: training_historicallogbookreview_history_id_seq; Type: SEQUENCE SET; Schema: public; Owner: sims_user
--

SELECT pg_catalog.setval('public.training_historicallogbookreview_history_id_seq', 24, true);


--
-- Name: training_historicallogbookthresholdconfig_history_id_seq; Type: SEQUENCE SET; Schema: public; Owner: sims_user
--

SELECT pg_catalog.setval('public.training_historicallogbookthresholdconfig_history_id_seq', 43, true);


--
-- Name: training_historicalprogrammilestone_history_id_seq; Type: SEQUENCE SET; Schema: public; Owner: sims_user
--

SELECT pg_catalog.setval('public.training_historicalprogrammilestone_history_id_seq', 50, true);


--
-- Name: training_historicalprogrammilestonelogbookrequir_history_id_seq; Type: SEQUENCE SET; Schema: public; Owner: sims_user
--

SELECT pg_catalog.setval('public.training_historicalprogrammilestonelogbookrequir_history_id_seq', 36, true);


--
-- Name: training_historicalprogrammilestoneresearchrequi_history_id_seq; Type: SEQUENCE SET; Schema: public; Owner: sims_user
--

SELECT pg_catalog.setval('public.training_historicalprogrammilestoneresearchrequi_history_id_seq', 53, true);


--
-- Name: training_historicalprogrammilestoneworkshoprequi_history_id_seq; Type: SEQUENCE SET; Schema: public; Owner: sims_user
--

SELECT pg_catalog.setval('public.training_historicalprogrammilestoneworkshoprequi_history_id_seq', 27, true);


--
-- Name: training_historicalprogrampolicy_history_id_seq; Type: SEQUENCE SET; Schema: public; Owner: sims_user
--

SELECT pg_catalog.setval('public.training_historicalprogrampolicy_history_id_seq', 14, true);


--
-- Name: training_historicalprogramrotationrequirement_history_id_seq; Type: SEQUENCE SET; Schema: public; Owner: sims_user
--

SELECT pg_catalog.setval('public.training_historicalprogramrotationrequirement_history_id_seq', 40, true);


--
-- Name: training_historicalprogramrotationtemplate_history_id_seq; Type: SEQUENCE SET; Schema: public; Owner: sims_user
--

SELECT pg_catalog.setval('public.training_historicalprogramrotationtemplate_history_id_seq', 20, true);


--
-- Name: training_historicalresidentresearchproject_history_id_seq; Type: SEQUENCE SET; Schema: public; Owner: sims_user
--

SELECT pg_catalog.setval('public.training_historicalresidentresearchproject_history_id_seq', 31, true);


--
-- Name: training_historicalresidentsubmission_history_id_seq; Type: SEQUENCE SET; Schema: public; Owner: sims_user
--

SELECT pg_catalog.setval('public.training_historicalresidentsubmission_history_id_seq', 1, false);


--
-- Name: training_historicalresidentthesis_history_id_seq; Type: SEQUENCE SET; Schema: public; Owner: sims_user
--

SELECT pg_catalog.setval('public.training_historicalresidentthesis_history_id_seq', 1, false);


--
-- Name: training_historicalresidenttrainingrecord_history_id_seq; Type: SEQUENCE SET; Schema: public; Owner: sims_user
--

SELECT pg_catalog.setval('public.training_historicalresidenttrainingrecord_history_id_seq', 132, true);


--
-- Name: training_historicalresidentworkshopcompletion_history_id_seq; Type: SEQUENCE SET; Schema: public; Owner: sims_user
--

SELECT pg_catalog.setval('public.training_historicalresidentworkshopcompletion_history_id_seq', 1, false);


--
-- Name: training_historicalrotationassignment_history_id_seq; Type: SEQUENCE SET; Schema: public; Owner: sims_user
--

SELECT pg_catalog.setval('public.training_historicalrotationassignment_history_id_seq', 1, false);


--
-- Name: training_historicalrotationcertificate_history_id_seq; Type: SEQUENCE SET; Schema: public; Owner: sims_user
--

SELECT pg_catalog.setval('public.training_historicalrotationcertificate_history_id_seq', 1, false);


--
-- Name: training_historicalrotationcompletion_history_id_seq; Type: SEQUENCE SET; Schema: public; Owner: sims_user
--

SELECT pg_catalog.setval('public.training_historicalrotationcompletion_history_id_seq', 1, false);


--
-- Name: training_historicalsubmissioncertificate_history_id_seq; Type: SEQUENCE SET; Schema: public; Owner: sims_user
--

SELECT pg_catalog.setval('public.training_historicalsubmissioncertificate_history_id_seq', 1, false);


--
-- Name: training_historicalsubmissiondocument_history_id_seq; Type: SEQUENCE SET; Schema: public; Owner: sims_user
--

SELECT pg_catalog.setval('public.training_historicalsubmissiondocument_history_id_seq', 1, false);


--
-- Name: training_historicalsubmissionrequirementtemplate_history_id_seq; Type: SEQUENCE SET; Schema: public; Owner: sims_user
--

SELECT pg_catalog.setval('public.training_historicalsubmissionrequirementtemplate_history_id_seq', 80, true);


--
-- Name: training_historicalsubmissionreview_history_id_seq; Type: SEQUENCE SET; Schema: public; Owner: sims_user
--

SELECT pg_catalog.setval('public.training_historicalsubmissionreview_history_id_seq', 1, false);


--
-- Name: training_historicaltrainingprogram_history_id_seq; Type: SEQUENCE SET; Schema: public; Owner: sims_user
--

SELECT pg_catalog.setval('public.training_historicaltrainingprogram_history_id_seq', 57, true);


--
-- Name: training_historicalworkshop_history_id_seq; Type: SEQUENCE SET; Schema: public; Owner: sims_user
--

SELECT pg_catalog.setval('public.training_historicalworkshop_history_id_seq', 13, true);


--
-- Name: training_historicalworkshopblock_history_id_seq; Type: SEQUENCE SET; Schema: public; Owner: sims_user
--

SELECT pg_catalog.setval('public.training_historicalworkshopblock_history_id_seq', 1, false);


--
-- Name: training_historicalworkshoprun_history_id_seq; Type: SEQUENCE SET; Schema: public; Owner: sims_user
--

SELECT pg_catalog.setval('public.training_historicalworkshoprun_history_id_seq', 1, false);


--
-- Name: training_leaverequest_id_seq; Type: SEQUENCE SET; Schema: public; Owner: sims_user
--

SELECT pg_catalog.setval('public.training_leaverequest_id_seq', 1, true);


--
-- Name: training_logbookentry_id_seq; Type: SEQUENCE SET; Schema: public; Owner: sims_user
--

SELECT pg_catalog.setval('public.training_logbookentry_id_seq', 17, true);


--
-- Name: training_logbookreview_id_seq; Type: SEQUENCE SET; Schema: public; Owner: sims_user
--

SELECT pg_catalog.setval('public.training_logbookreview_id_seq', 12, true);


--
-- Name: training_logbookthresholdconfig_id_seq; Type: SEQUENCE SET; Schema: public; Owner: sims_user
--

SELECT pg_catalog.setval('public.training_logbookthresholdconfig_id_seq', 8, true);


--
-- Name: training_logbookthresholdsnapshot_id_seq; Type: SEQUENCE SET; Schema: public; Owner: sims_user
--

SELECT pg_catalog.setval('public.training_logbookthresholdsnapshot_id_seq', 21, true);


--
-- Name: training_programmilestone_id_seq; Type: SEQUENCE SET; Schema: public; Owner: sims_user
--

SELECT pg_catalog.setval('public.training_programmilestone_id_seq', 11, true);


--
-- Name: training_programmilestonelogbookrequirement_id_seq; Type: SEQUENCE SET; Schema: public; Owner: sims_user
--

SELECT pg_catalog.setval('public.training_programmilestonelogbookrequirement_id_seq', 24, true);


--
-- Name: training_programmilestoneresearchrequirement_id_seq; Type: SEQUENCE SET; Schema: public; Owner: sims_user
--

SELECT pg_catalog.setval('public.training_programmilestoneresearchrequirement_id_seq', 11, true);


--
-- Name: training_programmilestoneworkshoprequirement_id_seq; Type: SEQUENCE SET; Schema: public; Owner: sims_user
--

SELECT pg_catalog.setval('public.training_programmilestoneworkshoprequirement_id_seq', 18, true);


--
-- Name: training_programpolicy_id_seq; Type: SEQUENCE SET; Schema: public; Owner: sims_user
--

SELECT pg_catalog.setval('public.training_programpolicy_id_seq', 6, true);


--
-- Name: training_programrotationrequirement_id_seq; Type: SEQUENCE SET; Schema: public; Owner: sims_user
--

SELECT pg_catalog.setval('public.training_programrotationrequirement_id_seq', 18, true);


--
-- Name: training_programrotationtemplate_allowed_hospitals_id_seq; Type: SEQUENCE SET; Schema: public; Owner: sims_user
--

SELECT pg_catalog.setval('public.training_programrotationtemplate_allowed_hospitals_id_seq', 60, true);


--
-- Name: training_programrotationtemplate_id_seq; Type: SEQUENCE SET; Schema: public; Owner: sims_user
--

SELECT pg_catalog.setval('public.training_programrotationtemplate_id_seq', 15, true);


--
-- Name: training_residentmilestoneeligibility_id_seq; Type: SEQUENCE SET; Schema: public; Owner: sims_user
--

SELECT pg_catalog.setval('public.training_residentmilestoneeligibility_id_seq', 23, true);


--
-- Name: training_residentresearchproject_id_seq; Type: SEQUENCE SET; Schema: public; Owner: sims_user
--

SELECT pg_catalog.setval('public.training_residentresearchproject_id_seq', 7, true);


--
-- Name: training_residentsubmission_id_seq; Type: SEQUENCE SET; Schema: public; Owner: sims_user
--

SELECT pg_catalog.setval('public.training_residentsubmission_id_seq', 1, false);


--
-- Name: training_residentthesis_id_seq; Type: SEQUENCE SET; Schema: public; Owner: sims_user
--

SELECT pg_catalog.setval('public.training_residentthesis_id_seq', 1, false);


--
-- Name: training_residenttrainingrecord_id_seq; Type: SEQUENCE SET; Schema: public; Owner: sims_user
--

SELECT pg_catalog.setval('public.training_residenttrainingrecord_id_seq', 31, true);


--
-- Name: training_residentworkshopcompletion_id_seq; Type: SEQUENCE SET; Schema: public; Owner: sims_user
--

SELECT pg_catalog.setval('public.training_residentworkshopcompletion_id_seq', 1, false);


--
-- Name: training_rotationassignment_id_seq; Type: SEQUENCE SET; Schema: public; Owner: sims_user
--

SELECT pg_catalog.setval('public.training_rotationassignment_id_seq', 1, false);


--
-- Name: training_rotationcertificate_id_seq; Type: SEQUENCE SET; Schema: public; Owner: sims_user
--

SELECT pg_catalog.setval('public.training_rotationcertificate_id_seq', 1, false);


--
-- Name: training_rotationcompletion_id_seq; Type: SEQUENCE SET; Schema: public; Owner: sims_user
--

SELECT pg_catalog.setval('public.training_rotationcompletion_id_seq', 1, false);


--
-- Name: training_submissioncertificate_id_seq; Type: SEQUENCE SET; Schema: public; Owner: sims_user
--

SELECT pg_catalog.setval('public.training_submissioncertificate_id_seq', 1, false);


--
-- Name: training_submissiondocument_id_seq; Type: SEQUENCE SET; Schema: public; Owner: sims_user
--

SELECT pg_catalog.setval('public.training_submissiondocument_id_seq', 1, false);


--
-- Name: training_submissionrequirementtemplate_id_seq; Type: SEQUENCE SET; Schema: public; Owner: sims_user
--

SELECT pg_catalog.setval('public.training_submissionrequirementtemplate_id_seq', 12, true);


--
-- Name: training_submissionreview_id_seq; Type: SEQUENCE SET; Schema: public; Owner: sims_user
--

SELECT pg_catalog.setval('public.training_submissionreview_id_seq', 1, false);


--
-- Name: training_trainingprogram_id_seq; Type: SEQUENCE SET; Schema: public; Owner: sims_user
--

SELECT pg_catalog.setval('public.training_trainingprogram_id_seq', 15, true);


--
-- Name: training_workshop_id_seq; Type: SEQUENCE SET; Schema: public; Owner: sims_user
--

SELECT pg_catalog.setval('public.training_workshop_id_seq', 7, true);


--
-- Name: training_workshopblock_id_seq; Type: SEQUENCE SET; Schema: public; Owner: sims_user
--

SELECT pg_catalog.setval('public.training_workshopblock_id_seq', 1, false);


--
-- Name: training_workshoprun_id_seq; Type: SEQUENCE SET; Schema: public; Owner: sims_user
--

SELECT pg_catalog.setval('public.training_workshoprun_id_seq', 1, false);


--
-- Name: users_datacorrectionaudit_id_seq; Type: SEQUENCE SET; Schema: public; Owner: sims_user
--

SELECT pg_catalog.setval('public.users_datacorrectionaudit_id_seq', 1, false);


--
-- Name: users_departmentmembership_id_seq; Type: SEQUENCE SET; Schema: public; Owner: sims_user
--

SELECT pg_catalog.setval('public.users_departmentmembership_id_seq', 51, true);


--
-- Name: users_historicaluser_history_id_seq; Type: SEQUENCE SET; Schema: public; Owner: sims_user
--

SELECT pg_catalog.setval('public.users_historicaluser_history_id_seq', 827, true);


--
-- Name: users_historicalworkspaceidentity_history_id_seq; Type: SEQUENCE SET; Schema: public; Owner: sims_user
--

SELECT pg_catalog.setval('public.users_historicalworkspaceidentity_history_id_seq', 1, false);


--
-- Name: users_hodassignment_id_seq; Type: SEQUENCE SET; Schema: public; Owner: sims_user
--

SELECT pg_catalog.setval('public.users_hodassignment_id_seq', 7, true);


--
-- Name: users_hospitalassignment_id_seq; Type: SEQUENCE SET; Schema: public; Owner: sims_user
--

SELECT pg_catalog.setval('public.users_hospitalassignment_id_seq', 28, true);


--
-- Name: users_residentprofile_id_seq; Type: SEQUENCE SET; Schema: public; Owner: sims_user
--

SELECT pg_catalog.setval('public.users_residentprofile_id_seq', 19, true);


--
-- Name: users_staffprofile_id_seq; Type: SEQUENCE SET; Schema: public; Owner: sims_user
--

SELECT pg_catalog.setval('public.users_staffprofile_id_seq', 12, true);


--
-- Name: users_supervisorresidentlink_id_seq; Type: SEQUENCE SET; Schema: public; Owner: sims_user
--

SELECT pg_catalog.setval('public.users_supervisorresidentlink_id_seq', 32, true);


--
-- Name: users_user_groups_id_seq; Type: SEQUENCE SET; Schema: public; Owner: sims_user
--

SELECT pg_catalog.setval('public.users_user_groups_id_seq', 2, true);


--
-- Name: users_user_id_seq; Type: SEQUENCE SET; Schema: public; Owner: sims_user
--

SELECT pg_catalog.setval('public.users_user_id_seq', 104, true);


--
-- Name: users_user_user_permissions_id_seq; Type: SEQUENCE SET; Schema: public; Owner: sims_user
--

SELECT pg_catalog.setval('public.users_user_user_permissions_id_seq', 1, false);


--
-- Name: users_workspacebridgelog_id_seq; Type: SEQUENCE SET; Schema: public; Owner: sims_user
--

SELECT pg_catalog.setval('public.users_workspacebridgelog_id_seq', 1, false);


--
-- Name: users_workspaceidentity_id_seq; Type: SEQUENCE SET; Schema: public; Owner: sims_user
--

SELECT pg_catalog.setval('public.users_workspaceidentity_id_seq', 1, false);


--
-- Name: academics_department academics_department_code_key; Type: CONSTRAINT; Schema: public; Owner: sims_user
--

ALTER TABLE ONLY public.academics_department
    ADD CONSTRAINT academics_department_code_key UNIQUE (code);


--
-- Name: academics_department academics_department_name_key; Type: CONSTRAINT; Schema: public; Owner: sims_user
--

ALTER TABLE ONLY public.academics_department
    ADD CONSTRAINT academics_department_name_key UNIQUE (name);


--
-- Name: academics_department academics_department_pkey; Type: CONSTRAINT; Schema: public; Owner: sims_user
--

ALTER TABLE ONLY public.academics_department
    ADD CONSTRAINT academics_department_pkey PRIMARY KEY (id);


--
-- Name: audit_activitylog audit_activitylog_pkey; Type: CONSTRAINT; Schema: public; Owner: sims_user
--

ALTER TABLE ONLY public.audit_activitylog
    ADD CONSTRAINT audit_activitylog_pkey PRIMARY KEY (id);


--
-- Name: audit_auditreport audit_auditreport_pkey; Type: CONSTRAINT; Schema: public; Owner: sims_user
--

ALTER TABLE ONLY public.audit_auditreport
    ADD CONSTRAINT audit_auditreport_pkey PRIMARY KEY (id);


--
-- Name: audit_auditreport audit_auditreport_start_end_created_by_id_08afbdb1_uniq; Type: CONSTRAINT; Schema: public; Owner: sims_user
--

ALTER TABLE ONLY public.audit_auditreport
    ADD CONSTRAINT audit_auditreport_start_end_created_by_id_08afbdb1_uniq UNIQUE (start, "end", created_by_id);


--
-- Name: audit_historicalauditreport audit_historicalauditreport_pkey; Type: CONSTRAINT; Schema: public; Owner: sims_user
--

ALTER TABLE ONLY public.audit_historicalauditreport
    ADD CONSTRAINT audit_historicalauditreport_pkey PRIMARY KEY (history_id);


--
-- Name: auth_group auth_group_name_key; Type: CONSTRAINT; Schema: public; Owner: sims_user
--

ALTER TABLE ONLY public.auth_group
    ADD CONSTRAINT auth_group_name_key UNIQUE (name);


--
-- Name: auth_group_permissions auth_group_permissions_group_id_permission_id_0cd325b0_uniq; Type: CONSTRAINT; Schema: public; Owner: sims_user
--

ALTER TABLE ONLY public.auth_group_permissions
    ADD CONSTRAINT auth_group_permissions_group_id_permission_id_0cd325b0_uniq UNIQUE (group_id, permission_id);


--
-- Name: auth_group_permissions auth_group_permissions_pkey; Type: CONSTRAINT; Schema: public; Owner: sims_user
--

ALTER TABLE ONLY public.auth_group_permissions
    ADD CONSTRAINT auth_group_permissions_pkey PRIMARY KEY (id);


--
-- Name: auth_group auth_group_pkey; Type: CONSTRAINT; Schema: public; Owner: sims_user
--

ALTER TABLE ONLY public.auth_group
    ADD CONSTRAINT auth_group_pkey PRIMARY KEY (id);


--
-- Name: auth_permission auth_permission_content_type_id_codename_01ab375a_uniq; Type: CONSTRAINT; Schema: public; Owner: sims_user
--

ALTER TABLE ONLY public.auth_permission
    ADD CONSTRAINT auth_permission_content_type_id_codename_01ab375a_uniq UNIQUE (content_type_id, codename);


--
-- Name: auth_permission auth_permission_pkey; Type: CONSTRAINT; Schema: public; Owner: sims_user
--

ALTER TABLE ONLY public.auth_permission
    ADD CONSTRAINT auth_permission_pkey PRIMARY KEY (id);


--
-- Name: backup_center_backupauditlog backup_center_backupauditlog_pkey; Type: CONSTRAINT; Schema: public; Owner: sims_user
--

ALTER TABLE ONLY public.backup_center_backupauditlog
    ADD CONSTRAINT backup_center_backupauditlog_pkey PRIMARY KEY (id);


--
-- Name: backup_center_backupcloudconnection backup_center_backupcloudconnection_pkey; Type: CONSTRAINT; Schema: public; Owner: sims_user
--

ALTER TABLE ONLY public.backup_center_backupcloudconnection
    ADD CONSTRAINT backup_center_backupcloudconnection_pkey PRIMARY KEY (id);


--
-- Name: backup_center_backupcloudconnection backup_center_backupcloudconnection_provider_key; Type: CONSTRAINT; Schema: public; Owner: sims_user
--

ALTER TABLE ONLY public.backup_center_backupcloudconnection
    ADD CONSTRAINT backup_center_backupcloudconnection_provider_key UNIQUE (provider);


--
-- Name: backup_center_backupcloudcopy backup_center_backupcloudcopy_pkey; Type: CONSTRAINT; Schema: public; Owner: sims_user
--

ALTER TABLE ONLY public.backup_center_backupcloudcopy
    ADD CONSTRAINT backup_center_backupcloudcopy_pkey PRIMARY KEY (id);


--
-- Name: backup_center_backupjob backup_center_backupjob_pkey; Type: CONSTRAINT; Schema: public; Owner: sims_user
--

ALTER TABLE ONLY public.backup_center_backupjob
    ADD CONSTRAINT backup_center_backupjob_pkey PRIMARY KEY (id);


--
-- Name: backup_center_restorejob backup_center_restorejob_pkey; Type: CONSTRAINT; Schema: public; Owner: sims_user
--

ALTER TABLE ONLY public.backup_center_restorejob
    ADD CONSTRAINT backup_center_restorejob_pkey PRIMARY KEY (id);


--
-- Name: bulk_bulkoperation bulk_bulkoperation_pkey; Type: CONSTRAINT; Schema: public; Owner: sims_user
--

ALTER TABLE ONLY public.bulk_bulkoperation
    ADD CONSTRAINT bulk_bulkoperation_pkey PRIMARY KEY (id);


--
-- Name: bulk_flexibleimportaudit bulk_flexibleimportaudit_pkey; Type: CONSTRAINT; Schema: public; Owner: sims_user
--

ALTER TABLE ONLY public.bulk_flexibleimportaudit
    ADD CONSTRAINT bulk_flexibleimportaudit_pkey PRIMARY KEY (id);


--
-- Name: bulk_historicalflexibleimportaudit bulk_historicalflexibleimportaudit_pkey; Type: CONSTRAINT; Schema: public; Owner: sims_user
--

ALTER TABLE ONLY public.bulk_historicalflexibleimportaudit
    ADD CONSTRAINT bulk_historicalflexibleimportaudit_pkey PRIMARY KEY (history_id);


--
-- Name: bulk_historicalmappingpreset bulk_historicalmappingpreset_pkey; Type: CONSTRAINT; Schema: public; Owner: sims_user
--

ALTER TABLE ONLY public.bulk_historicalmappingpreset
    ADD CONSTRAINT bulk_historicalmappingpreset_pkey PRIMARY KEY (history_id);


--
-- Name: bulk_mappingpreset bulk_mappingpreset_name_created_by_id_entity_8bc9b0bf_uniq; Type: CONSTRAINT; Schema: public; Owner: sims_user
--

ALTER TABLE ONLY public.bulk_mappingpreset
    ADD CONSTRAINT bulk_mappingpreset_name_created_by_id_entity_8bc9b0bf_uniq UNIQUE (name, created_by_id, entity);


--
-- Name: bulk_mappingpreset bulk_mappingpreset_pkey; Type: CONSTRAINT; Schema: public; Owner: sims_user
--

ALTER TABLE ONLY public.bulk_mappingpreset
    ADD CONSTRAINT bulk_mappingpreset_pkey PRIMARY KEY (id);


--
-- Name: django_admin_log django_admin_log_pkey; Type: CONSTRAINT; Schema: public; Owner: sims_user
--

ALTER TABLE ONLY public.django_admin_log
    ADD CONSTRAINT django_admin_log_pkey PRIMARY KEY (id);


--
-- Name: django_celery_beat_clockedschedule django_celery_beat_clockedschedule_pkey; Type: CONSTRAINT; Schema: public; Owner: sims_user
--

ALTER TABLE ONLY public.django_celery_beat_clockedschedule
    ADD CONSTRAINT django_celery_beat_clockedschedule_pkey PRIMARY KEY (id);


--
-- Name: django_celery_beat_crontabschedule django_celery_beat_crontabschedule_pkey; Type: CONSTRAINT; Schema: public; Owner: sims_user
--

ALTER TABLE ONLY public.django_celery_beat_crontabschedule
    ADD CONSTRAINT django_celery_beat_crontabschedule_pkey PRIMARY KEY (id);


--
-- Name: django_celery_beat_intervalschedule django_celery_beat_intervalschedule_pkey; Type: CONSTRAINT; Schema: public; Owner: sims_user
--

ALTER TABLE ONLY public.django_celery_beat_intervalschedule
    ADD CONSTRAINT django_celery_beat_intervalschedule_pkey PRIMARY KEY (id);


--
-- Name: django_celery_beat_periodictask django_celery_beat_periodictask_name_key; Type: CONSTRAINT; Schema: public; Owner: sims_user
--

ALTER TABLE ONLY public.django_celery_beat_periodictask
    ADD CONSTRAINT django_celery_beat_periodictask_name_key UNIQUE (name);


--
-- Name: django_celery_beat_periodictask django_celery_beat_periodictask_pkey; Type: CONSTRAINT; Schema: public; Owner: sims_user
--

ALTER TABLE ONLY public.django_celery_beat_periodictask
    ADD CONSTRAINT django_celery_beat_periodictask_pkey PRIMARY KEY (id);


--
-- Name: django_celery_beat_periodictasks django_celery_beat_periodictasks_pkey; Type: CONSTRAINT; Schema: public; Owner: sims_user
--

ALTER TABLE ONLY public.django_celery_beat_periodictasks
    ADD CONSTRAINT django_celery_beat_periodictasks_pkey PRIMARY KEY (ident);


--
-- Name: django_celery_beat_solarschedule django_celery_beat_solar_event_latitude_longitude_ba64999a_uniq; Type: CONSTRAINT; Schema: public; Owner: sims_user
--

ALTER TABLE ONLY public.django_celery_beat_solarschedule
    ADD CONSTRAINT django_celery_beat_solar_event_latitude_longitude_ba64999a_uniq UNIQUE (event, latitude, longitude);


--
-- Name: django_celery_beat_solarschedule django_celery_beat_solarschedule_pkey; Type: CONSTRAINT; Schema: public; Owner: sims_user
--

ALTER TABLE ONLY public.django_celery_beat_solarschedule
    ADD CONSTRAINT django_celery_beat_solarschedule_pkey PRIMARY KEY (id);


--
-- Name: django_content_type django_content_type_app_label_model_76bd3d3b_uniq; Type: CONSTRAINT; Schema: public; Owner: sims_user
--

ALTER TABLE ONLY public.django_content_type
    ADD CONSTRAINT django_content_type_app_label_model_76bd3d3b_uniq UNIQUE (app_label, model);


--
-- Name: django_content_type django_content_type_pkey; Type: CONSTRAINT; Schema: public; Owner: sims_user
--

ALTER TABLE ONLY public.django_content_type
    ADD CONSTRAINT django_content_type_pkey PRIMARY KEY (id);


--
-- Name: django_migrations django_migrations_pkey; Type: CONSTRAINT; Schema: public; Owner: sims_user
--

ALTER TABLE ONLY public.django_migrations
    ADD CONSTRAINT django_migrations_pkey PRIMARY KEY (id);


--
-- Name: django_session django_session_pkey; Type: CONSTRAINT; Schema: public; Owner: sims_user
--

ALTER TABLE ONLY public.django_session
    ADD CONSTRAINT django_session_pkey PRIMARY KEY (session_key);


--
-- Name: notifications_notification notifications_notification_pkey; Type: CONSTRAINT; Schema: public; Owner: sims_user
--

ALTER TABLE ONLY public.notifications_notification
    ADD CONSTRAINT notifications_notification_pkey PRIMARY KEY (id);


--
-- Name: notifications_notificationpreference notifications_notificationpreference_pkey; Type: CONSTRAINT; Schema: public; Owner: sims_user
--

ALTER TABLE ONLY public.notifications_notificationpreference
    ADD CONSTRAINT notifications_notificationpreference_pkey PRIMARY KEY (id);


--
-- Name: notifications_notificationpreference notifications_notificationpreference_user_id_key; Type: CONSTRAINT; Schema: public; Owner: sims_user
--

ALTER TABLE ONLY public.notifications_notificationpreference
    ADD CONSTRAINT notifications_notificationpreference_user_id_key UNIQUE (user_id);


--
-- Name: rotations_hospital rotations_hospital_code_key; Type: CONSTRAINT; Schema: public; Owner: sims_user
--

ALTER TABLE ONLY public.rotations_hospital
    ADD CONSTRAINT rotations_hospital_code_key UNIQUE (code);


--
-- Name: rotations_hospital rotations_hospital_pkey; Type: CONSTRAINT; Schema: public; Owner: sims_user
--

ALTER TABLE ONLY public.rotations_hospital
    ADD CONSTRAINT rotations_hospital_pkey PRIMARY KEY (id);


--
-- Name: rotations_hospitaldepartment rotations_hospitaldepartment_pkey; Type: CONSTRAINT; Schema: public; Owner: sims_user
--

ALTER TABLE ONLY public.rotations_hospitaldepartment
    ADD CONSTRAINT rotations_hospitaldepartment_pkey PRIMARY KEY (id);


--
-- Name: training_deputationposting training_deputationposting_pkey; Type: CONSTRAINT; Schema: public; Owner: sims_user
--

ALTER TABLE ONLY public.training_deputationposting
    ADD CONSTRAINT training_deputationposting_pkey PRIMARY KEY (id);


--
-- Name: training_historicaldeputationposting training_historicaldeputationposting_pkey; Type: CONSTRAINT; Schema: public; Owner: sims_user
--

ALTER TABLE ONLY public.training_historicaldeputationposting
    ADD CONSTRAINT training_historicaldeputationposting_pkey PRIMARY KEY (history_id);


--
-- Name: training_historicalleaverequest training_historicalleaverequest_pkey; Type: CONSTRAINT; Schema: public; Owner: sims_user
--

ALTER TABLE ONLY public.training_historicalleaverequest
    ADD CONSTRAINT training_historicalleaverequest_pkey PRIMARY KEY (history_id);


--
-- Name: training_historicallogbookentry training_historicallogbookentry_pkey; Type: CONSTRAINT; Schema: public; Owner: sims_user
--

ALTER TABLE ONLY public.training_historicallogbookentry
    ADD CONSTRAINT training_historicallogbookentry_pkey PRIMARY KEY (history_id);


--
-- Name: training_historicallogbookreview training_historicallogbookreview_pkey; Type: CONSTRAINT; Schema: public; Owner: sims_user
--

ALTER TABLE ONLY public.training_historicallogbookreview
    ADD CONSTRAINT training_historicallogbookreview_pkey PRIMARY KEY (history_id);


--
-- Name: training_historicallogbookthresholdconfig training_historicallogbookthresholdconfig_pkey; Type: CONSTRAINT; Schema: public; Owner: sims_user
--

ALTER TABLE ONLY public.training_historicallogbookthresholdconfig
    ADD CONSTRAINT training_historicallogbookthresholdconfig_pkey PRIMARY KEY (history_id);


--
-- Name: training_historicalprogrammilestone training_historicalprogrammilestone_pkey; Type: CONSTRAINT; Schema: public; Owner: sims_user
--

ALTER TABLE ONLY public.training_historicalprogrammilestone
    ADD CONSTRAINT training_historicalprogrammilestone_pkey PRIMARY KEY (history_id);


--
-- Name: training_historicalprogrammilestonelogbookrequirement training_historicalprogrammilestonelogbookrequirement_pkey; Type: CONSTRAINT; Schema: public; Owner: sims_user
--

ALTER TABLE ONLY public.training_historicalprogrammilestonelogbookrequirement
    ADD CONSTRAINT training_historicalprogrammilestonelogbookrequirement_pkey PRIMARY KEY (history_id);


--
-- Name: training_historicalprogrammilestoneresearchrequirement training_historicalprogrammilestoneresearchrequirement_pkey; Type: CONSTRAINT; Schema: public; Owner: sims_user
--

ALTER TABLE ONLY public.training_historicalprogrammilestoneresearchrequirement
    ADD CONSTRAINT training_historicalprogrammilestoneresearchrequirement_pkey PRIMARY KEY (history_id);


--
-- Name: training_historicalprogrammilestoneworkshoprequirement training_historicalprogrammilestoneworkshoprequirement_pkey; Type: CONSTRAINT; Schema: public; Owner: sims_user
--

ALTER TABLE ONLY public.training_historicalprogrammilestoneworkshoprequirement
    ADD CONSTRAINT training_historicalprogrammilestoneworkshoprequirement_pkey PRIMARY KEY (history_id);


--
-- Name: training_historicalprogrampolicy training_historicalprogrampolicy_pkey; Type: CONSTRAINT; Schema: public; Owner: sims_user
--

ALTER TABLE ONLY public.training_historicalprogrampolicy
    ADD CONSTRAINT training_historicalprogrampolicy_pkey PRIMARY KEY (history_id);


--
-- Name: training_historicalprogramrotationrequirement training_historicalprogramrotationrequirement_pkey; Type: CONSTRAINT; Schema: public; Owner: sims_user
--

ALTER TABLE ONLY public.training_historicalprogramrotationrequirement
    ADD CONSTRAINT training_historicalprogramrotationrequirement_pkey PRIMARY KEY (history_id);


--
-- Name: training_historicalprogramrotationtemplate training_historicalprogramrotationtemplate_pkey; Type: CONSTRAINT; Schema: public; Owner: sims_user
--

ALTER TABLE ONLY public.training_historicalprogramrotationtemplate
    ADD CONSTRAINT training_historicalprogramrotationtemplate_pkey PRIMARY KEY (history_id);


--
-- Name: training_historicalresidentresearchproject training_historicalresidentresearchproject_pkey; Type: CONSTRAINT; Schema: public; Owner: sims_user
--

ALTER TABLE ONLY public.training_historicalresidentresearchproject
    ADD CONSTRAINT training_historicalresidentresearchproject_pkey PRIMARY KEY (history_id);


--
-- Name: training_historicalresidentsubmission training_historicalresidentsubmission_pkey; Type: CONSTRAINT; Schema: public; Owner: sims_user
--

ALTER TABLE ONLY public.training_historicalresidentsubmission
    ADD CONSTRAINT training_historicalresidentsubmission_pkey PRIMARY KEY (history_id);


--
-- Name: training_historicalresidentthesis training_historicalresidentthesis_pkey; Type: CONSTRAINT; Schema: public; Owner: sims_user
--

ALTER TABLE ONLY public.training_historicalresidentthesis
    ADD CONSTRAINT training_historicalresidentthesis_pkey PRIMARY KEY (history_id);


--
-- Name: training_historicalresidenttrainingrecord training_historicalresidenttrainingrecord_pkey; Type: CONSTRAINT; Schema: public; Owner: sims_user
--

ALTER TABLE ONLY public.training_historicalresidenttrainingrecord
    ADD CONSTRAINT training_historicalresidenttrainingrecord_pkey PRIMARY KEY (history_id);


--
-- Name: training_historicalresidentworkshopcompletion training_historicalresidentworkshopcompletion_pkey; Type: CONSTRAINT; Schema: public; Owner: sims_user
--

ALTER TABLE ONLY public.training_historicalresidentworkshopcompletion
    ADD CONSTRAINT training_historicalresidentworkshopcompletion_pkey PRIMARY KEY (history_id);


--
-- Name: training_historicalrotationassignment training_historicalrotationassignment_pkey; Type: CONSTRAINT; Schema: public; Owner: sims_user
--

ALTER TABLE ONLY public.training_historicalrotationassignment
    ADD CONSTRAINT training_historicalrotationassignment_pkey PRIMARY KEY (history_id);


--
-- Name: training_historicalrotationcertificate training_historicalrotationcertificate_pkey; Type: CONSTRAINT; Schema: public; Owner: sims_user
--

ALTER TABLE ONLY public.training_historicalrotationcertificate
    ADD CONSTRAINT training_historicalrotationcertificate_pkey PRIMARY KEY (history_id);


--
-- Name: training_historicalrotationcompletion training_historicalrotationcompletion_pkey; Type: CONSTRAINT; Schema: public; Owner: sims_user
--

ALTER TABLE ONLY public.training_historicalrotationcompletion
    ADD CONSTRAINT training_historicalrotationcompletion_pkey PRIMARY KEY (history_id);


--
-- Name: training_historicalsubmissioncertificate training_historicalsubmissioncertificate_pkey; Type: CONSTRAINT; Schema: public; Owner: sims_user
--

ALTER TABLE ONLY public.training_historicalsubmissioncertificate
    ADD CONSTRAINT training_historicalsubmissioncertificate_pkey PRIMARY KEY (history_id);


--
-- Name: training_historicalsubmissiondocument training_historicalsubmissiondocument_pkey; Type: CONSTRAINT; Schema: public; Owner: sims_user
--

ALTER TABLE ONLY public.training_historicalsubmissiondocument
    ADD CONSTRAINT training_historicalsubmissiondocument_pkey PRIMARY KEY (history_id);


--
-- Name: training_historicalsubmissionrequirementtemplate training_historicalsubmissionrequirementtemplate_pkey; Type: CONSTRAINT; Schema: public; Owner: sims_user
--

ALTER TABLE ONLY public.training_historicalsubmissionrequirementtemplate
    ADD CONSTRAINT training_historicalsubmissionrequirementtemplate_pkey PRIMARY KEY (history_id);


--
-- Name: training_historicalsubmissionreview training_historicalsubmissionreview_pkey; Type: CONSTRAINT; Schema: public; Owner: sims_user
--

ALTER TABLE ONLY public.training_historicalsubmissionreview
    ADD CONSTRAINT training_historicalsubmissionreview_pkey PRIMARY KEY (history_id);


--
-- Name: training_historicaltrainingprogram training_historicaltrainingprogram_pkey; Type: CONSTRAINT; Schema: public; Owner: sims_user
--

ALTER TABLE ONLY public.training_historicaltrainingprogram
    ADD CONSTRAINT training_historicaltrainingprogram_pkey PRIMARY KEY (history_id);


--
-- Name: training_historicalworkshop training_historicalworkshop_pkey; Type: CONSTRAINT; Schema: public; Owner: sims_user
--

ALTER TABLE ONLY public.training_historicalworkshop
    ADD CONSTRAINT training_historicalworkshop_pkey PRIMARY KEY (history_id);


--
-- Name: training_historicalworkshopblock training_historicalworkshopblock_pkey; Type: CONSTRAINT; Schema: public; Owner: sims_user
--

ALTER TABLE ONLY public.training_historicalworkshopblock
    ADD CONSTRAINT training_historicalworkshopblock_pkey PRIMARY KEY (history_id);


--
-- Name: training_historicalworkshoprun training_historicalworkshoprun_pkey; Type: CONSTRAINT; Schema: public; Owner: sims_user
--

ALTER TABLE ONLY public.training_historicalworkshoprun
    ADD CONSTRAINT training_historicalworkshoprun_pkey PRIMARY KEY (history_id);


--
-- Name: training_leaverequest training_leaverequest_pkey; Type: CONSTRAINT; Schema: public; Owner: sims_user
--

ALTER TABLE ONLY public.training_leaverequest
    ADD CONSTRAINT training_leaverequest_pkey PRIMARY KEY (id);


--
-- Name: training_logbookentry training_logbookentry_pkey; Type: CONSTRAINT; Schema: public; Owner: sims_user
--

ALTER TABLE ONLY public.training_logbookentry
    ADD CONSTRAINT training_logbookentry_pkey PRIMARY KEY (id);


--
-- Name: training_logbookreview training_logbookreview_pkey; Type: CONSTRAINT; Schema: public; Owner: sims_user
--

ALTER TABLE ONLY public.training_logbookreview
    ADD CONSTRAINT training_logbookreview_pkey PRIMARY KEY (id);


--
-- Name: training_logbookthresholdconfig training_logbookthresholdconfig_pkey; Type: CONSTRAINT; Schema: public; Owner: sims_user
--

ALTER TABLE ONLY public.training_logbookthresholdconfig
    ADD CONSTRAINT training_logbookthresholdconfig_pkey PRIMARY KEY (id);


--
-- Name: training_logbookthresholdsnapshot training_logbookthresholdsnapshot_pkey; Type: CONSTRAINT; Schema: public; Owner: sims_user
--

ALTER TABLE ONLY public.training_logbookthresholdsnapshot
    ADD CONSTRAINT training_logbookthresholdsnapshot_pkey PRIMARY KEY (id);


--
-- Name: training_programmilestoneworkshoprequirement training_programmileston_milestone_id_workshop_id_630f4ef5_uniq; Type: CONSTRAINT; Schema: public; Owner: sims_user
--

ALTER TABLE ONLY public.training_programmilestoneworkshoprequirement
    ADD CONSTRAINT training_programmileston_milestone_id_workshop_id_630f4ef5_uniq UNIQUE (milestone_id, workshop_id);


--
-- Name: training_programmilestone training_programmilestone_pkey; Type: CONSTRAINT; Schema: public; Owner: sims_user
--

ALTER TABLE ONLY public.training_programmilestone
    ADD CONSTRAINT training_programmilestone_pkey PRIMARY KEY (id);


--
-- Name: training_programmilestone training_programmilestone_program_id_code_e2c4f2b9_uniq; Type: CONSTRAINT; Schema: public; Owner: sims_user
--

ALTER TABLE ONLY public.training_programmilestone
    ADD CONSTRAINT training_programmilestone_program_id_code_e2c4f2b9_uniq UNIQUE (program_id, code);


--
-- Name: training_programmilestonelogbookrequirement training_programmilestonelogbookrequirement_pkey; Type: CONSTRAINT; Schema: public; Owner: sims_user
--

ALTER TABLE ONLY public.training_programmilestonelogbookrequirement
    ADD CONSTRAINT training_programmilestonelogbookrequirement_pkey PRIMARY KEY (id);


--
-- Name: training_programmilestoneresearchrequirement training_programmilestoneresearchrequirement_milestone_id_key; Type: CONSTRAINT; Schema: public; Owner: sims_user
--

ALTER TABLE ONLY public.training_programmilestoneresearchrequirement
    ADD CONSTRAINT training_programmilestoneresearchrequirement_milestone_id_key UNIQUE (milestone_id);


--
-- Name: training_programmilestoneresearchrequirement training_programmilestoneresearchrequirement_pkey; Type: CONSTRAINT; Schema: public; Owner: sims_user
--

ALTER TABLE ONLY public.training_programmilestoneresearchrequirement
    ADD CONSTRAINT training_programmilestoneresearchrequirement_pkey PRIMARY KEY (id);


--
-- Name: training_programmilestoneworkshoprequirement training_programmilestoneworkshoprequirement_pkey; Type: CONSTRAINT; Schema: public; Owner: sims_user
--

ALTER TABLE ONLY public.training_programmilestoneworkshoprequirement
    ADD CONSTRAINT training_programmilestoneworkshoprequirement_pkey PRIMARY KEY (id);


--
-- Name: training_programpolicy training_programpolicy_pkey; Type: CONSTRAINT; Schema: public; Owner: sims_user
--

ALTER TABLE ONLY public.training_programpolicy
    ADD CONSTRAINT training_programpolicy_pkey PRIMARY KEY (id);


--
-- Name: training_programpolicy training_programpolicy_program_id_key; Type: CONSTRAINT; Schema: public; Owner: sims_user
--

ALTER TABLE ONLY public.training_programpolicy
    ADD CONSTRAINT training_programpolicy_program_id_key UNIQUE (program_id);


--
-- Name: training_programrotationtemplate_allowed_hospitals training_programrotation_programrotationtemplate__313423a7_uniq; Type: CONSTRAINT; Schema: public; Owner: sims_user
--

ALTER TABLE ONLY public.training_programrotationtemplate_allowed_hospitals
    ADD CONSTRAINT training_programrotation_programrotationtemplate__313423a7_uniq UNIQUE (programrotationtemplate_id, hospital_id);


--
-- Name: training_programrotationrequirement training_programrotationrequirement_pkey; Type: CONSTRAINT; Schema: public; Owner: sims_user
--

ALTER TABLE ONLY public.training_programrotationrequirement
    ADD CONSTRAINT training_programrotationrequirement_pkey PRIMARY KEY (id);


--
-- Name: training_programrotationtemplate_allowed_hospitals training_programrotationtemplate_allowed_hospitals_pkey; Type: CONSTRAINT; Schema: public; Owner: sims_user
--

ALTER TABLE ONLY public.training_programrotationtemplate_allowed_hospitals
    ADD CONSTRAINT training_programrotationtemplate_allowed_hospitals_pkey PRIMARY KEY (id);


--
-- Name: training_programrotationtemplate training_programrotationtemplate_pkey; Type: CONSTRAINT; Schema: public; Owner: sims_user
--

ALTER TABLE ONLY public.training_programrotationtemplate
    ADD CONSTRAINT training_programrotationtemplate_pkey PRIMARY KEY (id);


--
-- Name: training_residentmilestoneeligibility training_residentmilesto_resident_training_record_da51d860_uniq; Type: CONSTRAINT; Schema: public; Owner: sims_user
--

ALTER TABLE ONLY public.training_residentmilestoneeligibility
    ADD CONSTRAINT training_residentmilesto_resident_training_record_da51d860_uniq UNIQUE (resident_training_record_id, milestone_id);


--
-- Name: training_residentmilestoneeligibility training_residentmilestoneeligibility_pkey; Type: CONSTRAINT; Schema: public; Owner: sims_user
--

ALTER TABLE ONLY public.training_residentmilestoneeligibility
    ADD CONSTRAINT training_residentmilestoneeligibility_pkey PRIMARY KEY (id);


--
-- Name: training_residentresearchproject training_residentresearchprojec_resident_training_record_id_key; Type: CONSTRAINT; Schema: public; Owner: sims_user
--

ALTER TABLE ONLY public.training_residentresearchproject
    ADD CONSTRAINT training_residentresearchprojec_resident_training_record_id_key UNIQUE (resident_training_record_id);


--
-- Name: training_residentresearchproject training_residentresearchproject_pkey; Type: CONSTRAINT; Schema: public; Owner: sims_user
--

ALTER TABLE ONLY public.training_residentresearchproject
    ADD CONSTRAINT training_residentresearchproject_pkey PRIMARY KEY (id);


--
-- Name: training_residentsubmission training_residentsubmission_pkey; Type: CONSTRAINT; Schema: public; Owner: sims_user
--

ALTER TABLE ONLY public.training_residentsubmission
    ADD CONSTRAINT training_residentsubmission_pkey PRIMARY KEY (id);


--
-- Name: training_residentthesis training_residentthesis_pkey; Type: CONSTRAINT; Schema: public; Owner: sims_user
--

ALTER TABLE ONLY public.training_residentthesis
    ADD CONSTRAINT training_residentthesis_pkey PRIMARY KEY (id);


--
-- Name: training_residentthesis training_residentthesis_resident_training_record_id_key; Type: CONSTRAINT; Schema: public; Owner: sims_user
--

ALTER TABLE ONLY public.training_residentthesis
    ADD CONSTRAINT training_residentthesis_resident_training_record_id_key UNIQUE (resident_training_record_id);


--
-- Name: training_residenttrainingrecord training_residenttrainingrecord_pkey; Type: CONSTRAINT; Schema: public; Owner: sims_user
--

ALTER TABLE ONLY public.training_residenttrainingrecord
    ADD CONSTRAINT training_residenttrainingrecord_pkey PRIMARY KEY (id);


--
-- Name: training_residentworkshopcompletion training_residentworkshopcompletion_pkey; Type: CONSTRAINT; Schema: public; Owner: sims_user
--

ALTER TABLE ONLY public.training_residentworkshopcompletion
    ADD CONSTRAINT training_residentworkshopcompletion_pkey PRIMARY KEY (id);


--
-- Name: training_rotationassignment training_rotationassignment_pkey; Type: CONSTRAINT; Schema: public; Owner: sims_user
--

ALTER TABLE ONLY public.training_rotationassignment
    ADD CONSTRAINT training_rotationassignment_pkey PRIMARY KEY (id);


--
-- Name: training_rotationcertificate training_rotationcertificate_certificate_number_key; Type: CONSTRAINT; Schema: public; Owner: sims_user
--

ALTER TABLE ONLY public.training_rotationcertificate
    ADD CONSTRAINT training_rotationcertificate_certificate_number_key UNIQUE (certificate_number);


--
-- Name: training_rotationcertificate training_rotationcertificate_completion_id_key; Type: CONSTRAINT; Schema: public; Owner: sims_user
--

ALTER TABLE ONLY public.training_rotationcertificate
    ADD CONSTRAINT training_rotationcertificate_completion_id_key UNIQUE (completion_id);


--
-- Name: training_rotationcertificate training_rotationcertificate_pkey; Type: CONSTRAINT; Schema: public; Owner: sims_user
--

ALTER TABLE ONLY public.training_rotationcertificate
    ADD CONSTRAINT training_rotationcertificate_pkey PRIMARY KEY (id);


--
-- Name: training_rotationcompletion training_rotationcompletion_pkey; Type: CONSTRAINT; Schema: public; Owner: sims_user
--

ALTER TABLE ONLY public.training_rotationcompletion
    ADD CONSTRAINT training_rotationcompletion_pkey PRIMARY KEY (id);


--
-- Name: training_rotationcompletion training_rotationcompletion_rotation_id_key; Type: CONSTRAINT; Schema: public; Owner: sims_user
--

ALTER TABLE ONLY public.training_rotationcompletion
    ADD CONSTRAINT training_rotationcompletion_rotation_id_key UNIQUE (rotation_id);


--
-- Name: training_submissioncertificate training_submissioncertificate_certificate_number_key; Type: CONSTRAINT; Schema: public; Owner: sims_user
--

ALTER TABLE ONLY public.training_submissioncertificate
    ADD CONSTRAINT training_submissioncertificate_certificate_number_key UNIQUE (certificate_number);


--
-- Name: training_submissioncertificate training_submissioncertificate_pkey; Type: CONSTRAINT; Schema: public; Owner: sims_user
--

ALTER TABLE ONLY public.training_submissioncertificate
    ADD CONSTRAINT training_submissioncertificate_pkey PRIMARY KEY (id);


--
-- Name: training_submissioncertificate training_submissioncertificate_submission_id_key; Type: CONSTRAINT; Schema: public; Owner: sims_user
--

ALTER TABLE ONLY public.training_submissioncertificate
    ADD CONSTRAINT training_submissioncertificate_submission_id_key UNIQUE (submission_id);


--
-- Name: training_submissiondocument training_submissiondocument_pkey; Type: CONSTRAINT; Schema: public; Owner: sims_user
--

ALTER TABLE ONLY public.training_submissiondocument
    ADD CONSTRAINT training_submissiondocument_pkey PRIMARY KEY (id);


--
-- Name: training_submissionrequirementtemplate training_submissionrequirementtemplate_pkey; Type: CONSTRAINT; Schema: public; Owner: sims_user
--

ALTER TABLE ONLY public.training_submissionrequirementtemplate
    ADD CONSTRAINT training_submissionrequirementtemplate_pkey PRIMARY KEY (id);


--
-- Name: training_submissionreview training_submissionreview_pkey; Type: CONSTRAINT; Schema: public; Owner: sims_user
--

ALTER TABLE ONLY public.training_submissionreview
    ADD CONSTRAINT training_submissionreview_pkey PRIMARY KEY (id);


--
-- Name: training_trainingprogram training_trainingprogram_code_key; Type: CONSTRAINT; Schema: public; Owner: sims_user
--

ALTER TABLE ONLY public.training_trainingprogram
    ADD CONSTRAINT training_trainingprogram_code_key UNIQUE (code);


--
-- Name: training_trainingprogram training_trainingprogram_pkey; Type: CONSTRAINT; Schema: public; Owner: sims_user
--

ALTER TABLE ONLY public.training_trainingprogram
    ADD CONSTRAINT training_trainingprogram_pkey PRIMARY KEY (id);


--
-- Name: training_workshop training_workshop_code_key; Type: CONSTRAINT; Schema: public; Owner: sims_user
--

ALTER TABLE ONLY public.training_workshop
    ADD CONSTRAINT training_workshop_code_key UNIQUE (code);


--
-- Name: training_workshop training_workshop_pkey; Type: CONSTRAINT; Schema: public; Owner: sims_user
--

ALTER TABLE ONLY public.training_workshop
    ADD CONSTRAINT training_workshop_pkey PRIMARY KEY (id);


--
-- Name: training_workshopblock training_workshopblock_pkey; Type: CONSTRAINT; Schema: public; Owner: sims_user
--

ALTER TABLE ONLY public.training_workshopblock
    ADD CONSTRAINT training_workshopblock_pkey PRIMARY KEY (id);


--
-- Name: training_workshoprun training_workshoprun_pkey; Type: CONSTRAINT; Schema: public; Owner: sims_user
--

ALTER TABLE ONLY public.training_workshoprun
    ADD CONSTRAINT training_workshoprun_pkey PRIMARY KEY (id);


--
-- Name: rotations_hospitaldepartment uniq_hospital_department; Type: CONSTRAINT; Schema: public; Owner: sims_user
--

ALTER TABLE ONLY public.rotations_hospitaldepartment
    ADD CONSTRAINT uniq_hospital_department UNIQUE (hospital_id, department_id);


--
-- Name: training_programrotationrequirement uniq_program_rotation_requirement; Type: CONSTRAINT; Schema: public; Owner: sims_user
--

ALTER TABLE ONLY public.training_programrotationrequirement
    ADD CONSTRAINT uniq_program_rotation_requirement UNIQUE (program_id, department_id, sequence_order);


--
-- Name: training_residentsubmission uniq_submission_per_resident_type; Type: CONSTRAINT; Schema: public; Owner: sims_user
--

ALTER TABLE ONLY public.training_residentsubmission
    ADD CONSTRAINT uniq_submission_per_resident_type UNIQUE (resident_training_record_id, submission_type);


--
-- Name: training_submissionrequirementtemplate uniq_submission_requirement_template_scope; Type: CONSTRAINT; Schema: public; Owner: sims_user
--

ALTER TABLE ONLY public.training_submissionrequirementtemplate
    ADD CONSTRAINT uniq_submission_requirement_template_scope UNIQUE (submission_type, program_id, department_id, code);


--
-- Name: users_datacorrectionaudit users_datacorrectionaudit_pkey; Type: CONSTRAINT; Schema: public; Owner: sims_user
--

ALTER TABLE ONLY public.users_datacorrectionaudit
    ADD CONSTRAINT users_datacorrectionaudit_pkey PRIMARY KEY (id);


--
-- Name: users_departmentmembership users_departmentmembership_pkey; Type: CONSTRAINT; Schema: public; Owner: sims_user
--

ALTER TABLE ONLY public.users_departmentmembership
    ADD CONSTRAINT users_departmentmembership_pkey PRIMARY KEY (id);


--
-- Name: users_historicaluser users_historicaluser_pkey; Type: CONSTRAINT; Schema: public; Owner: sims_user
--

ALTER TABLE ONLY public.users_historicaluser
    ADD CONSTRAINT users_historicaluser_pkey PRIMARY KEY (history_id);


--
-- Name: users_historicalworkspaceidentity users_historicalworkspaceidentity_pkey; Type: CONSTRAINT; Schema: public; Owner: sims_user
--

ALTER TABLE ONLY public.users_historicalworkspaceidentity
    ADD CONSTRAINT users_historicalworkspaceidentity_pkey PRIMARY KEY (history_id);


--
-- Name: users_hodassignment users_hodassignment_pkey; Type: CONSTRAINT; Schema: public; Owner: sims_user
--

ALTER TABLE ONLY public.users_hodassignment
    ADD CONSTRAINT users_hodassignment_pkey PRIMARY KEY (id);


--
-- Name: users_hospitalassignment users_hospitalassignment_pkey; Type: CONSTRAINT; Schema: public; Owner: sims_user
--

ALTER TABLE ONLY public.users_hospitalassignment
    ADD CONSTRAINT users_hospitalassignment_pkey PRIMARY KEY (id);


--
-- Name: users_residentprofile users_residentprofile_pkey; Type: CONSTRAINT; Schema: public; Owner: sims_user
--

ALTER TABLE ONLY public.users_residentprofile
    ADD CONSTRAINT users_residentprofile_pkey PRIMARY KEY (id);


--
-- Name: users_residentprofile users_residentprofile_user_id_key; Type: CONSTRAINT; Schema: public; Owner: sims_user
--

ALTER TABLE ONLY public.users_residentprofile
    ADD CONSTRAINT users_residentprofile_user_id_key UNIQUE (user_id);


--
-- Name: users_staffprofile users_staffprofile_pkey; Type: CONSTRAINT; Schema: public; Owner: sims_user
--

ALTER TABLE ONLY public.users_staffprofile
    ADD CONSTRAINT users_staffprofile_pkey PRIMARY KEY (id);


--
-- Name: users_staffprofile users_staffprofile_user_id_key; Type: CONSTRAINT; Schema: public; Owner: sims_user
--

ALTER TABLE ONLY public.users_staffprofile
    ADD CONSTRAINT users_staffprofile_user_id_key UNIQUE (user_id);


--
-- Name: users_supervisorresidentlink users_supervisorresidentlink_pkey; Type: CONSTRAINT; Schema: public; Owner: sims_user
--

ALTER TABLE ONLY public.users_supervisorresidentlink
    ADD CONSTRAINT users_supervisorresidentlink_pkey PRIMARY KEY (id);


--
-- Name: users_user_groups users_user_groups_pkey; Type: CONSTRAINT; Schema: public; Owner: sims_user
--

ALTER TABLE ONLY public.users_user_groups
    ADD CONSTRAINT users_user_groups_pkey PRIMARY KEY (id);


--
-- Name: users_user_groups users_user_groups_user_id_group_id_b88eab82_uniq; Type: CONSTRAINT; Schema: public; Owner: sims_user
--

ALTER TABLE ONLY public.users_user_groups
    ADD CONSTRAINT users_user_groups_user_id_group_id_b88eab82_uniq UNIQUE (user_id, group_id);


--
-- Name: users_user users_user_pkey; Type: CONSTRAINT; Schema: public; Owner: sims_user
--

ALTER TABLE ONLY public.users_user
    ADD CONSTRAINT users_user_pkey PRIMARY KEY (id);


--
-- Name: users_user_user_permissions users_user_user_permissions_pkey; Type: CONSTRAINT; Schema: public; Owner: sims_user
--

ALTER TABLE ONLY public.users_user_user_permissions
    ADD CONSTRAINT users_user_user_permissions_pkey PRIMARY KEY (id);


--
-- Name: users_user_user_permissions users_user_user_permissions_user_id_permission_id_43338c45_uniq; Type: CONSTRAINT; Schema: public; Owner: sims_user
--

ALTER TABLE ONLY public.users_user_user_permissions
    ADD CONSTRAINT users_user_user_permissions_user_id_permission_id_43338c45_uniq UNIQUE (user_id, permission_id);


--
-- Name: users_user users_user_username_key; Type: CONSTRAINT; Schema: public; Owner: sims_user
--

ALTER TABLE ONLY public.users_user
    ADD CONSTRAINT users_user_username_key UNIQUE (username);


--
-- Name: users_workspacebridgelog users_workspacebridgelog_pkey; Type: CONSTRAINT; Schema: public; Owner: sims_user
--

ALTER TABLE ONLY public.users_workspacebridgelog
    ADD CONSTRAINT users_workspacebridgelog_pkey PRIMARY KEY (id);


--
-- Name: users_workspaceidentity users_workspaceidentity_pkey; Type: CONSTRAINT; Schema: public; Owner: sims_user
--

ALTER TABLE ONLY public.users_workspaceidentity
    ADD CONSTRAINT users_workspaceidentity_pkey PRIMARY KEY (id);


--
-- Name: users_workspaceidentity users_workspaceidentity_public_id_key; Type: CONSTRAINT; Schema: public; Owner: sims_user
--

ALTER TABLE ONLY public.users_workspaceidentity
    ADD CONSTRAINT users_workspaceidentity_public_id_key UNIQUE (public_id);


--
-- Name: users_workspaceidentity users_workspaceidentity_user_id_key; Type: CONSTRAINT; Schema: public; Owner: sims_user
--

ALTER TABLE ONLY public.users_workspaceidentity
    ADD CONSTRAINT users_workspaceidentity_user_id_key UNIQUE (user_id);


--
-- Name: academics_d_active_9cf6ed_idx; Type: INDEX; Schema: public; Owner: sims_user
--

CREATE INDEX academics_d_active_9cf6ed_idx ON public.academics_department USING btree (active);


--
-- Name: academics_d_code_791f98_idx; Type: INDEX; Schema: public; Owner: sims_user
--

CREATE INDEX academics_d_code_791f98_idx ON public.academics_department USING btree (code);


--
-- Name: academics_department_code_e68a2c68_like; Type: INDEX; Schema: public; Owner: sims_user
--

CREATE INDEX academics_department_code_e68a2c68_like ON public.academics_department USING btree (code varchar_pattern_ops);


--
-- Name: academics_department_head_id_a0433f85; Type: INDEX; Schema: public; Owner: sims_user
--

CREATE INDEX academics_department_head_id_a0433f85 ON public.academics_department USING btree (head_id);


--
-- Name: academics_department_name_2e89c541_like; Type: INDEX; Schema: public; Owner: sims_user
--

CREATE INDEX academics_department_name_2e89c541_like ON public.academics_department USING btree (name varchar_pattern_ops);


--
-- Name: audit_activ_action_259cfa_idx; Type: INDEX; Schema: public; Owner: sims_user
--

CREATE INDEX audit_activ_action_259cfa_idx ON public.audit_activitylog USING btree (action);


--
-- Name: audit_activ_actor_i_5122be_idx; Type: INDEX; Schema: public; Owner: sims_user
--

CREATE INDEX audit_activ_actor_i_5122be_idx ON public.audit_activitylog USING btree (actor_id, created_at);


--
-- Name: audit_activ_created_7a5871_idx; Type: INDEX; Schema: public; Owner: sims_user
--

CREATE INDEX audit_activ_created_7a5871_idx ON public.audit_activitylog USING btree (created_at);


--
-- Name: audit_activ_is_sens_ea4a67_idx; Type: INDEX; Schema: public; Owner: sims_user
--

CREATE INDEX audit_activ_is_sens_ea4a67_idx ON public.audit_activitylog USING btree (is_sensitive);


--
-- Name: audit_activitylog_actor_id_d9142f81; Type: INDEX; Schema: public; Owner: sims_user
--

CREATE INDEX audit_activitylog_actor_id_d9142f81 ON public.audit_activitylog USING btree (actor_id);


--
-- Name: audit_activitylog_created_at_302c2837; Type: INDEX; Schema: public; Owner: sims_user
--

CREATE INDEX audit_activitylog_created_at_302c2837 ON public.audit_activitylog USING btree (created_at);


--
-- Name: audit_activitylog_target_content_type_id_860f64ca; Type: INDEX; Schema: public; Owner: sims_user
--

CREATE INDEX audit_activitylog_target_content_type_id_860f64ca ON public.audit_activitylog USING btree (target_content_type_id);


--
-- Name: audit_auditreport_created_by_id_856e1580; Type: INDEX; Schema: public; Owner: sims_user
--

CREATE INDEX audit_auditreport_created_by_id_856e1580 ON public.audit_auditreport USING btree (created_by_id);


--
-- Name: audit_historicalauditreport_created_by_id_885d6a01; Type: INDEX; Schema: public; Owner: sims_user
--

CREATE INDEX audit_historicalauditreport_created_by_id_885d6a01 ON public.audit_historicalauditreport USING btree (created_by_id);


--
-- Name: audit_historicalauditreport_history_date_00a2f3f3; Type: INDEX; Schema: public; Owner: sims_user
--

CREATE INDEX audit_historicalauditreport_history_date_00a2f3f3 ON public.audit_historicalauditreport USING btree (history_date);


--
-- Name: audit_historicalauditreport_history_user_id_6c6539d3; Type: INDEX; Schema: public; Owner: sims_user
--

CREATE INDEX audit_historicalauditreport_history_user_id_6c6539d3 ON public.audit_historicalauditreport USING btree (history_user_id);


--
-- Name: audit_historicalauditreport_id_25a96f62; Type: INDEX; Schema: public; Owner: sims_user
--

CREATE INDEX audit_historicalauditreport_id_25a96f62 ON public.audit_historicalauditreport USING btree (id);


--
-- Name: auth_group_name_a6ea08ec_like; Type: INDEX; Schema: public; Owner: sims_user
--

CREATE INDEX auth_group_name_a6ea08ec_like ON public.auth_group USING btree (name varchar_pattern_ops);


--
-- Name: auth_group_permissions_group_id_b120cbf9; Type: INDEX; Schema: public; Owner: sims_user
--

CREATE INDEX auth_group_permissions_group_id_b120cbf9 ON public.auth_group_permissions USING btree (group_id);


--
-- Name: auth_group_permissions_permission_id_84c5c92e; Type: INDEX; Schema: public; Owner: sims_user
--

CREATE INDEX auth_group_permissions_permission_id_84c5c92e ON public.auth_group_permissions USING btree (permission_id);


--
-- Name: auth_permission_content_type_id_2f476e4b; Type: INDEX; Schema: public; Owner: sims_user
--

CREATE INDEX auth_permission_content_type_id_2f476e4b ON public.auth_permission USING btree (content_type_id);


--
-- Name: backup_center_backupauditlog_actor_id_a3540367; Type: INDEX; Schema: public; Owner: sims_user
--

CREATE INDEX backup_center_backupauditlog_actor_id_a3540367 ON public.backup_center_backupauditlog USING btree (actor_id);


--
-- Name: backup_center_backupauditlog_backup_job_id_0abcad1c; Type: INDEX; Schema: public; Owner: sims_user
--

CREATE INDEX backup_center_backupauditlog_backup_job_id_0abcad1c ON public.backup_center_backupauditlog USING btree (backup_job_id);


--
-- Name: backup_center_backupauditlog_restore_job_id_e3e81ebd; Type: INDEX; Schema: public; Owner: sims_user
--

CREATE INDEX backup_center_backupauditlog_restore_job_id_e3e81ebd ON public.backup_center_backupauditlog USING btree (restore_job_id);


--
-- Name: backup_center_backupcloudc_connected_by_user_id_2260b933; Type: INDEX; Schema: public; Owner: sims_user
--

CREATE INDEX backup_center_backupcloudc_connected_by_user_id_2260b933 ON public.backup_center_backupcloudconnection USING btree (connected_by_user_id);


--
-- Name: backup_center_backupcloudconnection_provider_6312c5e2_like; Type: INDEX; Schema: public; Owner: sims_user
--

CREATE INDEX backup_center_backupcloudconnection_provider_6312c5e2_like ON public.backup_center_backupcloudconnection USING btree (provider varchar_pattern_ops);


--
-- Name: backup_center_backupcloudcopy_backup_record_id_d68b7962; Type: INDEX; Schema: public; Owner: sims_user
--

CREATE INDEX backup_center_backupcloudcopy_backup_record_id_d68b7962 ON public.backup_center_backupcloudcopy USING btree (backup_record_id);


--
-- Name: backup_center_backupcloudcopy_connection_id_8d1e11f2; Type: INDEX; Schema: public; Owner: sims_user
--

CREATE INDEX backup_center_backupcloudcopy_connection_id_8d1e11f2 ON public.backup_center_backupcloudcopy USING btree (connection_id);


--
-- Name: backup_center_backupjob_created_by_id_c9d48025; Type: INDEX; Schema: public; Owner: sims_user
--

CREATE INDEX backup_center_backupjob_created_by_id_c9d48025 ON public.backup_center_backupjob USING btree (created_by_id);


--
-- Name: backup_center_restorejob_backup_job_id_37c111fc; Type: INDEX; Schema: public; Owner: sims_user
--

CREATE INDEX backup_center_restorejob_backup_job_id_37c111fc ON public.backup_center_restorejob USING btree (backup_job_id);


--
-- Name: backup_center_restorejob_restored_by_id_8a2bb15e; Type: INDEX; Schema: public; Owner: sims_user
--

CREATE INDEX backup_center_restorejob_restored_by_id_8a2bb15e ON public.backup_center_restorejob USING btree (restored_by_id);


--
-- Name: backup_center_restorejob_safety_backup_id_d273ce4d; Type: INDEX; Schema: public; Owner: sims_user
--

CREATE INDEX backup_center_restorejob_safety_backup_id_d273ce4d ON public.backup_center_restorejob USING btree (safety_backup_id);


--
-- Name: bulk_bulkop_operati_225b06_idx; Type: INDEX; Schema: public; Owner: sims_user
--

CREATE INDEX bulk_bulkop_operati_225b06_idx ON public.bulk_bulkoperation USING btree (operation, created_at);


--
-- Name: bulk_bulkop_user_id_55fa0c_idx; Type: INDEX; Schema: public; Owner: sims_user
--

CREATE INDEX bulk_bulkop_user_id_55fa0c_idx ON public.bulk_bulkoperation USING btree (user_id, created_at);


--
-- Name: bulk_bulkoperation_user_id_82c668ce; Type: INDEX; Schema: public; Owner: sims_user
--

CREATE INDEX bulk_bulkoperation_user_id_82c668ce ON public.bulk_bulkoperation USING btree (user_id);


--
-- Name: bulk_flexibleimportaudit_uploaded_by_id_194e2c9c; Type: INDEX; Schema: public; Owner: sims_user
--

CREATE INDEX bulk_flexibleimportaudit_uploaded_by_id_194e2c9c ON public.bulk_flexibleimportaudit USING btree (uploaded_by_id);


--
-- Name: bulk_historicalflexibleimportaudit_history_date_dc663c29; Type: INDEX; Schema: public; Owner: sims_user
--

CREATE INDEX bulk_historicalflexibleimportaudit_history_date_dc663c29 ON public.bulk_historicalflexibleimportaudit USING btree (history_date);


--
-- Name: bulk_historicalflexibleimportaudit_history_user_id_76540336; Type: INDEX; Schema: public; Owner: sims_user
--

CREATE INDEX bulk_historicalflexibleimportaudit_history_user_id_76540336 ON public.bulk_historicalflexibleimportaudit USING btree (history_user_id);


--
-- Name: bulk_historicalflexibleimportaudit_id_f4ee1422; Type: INDEX; Schema: public; Owner: sims_user
--

CREATE INDEX bulk_historicalflexibleimportaudit_id_f4ee1422 ON public.bulk_historicalflexibleimportaudit USING btree (id);


--
-- Name: bulk_historicalflexibleimportaudit_uploaded_by_id_87787fe0; Type: INDEX; Schema: public; Owner: sims_user
--

CREATE INDEX bulk_historicalflexibleimportaudit_uploaded_by_id_87787fe0 ON public.bulk_historicalflexibleimportaudit USING btree (uploaded_by_id);


--
-- Name: bulk_historicalmappingpreset_created_by_id_e859a1e8; Type: INDEX; Schema: public; Owner: sims_user
--

CREATE INDEX bulk_historicalmappingpreset_created_by_id_e859a1e8 ON public.bulk_historicalmappingpreset USING btree (created_by_id);


--
-- Name: bulk_historicalmappingpreset_history_date_10ffe041; Type: INDEX; Schema: public; Owner: sims_user
--

CREATE INDEX bulk_historicalmappingpreset_history_date_10ffe041 ON public.bulk_historicalmappingpreset USING btree (history_date);


--
-- Name: bulk_historicalmappingpreset_history_user_id_9291d758; Type: INDEX; Schema: public; Owner: sims_user
--

CREATE INDEX bulk_historicalmappingpreset_history_user_id_9291d758 ON public.bulk_historicalmappingpreset USING btree (history_user_id);


--
-- Name: bulk_historicalmappingpreset_id_2f4c0ddf; Type: INDEX; Schema: public; Owner: sims_user
--

CREATE INDEX bulk_historicalmappingpreset_id_2f4c0ddf ON public.bulk_historicalmappingpreset USING btree (id);


--
-- Name: bulk_mappingpreset_created_by_id_17e3a89c; Type: INDEX; Schema: public; Owner: sims_user
--

CREATE INDEX bulk_mappingpreset_created_by_id_17e3a89c ON public.bulk_mappingpreset USING btree (created_by_id);


--
-- Name: django_admin_log_content_type_id_c4bce8eb; Type: INDEX; Schema: public; Owner: sims_user
--

CREATE INDEX django_admin_log_content_type_id_c4bce8eb ON public.django_admin_log USING btree (content_type_id);


--
-- Name: django_admin_log_user_id_c564eba6; Type: INDEX; Schema: public; Owner: sims_user
--

CREATE INDEX django_admin_log_user_id_c564eba6 ON public.django_admin_log USING btree (user_id);


--
-- Name: django_celery_beat_periodictask_clocked_id_47a69f82; Type: INDEX; Schema: public; Owner: sims_user
--

CREATE INDEX django_celery_beat_periodictask_clocked_id_47a69f82 ON public.django_celery_beat_periodictask USING btree (clocked_id);


--
-- Name: django_celery_beat_periodictask_crontab_id_d3cba168; Type: INDEX; Schema: public; Owner: sims_user
--

CREATE INDEX django_celery_beat_periodictask_crontab_id_d3cba168 ON public.django_celery_beat_periodictask USING btree (crontab_id);


--
-- Name: django_celery_beat_periodictask_interval_id_a8ca27da; Type: INDEX; Schema: public; Owner: sims_user
--

CREATE INDEX django_celery_beat_periodictask_interval_id_a8ca27da ON public.django_celery_beat_periodictask USING btree (interval_id);


--
-- Name: django_celery_beat_periodictask_name_265a36b7_like; Type: INDEX; Schema: public; Owner: sims_user
--

CREATE INDEX django_celery_beat_periodictask_name_265a36b7_like ON public.django_celery_beat_periodictask USING btree (name varchar_pattern_ops);


--
-- Name: django_celery_beat_periodictask_solar_id_a87ce72c; Type: INDEX; Schema: public; Owner: sims_user
--

CREATE INDEX django_celery_beat_periodictask_solar_id_a87ce72c ON public.django_celery_beat_periodictask USING btree (solar_id);


--
-- Name: django_session_expire_date_a5c62663; Type: INDEX; Schema: public; Owner: sims_user
--

CREATE INDEX django_session_expire_date_a5c62663 ON public.django_session USING btree (expire_date);


--
-- Name: django_session_session_key_c0390e0f_like; Type: INDEX; Schema: public; Owner: sims_user
--

CREATE INDEX django_session_session_key_c0390e0f_like ON public.django_session USING btree (session_key varchar_pattern_ops);


--
-- Name: notificatio_channel_428142_idx; Type: INDEX; Schema: public; Owner: sims_user
--

CREATE INDEX notificatio_channel_428142_idx ON public.notifications_notification USING btree (channel, created_at);


--
-- Name: notificatio_read_at_6329f9_idx; Type: INDEX; Schema: public; Owner: sims_user
--

CREATE INDEX notificatio_read_at_6329f9_idx ON public.notifications_notification USING btree (read_at);


--
-- Name: notificatio_recipie_f39341_idx; Type: INDEX; Schema: public; Owner: sims_user
--

CREATE INDEX notificatio_recipie_f39341_idx ON public.notifications_notification USING btree (recipient_id, created_at);


--
-- Name: notifications_notification_actor_id_ec6170c3; Type: INDEX; Schema: public; Owner: sims_user
--

CREATE INDEX notifications_notification_actor_id_ec6170c3 ON public.notifications_notification USING btree (actor_id);


--
-- Name: notifications_notification_recipient_id_d055f3f0; Type: INDEX; Schema: public; Owner: sims_user
--

CREATE INDEX notifications_notification_recipient_id_d055f3f0 ON public.notifications_notification USING btree (recipient_id);


--
-- Name: rotations_h_hospita_21d705_idx; Type: INDEX; Schema: public; Owner: sims_user
--

CREATE INDEX rotations_h_hospita_21d705_idx ON public.rotations_hospitaldepartment USING btree (hospital_id, department_id);


--
-- Name: rotations_h_is_acti_274d00_idx; Type: INDEX; Schema: public; Owner: sims_user
--

CREATE INDEX rotations_h_is_acti_274d00_idx ON public.rotations_hospital USING btree (is_active);


--
-- Name: rotations_h_is_acti_41b6c1_idx; Type: INDEX; Schema: public; Owner: sims_user
--

CREATE INDEX rotations_h_is_acti_41b6c1_idx ON public.rotations_hospitaldepartment USING btree (is_active);


--
-- Name: rotations_h_name_685955_idx; Type: INDEX; Schema: public; Owner: sims_user
--

CREATE INDEX rotations_h_name_685955_idx ON public.rotations_hospital USING btree (name);


--
-- Name: rotations_hospital_code_ab419b2f_like; Type: INDEX; Schema: public; Owner: sims_user
--

CREATE INDEX rotations_hospital_code_ab419b2f_like ON public.rotations_hospital USING btree (code varchar_pattern_ops);


--
-- Name: rotations_hospitaldepartment_department_id_8a1c98f7; Type: INDEX; Schema: public; Owner: sims_user
--

CREATE INDEX rotations_hospitaldepartment_department_id_8a1c98f7 ON public.rotations_hospitaldepartment USING btree (department_id);


--
-- Name: rotations_hospitaldepartment_hospital_id_7df2949c; Type: INDEX; Schema: public; Owner: sims_user
--

CREATE INDEX rotations_hospitaldepartment_hospital_id_7df2949c ON public.rotations_hospitaldepartment USING btree (hospital_id);


--
-- Name: training_deputationposting_approved_by_id_9acbe3b0; Type: INDEX; Schema: public; Owner: sims_user
--

CREATE INDEX training_deputationposting_approved_by_id_9acbe3b0 ON public.training_deputationposting USING btree (approved_by_id);


--
-- Name: training_deputationposting_resident_training_id_290f65dd; Type: INDEX; Schema: public; Owner: sims_user
--

CREATE INDEX training_deputationposting_resident_training_id_290f65dd ON public.training_deputationposting USING btree (resident_training_id);


--
-- Name: training_historicaldeputat_resident_training_id_28eab75d; Type: INDEX; Schema: public; Owner: sims_user
--

CREATE INDEX training_historicaldeputat_resident_training_id_28eab75d ON public.training_historicaldeputationposting USING btree (resident_training_id);


--
-- Name: training_historicaldeputationposting_approved_by_id_bc19de85; Type: INDEX; Schema: public; Owner: sims_user
--

CREATE INDEX training_historicaldeputationposting_approved_by_id_bc19de85 ON public.training_historicaldeputationposting USING btree (approved_by_id);


--
-- Name: training_historicaldeputationposting_history_date_b2522d38; Type: INDEX; Schema: public; Owner: sims_user
--

CREATE INDEX training_historicaldeputationposting_history_date_b2522d38 ON public.training_historicaldeputationposting USING btree (history_date);


--
-- Name: training_historicaldeputationposting_history_user_id_15cec6d9; Type: INDEX; Schema: public; Owner: sims_user
--

CREATE INDEX training_historicaldeputationposting_history_user_id_15cec6d9 ON public.training_historicaldeputationposting USING btree (history_user_id);


--
-- Name: training_historicaldeputationposting_id_11851b68; Type: INDEX; Schema: public; Owner: sims_user
--

CREATE INDEX training_historicaldeputationposting_id_11851b68 ON public.training_historicaldeputationposting USING btree (id);


--
-- Name: training_historicalleaverequest_approved_by_id_9f29fe27; Type: INDEX; Schema: public; Owner: sims_user
--

CREATE INDEX training_historicalleaverequest_approved_by_id_9f29fe27 ON public.training_historicalleaverequest USING btree (approved_by_id);


--
-- Name: training_historicalleaverequest_history_date_2b3872dc; Type: INDEX; Schema: public; Owner: sims_user
--

CREATE INDEX training_historicalleaverequest_history_date_2b3872dc ON public.training_historicalleaverequest USING btree (history_date);


--
-- Name: training_historicalleaverequest_history_user_id_5cf7cf96; Type: INDEX; Schema: public; Owner: sims_user
--

CREATE INDEX training_historicalleaverequest_history_user_id_5cf7cf96 ON public.training_historicalleaverequest USING btree (history_user_id);


--
-- Name: training_historicalleaverequest_id_2f2dce8f; Type: INDEX; Schema: public; Owner: sims_user
--

CREATE INDEX training_historicalleaverequest_id_2f2dce8f ON public.training_historicalleaverequest USING btree (id);


--
-- Name: training_historicalleaverequest_resident_training_id_86e39c86; Type: INDEX; Schema: public; Owner: sims_user
--

CREATE INDEX training_historicalleaverequest_resident_training_id_86e39c86 ON public.training_historicalleaverequest USING btree (resident_training_id);


--
-- Name: training_historicallogbook_configured_by_id_221cc646; Type: INDEX; Schema: public; Owner: sims_user
--

CREATE INDEX training_historicallogbook_configured_by_id_221cc646 ON public.training_historicallogbookthresholdconfig USING btree (configured_by_id);


--
-- Name: training_historicallogbook_department_id_bb882877; Type: INDEX; Schema: public; Owner: sims_user
--

CREATE INDEX training_historicallogbook_department_id_bb882877 ON public.training_historicallogbookthresholdconfig USING btree (department_id);


--
-- Name: training_historicallogbook_history_user_id_707752f2; Type: INDEX; Schema: public; Owner: sims_user
--

CREATE INDEX training_historicallogbook_history_user_id_707752f2 ON public.training_historicallogbookthresholdconfig USING btree (history_user_id);


--
-- Name: training_historicallogbook_resident_training_record_i_1b31e656; Type: INDEX; Schema: public; Owner: sims_user
--

CREATE INDEX training_historicallogbook_resident_training_record_i_1b31e656 ON public.training_historicallogbookentry USING btree (resident_training_record_id);


--
-- Name: training_historicallogbookentry_created_by_id_5f9c6768; Type: INDEX; Schema: public; Owner: sims_user
--

CREATE INDEX training_historicallogbookentry_created_by_id_5f9c6768 ON public.training_historicallogbookentry USING btree (created_by_id);


--
-- Name: training_historicallogbookentry_history_date_3f66cb51; Type: INDEX; Schema: public; Owner: sims_user
--

CREATE INDEX training_historicallogbookentry_history_date_3f66cb51 ON public.training_historicallogbookentry USING btree (history_date);


--
-- Name: training_historicallogbookentry_history_user_id_8f99c8d4; Type: INDEX; Schema: public; Owner: sims_user
--

CREATE INDEX training_historicallogbookentry_history_user_id_8f99c8d4 ON public.training_historicallogbookentry USING btree (history_user_id);


--
-- Name: training_historicallogbookentry_id_30f59d08; Type: INDEX; Schema: public; Owner: sims_user
--

CREATE INDEX training_historicallogbookentry_id_30f59d08 ON public.training_historicallogbookentry USING btree (id);


--
-- Name: training_historicallogbookentry_reviewed_by_id_30bc3d98; Type: INDEX; Schema: public; Owner: sims_user
--

CREATE INDEX training_historicallogbookentry_reviewed_by_id_30bc3d98 ON public.training_historicallogbookentry USING btree (reviewed_by_id);


--
-- Name: training_historicallogbookentry_rotation_assignment_id_36b32767; Type: INDEX; Schema: public; Owner: sims_user
--

CREATE INDEX training_historicallogbookentry_rotation_assignment_id_36b32767 ON public.training_historicallogbookentry USING btree (rotation_assignment_id);


--
-- Name: training_historicallogbookreview_entry_id_4f164b87; Type: INDEX; Schema: public; Owner: sims_user
--

CREATE INDEX training_historicallogbookreview_entry_id_4f164b87 ON public.training_historicallogbookreview USING btree (entry_id);


--
-- Name: training_historicallogbookreview_history_date_a04aa54d; Type: INDEX; Schema: public; Owner: sims_user
--

CREATE INDEX training_historicallogbookreview_history_date_a04aa54d ON public.training_historicallogbookreview USING btree (history_date);


--
-- Name: training_historicallogbookreview_history_user_id_e98cb07a; Type: INDEX; Schema: public; Owner: sims_user
--

CREATE INDEX training_historicallogbookreview_history_user_id_e98cb07a ON public.training_historicallogbookreview USING btree (history_user_id);


--
-- Name: training_historicallogbookreview_id_ce2fe6c7; Type: INDEX; Schema: public; Owner: sims_user
--

CREATE INDEX training_historicallogbookreview_id_ce2fe6c7 ON public.training_historicallogbookreview USING btree (id);


--
-- Name: training_historicallogbookreview_reviewer_id_0cbef8ad; Type: INDEX; Schema: public; Owner: sims_user
--

CREATE INDEX training_historicallogbookreview_reviewer_id_0cbef8ad ON public.training_historicallogbookreview USING btree (reviewer_id);


--
-- Name: training_historicallogbookthresholdconfig_history_date_ae0d2269; Type: INDEX; Schema: public; Owner: sims_user
--

CREATE INDEX training_historicallogbookthresholdconfig_history_date_ae0d2269 ON public.training_historicallogbookthresholdconfig USING btree (history_date);


--
-- Name: training_historicallogbookthresholdconfig_id_2983330b; Type: INDEX; Schema: public; Owner: sims_user
--

CREATE INDEX training_historicallogbookthresholdconfig_id_2983330b ON public.training_historicallogbookthresholdconfig USING btree (id);


--
-- Name: training_historicallogbookthresholdconfig_program_id_632d95d0; Type: INDEX; Schema: public; Owner: sims_user
--

CREATE INDEX training_historicallogbookthresholdconfig_program_id_632d95d0 ON public.training_historicallogbookthresholdconfig USING btree (program_id);


--
-- Name: training_historicalprogram_department_id_2e41ac46; Type: INDEX; Schema: public; Owner: sims_user
--

CREATE INDEX training_historicalprogram_department_id_2e41ac46 ON public.training_historicalprogramrotationrequirement USING btree (department_id);


--
-- Name: training_historicalprogram_department_id_6a6894ec; Type: INDEX; Schema: public; Owner: sims_user
--

CREATE INDEX training_historicalprogram_department_id_6a6894ec ON public.training_historicalprogramrotationtemplate USING btree (department_id);


--
-- Name: training_historicalprogram_history_date_12f271ba; Type: INDEX; Schema: public; Owner: sims_user
--

CREATE INDEX training_historicalprogram_history_date_12f271ba ON public.training_historicalprogrammilestonelogbookrequirement USING btree (history_date);


--
-- Name: training_historicalprogram_history_date_416c4242; Type: INDEX; Schema: public; Owner: sims_user
--

CREATE INDEX training_historicalprogram_history_date_416c4242 ON public.training_historicalprogrammilestoneworkshoprequirement USING btree (history_date);


--
-- Name: training_historicalprogram_history_date_66ec9acd; Type: INDEX; Schema: public; Owner: sims_user
--

CREATE INDEX training_historicalprogram_history_date_66ec9acd ON public.training_historicalprogramrotationrequirement USING btree (history_date);


--
-- Name: training_historicalprogram_history_date_b170c592; Type: INDEX; Schema: public; Owner: sims_user
--

CREATE INDEX training_historicalprogram_history_date_b170c592 ON public.training_historicalprogramrotationtemplate USING btree (history_date);


--
-- Name: training_historicalprogram_history_date_d9bed07a; Type: INDEX; Schema: public; Owner: sims_user
--

CREATE INDEX training_historicalprogram_history_date_d9bed07a ON public.training_historicalprogrammilestoneresearchrequirement USING btree (history_date);


--
-- Name: training_historicalprogram_history_user_id_0d5046f7; Type: INDEX; Schema: public; Owner: sims_user
--

CREATE INDEX training_historicalprogram_history_user_id_0d5046f7 ON public.training_historicalprogrammilestoneresearchrequirement USING btree (history_user_id);


--
-- Name: training_historicalprogram_history_user_id_3f8fb37a; Type: INDEX; Schema: public; Owner: sims_user
--

CREATE INDEX training_historicalprogram_history_user_id_3f8fb37a ON public.training_historicalprogrammilestonelogbookrequirement USING btree (history_user_id);


--
-- Name: training_historicalprogram_history_user_id_56718fe2; Type: INDEX; Schema: public; Owner: sims_user
--

CREATE INDEX training_historicalprogram_history_user_id_56718fe2 ON public.training_historicalprogramrotationtemplate USING btree (history_user_id);


--
-- Name: training_historicalprogram_history_user_id_a367953d; Type: INDEX; Schema: public; Owner: sims_user
--

CREATE INDEX training_historicalprogram_history_user_id_a367953d ON public.training_historicalprogramrotationrequirement USING btree (history_user_id);


--
-- Name: training_historicalprogram_history_user_id_eeb83054; Type: INDEX; Schema: public; Owner: sims_user
--

CREATE INDEX training_historicalprogram_history_user_id_eeb83054 ON public.training_historicalprogrammilestoneworkshoprequirement USING btree (history_user_id);


--
-- Name: training_historicalprogram_id_6ea52977; Type: INDEX; Schema: public; Owner: sims_user
--

CREATE INDEX training_historicalprogram_id_6ea52977 ON public.training_historicalprogrammilestoneworkshoprequirement USING btree (id);


--
-- Name: training_historicalprogram_id_baebbee1; Type: INDEX; Schema: public; Owner: sims_user
--

CREATE INDEX training_historicalprogram_id_baebbee1 ON public.training_historicalprogrammilestonelogbookrequirement USING btree (id);


--
-- Name: training_historicalprogram_id_d448eab2; Type: INDEX; Schema: public; Owner: sims_user
--

CREATE INDEX training_historicalprogram_id_d448eab2 ON public.training_historicalprogrammilestoneresearchrequirement USING btree (id);


--
-- Name: training_historicalprogram_milestone_id_625d68a6; Type: INDEX; Schema: public; Owner: sims_user
--

CREATE INDEX training_historicalprogram_milestone_id_625d68a6 ON public.training_historicalprogrammilestonelogbookrequirement USING btree (milestone_id);


--
-- Name: training_historicalprogram_milestone_id_dd62fcce; Type: INDEX; Schema: public; Owner: sims_user
--

CREATE INDEX training_historicalprogram_milestone_id_dd62fcce ON public.training_historicalprogrammilestoneresearchrequirement USING btree (milestone_id);


--
-- Name: training_historicalprogram_milestone_id_e15bb47c; Type: INDEX; Schema: public; Owner: sims_user
--

CREATE INDEX training_historicalprogram_milestone_id_e15bb47c ON public.training_historicalprogrammilestoneworkshoprequirement USING btree (milestone_id);


--
-- Name: training_historicalprogram_program_id_d2eb39cf; Type: INDEX; Schema: public; Owner: sims_user
--

CREATE INDEX training_historicalprogram_program_id_d2eb39cf ON public.training_historicalprogramrotationrequirement USING btree (program_id);


--
-- Name: training_historicalprogram_workshop_id_dc224f04; Type: INDEX; Schema: public; Owner: sims_user
--

CREATE INDEX training_historicalprogram_workshop_id_dc224f04 ON public.training_historicalprogrammilestoneworkshoprequirement USING btree (workshop_id);


--
-- Name: training_historicalprogrammilestone_history_date_0ceb6b47; Type: INDEX; Schema: public; Owner: sims_user
--

CREATE INDEX training_historicalprogrammilestone_history_date_0ceb6b47 ON public.training_historicalprogrammilestone USING btree (history_date);


--
-- Name: training_historicalprogrammilestone_history_user_id_3cd28bc0; Type: INDEX; Schema: public; Owner: sims_user
--

CREATE INDEX training_historicalprogrammilestone_history_user_id_3cd28bc0 ON public.training_historicalprogrammilestone USING btree (history_user_id);


--
-- Name: training_historicalprogrammilestone_id_b21d31f0; Type: INDEX; Schema: public; Owner: sims_user
--

CREATE INDEX training_historicalprogrammilestone_id_b21d31f0 ON public.training_historicalprogrammilestone USING btree (id);


--
-- Name: training_historicalprogrammilestone_program_id_e857f4e9; Type: INDEX; Schema: public; Owner: sims_user
--

CREATE INDEX training_historicalprogrammilestone_program_id_e857f4e9 ON public.training_historicalprogrammilestone USING btree (program_id);


--
-- Name: training_historicalprogrampolicy_history_date_626a10f0; Type: INDEX; Schema: public; Owner: sims_user
--

CREATE INDEX training_historicalprogrampolicy_history_date_626a10f0 ON public.training_historicalprogrampolicy USING btree (history_date);


--
-- Name: training_historicalprogrampolicy_history_user_id_c171c0a9; Type: INDEX; Schema: public; Owner: sims_user
--

CREATE INDEX training_historicalprogrampolicy_history_user_id_c171c0a9 ON public.training_historicalprogrampolicy USING btree (history_user_id);


--
-- Name: training_historicalprogrampolicy_id_ed81b4b2; Type: INDEX; Schema: public; Owner: sims_user
--

CREATE INDEX training_historicalprogrampolicy_id_ed81b4b2 ON public.training_historicalprogrampolicy USING btree (id);


--
-- Name: training_historicalprogrampolicy_program_id_ee7e2222; Type: INDEX; Schema: public; Owner: sims_user
--

CREATE INDEX training_historicalprogrampolicy_program_id_ee7e2222 ON public.training_historicalprogrampolicy USING btree (program_id);


--
-- Name: training_historicalprogramrotationrequirement_id_08f62498; Type: INDEX; Schema: public; Owner: sims_user
--

CREATE INDEX training_historicalprogramrotationrequirement_id_08f62498 ON public.training_historicalprogramrotationrequirement USING btree (id);


--
-- Name: training_historicalprogramrotationtemplate_id_85de0100; Type: INDEX; Schema: public; Owner: sims_user
--

CREATE INDEX training_historicalprogramrotationtemplate_id_85de0100 ON public.training_historicalprogramrotationtemplate USING btree (id);


--
-- Name: training_historicalprogramrotationtemplate_program_id_1df39746; Type: INDEX; Schema: public; Owner: sims_user
--

CREATE INDEX training_historicalprogramrotationtemplate_program_id_1df39746 ON public.training_historicalprogramrotationtemplate USING btree (program_id);


--
-- Name: training_historicalresiden_created_by_id_1ed6334e; Type: INDEX; Schema: public; Owner: sims_user
--

CREATE INDEX training_historicalresiden_created_by_id_1ed6334e ON public.training_historicalresidenttrainingrecord USING btree (created_by_id);


--
-- Name: training_historicalresiden_history_date_93e826a5; Type: INDEX; Schema: public; Owner: sims_user
--

CREATE INDEX training_historicalresiden_history_date_93e826a5 ON public.training_historicalresidentresearchproject USING btree (history_date);


--
-- Name: training_historicalresiden_history_date_9af9c25d; Type: INDEX; Schema: public; Owner: sims_user
--

CREATE INDEX training_historicalresiden_history_date_9af9c25d ON public.training_historicalresidentworkshopcompletion USING btree (history_date);


--
-- Name: training_historicalresiden_history_user_id_8f8eecf3; Type: INDEX; Schema: public; Owner: sims_user
--

CREATE INDEX training_historicalresiden_history_user_id_8f8eecf3 ON public.training_historicalresidenttrainingrecord USING btree (history_user_id);


--
-- Name: training_historicalresiden_history_user_id_a50ed693; Type: INDEX; Schema: public; Owner: sims_user
--

CREATE INDEX training_historicalresiden_history_user_id_a50ed693 ON public.training_historicalresidentworkshopcompletion USING btree (history_user_id);


--
-- Name: training_historicalresiden_history_user_id_c9355d63; Type: INDEX; Schema: public; Owner: sims_user
--

CREATE INDEX training_historicalresiden_history_user_id_c9355d63 ON public.training_historicalresidentresearchproject USING btree (history_user_id);


--
-- Name: training_historicalresiden_resident_training_record_i_01e24dfc; Type: INDEX; Schema: public; Owner: sims_user
--

CREATE INDEX training_historicalresiden_resident_training_record_i_01e24dfc ON public.training_historicalresidentthesis USING btree (resident_training_record_id);


--
-- Name: training_historicalresiden_resident_training_record_i_355782bd; Type: INDEX; Schema: public; Owner: sims_user
--

CREATE INDEX training_historicalresiden_resident_training_record_i_355782bd ON public.training_historicalresidentworkshopcompletion USING btree (resident_training_record_id);


--
-- Name: training_historicalresiden_resident_training_record_i_5907b65b; Type: INDEX; Schema: public; Owner: sims_user
--

CREATE INDEX training_historicalresiden_resident_training_record_i_5907b65b ON public.training_historicalresidentsubmission USING btree (resident_training_record_id);


--
-- Name: training_historicalresiden_resident_training_record_i_8b142c36; Type: INDEX; Schema: public; Owner: sims_user
--

CREATE INDEX training_historicalresiden_resident_training_record_i_8b142c36 ON public.training_historicalresidentresearchproject USING btree (resident_training_record_id);


--
-- Name: training_historicalresiden_resident_user_id_f0a1e643; Type: INDEX; Schema: public; Owner: sims_user
--

CREATE INDEX training_historicalresiden_resident_user_id_f0a1e643 ON public.training_historicalresidenttrainingrecord USING btree (resident_user_id);


--
-- Name: training_historicalresiden_supervisor_id_9569a0e1; Type: INDEX; Schema: public; Owner: sims_user
--

CREATE INDEX training_historicalresiden_supervisor_id_9569a0e1 ON public.training_historicalresidentresearchproject USING btree (supervisor_id);


--
-- Name: training_historicalresiden_workshop_id_20b62a62; Type: INDEX; Schema: public; Owner: sims_user
--

CREATE INDEX training_historicalresiden_workshop_id_20b62a62 ON public.training_historicalresidentworkshopcompletion USING btree (workshop_id);


--
-- Name: training_historicalresiden_workshop_run_id_a404daf3; Type: INDEX; Schema: public; Owner: sims_user
--

CREATE INDEX training_historicalresiden_workshop_run_id_a404daf3 ON public.training_historicalresidentworkshopcompletion USING btree (workshop_run_id);


--
-- Name: training_historicalresidentresearchproject_id_0882359c; Type: INDEX; Schema: public; Owner: sims_user
--

CREATE INDEX training_historicalresidentresearchproject_id_0882359c ON public.training_historicalresidentresearchproject USING btree (id);


--
-- Name: training_historicalresidentsubmission_history_date_a5aff9e4; Type: INDEX; Schema: public; Owner: sims_user
--

CREATE INDEX training_historicalresidentsubmission_history_date_a5aff9e4 ON public.training_historicalresidentsubmission USING btree (history_date);


--
-- Name: training_historicalresidentsubmission_history_user_id_a3649abd; Type: INDEX; Schema: public; Owner: sims_user
--

CREATE INDEX training_historicalresidentsubmission_history_user_id_a3649abd ON public.training_historicalresidentsubmission USING btree (history_user_id);


--
-- Name: training_historicalresidentsubmission_id_ce2aeb6a; Type: INDEX; Schema: public; Owner: sims_user
--

CREATE INDEX training_historicalresidentsubmission_id_ce2aeb6a ON public.training_historicalresidentsubmission USING btree (id);


--
-- Name: training_historicalresidentsubmission_reviewed_by_id_639c05fa; Type: INDEX; Schema: public; Owner: sims_user
--

CREATE INDEX training_historicalresidentsubmission_reviewed_by_id_639c05fa ON public.training_historicalresidentsubmission USING btree (reviewed_by_id);


--
-- Name: training_historicalresidentthesis_history_date_2efddbbd; Type: INDEX; Schema: public; Owner: sims_user
--

CREATE INDEX training_historicalresidentthesis_history_date_2efddbbd ON public.training_historicalresidentthesis USING btree (history_date);


--
-- Name: training_historicalresidentthesis_history_user_id_8bdde690; Type: INDEX; Schema: public; Owner: sims_user
--

CREATE INDEX training_historicalresidentthesis_history_user_id_8bdde690 ON public.training_historicalresidentthesis USING btree (history_user_id);


--
-- Name: training_historicalresidentthesis_id_d0b79f92; Type: INDEX; Schema: public; Owner: sims_user
--

CREATE INDEX training_historicalresidentthesis_id_d0b79f92 ON public.training_historicalresidentthesis USING btree (id);


--
-- Name: training_historicalresidenttrainingrecord_history_date_8eb160e6; Type: INDEX; Schema: public; Owner: sims_user
--

CREATE INDEX training_historicalresidenttrainingrecord_history_date_8eb160e6 ON public.training_historicalresidenttrainingrecord USING btree (history_date);


--
-- Name: training_historicalresidenttrainingrecord_id_a33273d3; Type: INDEX; Schema: public; Owner: sims_user
--

CREATE INDEX training_historicalresidenttrainingrecord_id_a33273d3 ON public.training_historicalresidenttrainingrecord USING btree (id);


--
-- Name: training_historicalresidenttrainingrecord_program_id_4b7335fe; Type: INDEX; Schema: public; Owner: sims_user
--

CREATE INDEX training_historicalresidenttrainingrecord_program_id_4b7335fe ON public.training_historicalresidenttrainingrecord USING btree (program_id);


--
-- Name: training_historicalresidentworkshopcompletion_id_621737f5; Type: INDEX; Schema: public; Owner: sims_user
--

CREATE INDEX training_historicalresidentworkshopcompletion_id_621737f5 ON public.training_historicalresidentworkshopcompletion USING btree (id);


--
-- Name: training_historicalrotat_certificate_number_38fa7d2e_like; Type: INDEX; Schema: public; Owner: sims_user
--

CREATE INDEX training_historicalrotat_certificate_number_38fa7d2e_like ON public.training_historicalrotationcertificate USING btree (certificate_number varchar_pattern_ops);


--
-- Name: training_historicalrotatio_approved_by_hod_id_c7b9d4a2; Type: INDEX; Schema: public; Owner: sims_user
--

CREATE INDEX training_historicalrotatio_approved_by_hod_id_c7b9d4a2 ON public.training_historicalrotationassignment USING btree (approved_by_hod_id);


--
-- Name: training_historicalrotatio_approved_by_utrmc_id_1d690816; Type: INDEX; Schema: public; Owner: sims_user
--

CREATE INDEX training_historicalrotatio_approved_by_utrmc_id_1d690816 ON public.training_historicalrotationassignment USING btree (approved_by_utrmc_id);


--
-- Name: training_historicalrotatio_certificate_number_38fa7d2e; Type: INDEX; Schema: public; Owner: sims_user
--

CREATE INDEX training_historicalrotatio_certificate_number_38fa7d2e ON public.training_historicalrotationcertificate USING btree (certificate_number);


--
-- Name: training_historicalrotatio_hospital_department_id_dfec8747; Type: INDEX; Schema: public; Owner: sims_user
--

CREATE INDEX training_historicalrotatio_hospital_department_id_dfec8747 ON public.training_historicalrotationassignment USING btree (hospital_department_id);


--
-- Name: training_historicalrotatio_resident_training_id_13d8d0c7; Type: INDEX; Schema: public; Owner: sims_user
--

CREATE INDEX training_historicalrotatio_resident_training_id_13d8d0c7 ON public.training_historicalrotationassignment USING btree (resident_training_id);


--
-- Name: training_historicalrotationassignment_history_date_914653b4; Type: INDEX; Schema: public; Owner: sims_user
--

CREATE INDEX training_historicalrotationassignment_history_date_914653b4 ON public.training_historicalrotationassignment USING btree (history_date);


--
-- Name: training_historicalrotationassignment_history_user_id_bc20317f; Type: INDEX; Schema: public; Owner: sims_user
--

CREATE INDEX training_historicalrotationassignment_history_user_id_bc20317f ON public.training_historicalrotationassignment USING btree (history_user_id);


--
-- Name: training_historicalrotationassignment_id_c49e79a9; Type: INDEX; Schema: public; Owner: sims_user
--

CREATE INDEX training_historicalrotationassignment_id_c49e79a9 ON public.training_historicalrotationassignment USING btree (id);


--
-- Name: training_historicalrotationassignment_requested_by_id_522f57a0; Type: INDEX; Schema: public; Owner: sims_user
--

CREATE INDEX training_historicalrotationassignment_requested_by_id_522f57a0 ON public.training_historicalrotationassignment USING btree (requested_by_id);


--
-- Name: training_historicalrotationassignment_template_id_933ad44f; Type: INDEX; Schema: public; Owner: sims_user
--

CREATE INDEX training_historicalrotationassignment_template_id_933ad44f ON public.training_historicalrotationassignment USING btree (template_id);


--
-- Name: training_historicalrotationcertificate_completion_id_8ccdaa35; Type: INDEX; Schema: public; Owner: sims_user
--

CREATE INDEX training_historicalrotationcertificate_completion_id_8ccdaa35 ON public.training_historicalrotationcertificate USING btree (completion_id);


--
-- Name: training_historicalrotationcertificate_history_date_9c9feaa8; Type: INDEX; Schema: public; Owner: sims_user
--

CREATE INDEX training_historicalrotationcertificate_history_date_9c9feaa8 ON public.training_historicalrotationcertificate USING btree (history_date);


--
-- Name: training_historicalrotationcertificate_history_user_id_20bd2095; Type: INDEX; Schema: public; Owner: sims_user
--

CREATE INDEX training_historicalrotationcertificate_history_user_id_20bd2095 ON public.training_historicalrotationcertificate USING btree (history_user_id);


--
-- Name: training_historicalrotationcertificate_id_c340e23d; Type: INDEX; Schema: public; Owner: sims_user
--

CREATE INDEX training_historicalrotationcertificate_id_c340e23d ON public.training_historicalrotationcertificate USING btree (id);


--
-- Name: training_historicalrotationcertificate_issued_by_id_17c9a62b; Type: INDEX; Schema: public; Owner: sims_user
--

CREATE INDEX training_historicalrotationcertificate_issued_by_id_17c9a62b ON public.training_historicalrotationcertificate USING btree (issued_by_id);


--
-- Name: training_historicalrotationcertificate_verified_by_id_9b9560b0; Type: INDEX; Schema: public; Owner: sims_user
--

CREATE INDEX training_historicalrotationcertificate_verified_by_id_9b9560b0 ON public.training_historicalrotationcertificate USING btree (verified_by_id);


--
-- Name: training_historicalrotationcompletion_confirmed_by_id_873e6f1f; Type: INDEX; Schema: public; Owner: sims_user
--

CREATE INDEX training_historicalrotationcompletion_confirmed_by_id_873e6f1f ON public.training_historicalrotationcompletion USING btree (confirmed_by_id);


--
-- Name: training_historicalrotationcompletion_history_date_a66d85aa; Type: INDEX; Schema: public; Owner: sims_user
--

CREATE INDEX training_historicalrotationcompletion_history_date_a66d85aa ON public.training_historicalrotationcompletion USING btree (history_date);


--
-- Name: training_historicalrotationcompletion_history_user_id_a8eb40ec; Type: INDEX; Schema: public; Owner: sims_user
--

CREATE INDEX training_historicalrotationcompletion_history_user_id_a8eb40ec ON public.training_historicalrotationcompletion USING btree (history_user_id);


--
-- Name: training_historicalrotationcompletion_id_d8b278fe; Type: INDEX; Schema: public; Owner: sims_user
--

CREATE INDEX training_historicalrotationcompletion_id_d8b278fe ON public.training_historicalrotationcompletion USING btree (id);


--
-- Name: training_historicalrotationcompletion_rotation_id_8c28e401; Type: INDEX; Schema: public; Owner: sims_user
--

CREATE INDEX training_historicalrotationcompletion_rotation_id_8c28e401 ON public.training_historicalrotationcompletion USING btree (rotation_id);


--
-- Name: training_historicalrotationcompletion_verified_by_id_0120e178; Type: INDEX; Schema: public; Owner: sims_user
--

CREATE INDEX training_historicalrotationcompletion_verified_by_id_0120e178 ON public.training_historicalrotationcompletion USING btree (verified_by_id);


--
-- Name: training_historicalsubmi_certificate_number_21fbb26e_like; Type: INDEX; Schema: public; Owner: sims_user
--

CREATE INDEX training_historicalsubmi_certificate_number_21fbb26e_like ON public.training_historicalsubmissioncertificate USING btree (certificate_number varchar_pattern_ops);


--
-- Name: training_historicalsubmiss_certificate_number_21fbb26e; Type: INDEX; Schema: public; Owner: sims_user
--

CREATE INDEX training_historicalsubmiss_certificate_number_21fbb26e ON public.training_historicalsubmissioncertificate USING btree (certificate_number);


--
-- Name: training_historicalsubmiss_created_by_id_076eae41; Type: INDEX; Schema: public; Owner: sims_user
--

CREATE INDEX training_historicalsubmiss_created_by_id_076eae41 ON public.training_historicalsubmissionrequirementtemplate USING btree (created_by_id);


--
-- Name: training_historicalsubmiss_department_id_df9effcc; Type: INDEX; Schema: public; Owner: sims_user
--

CREATE INDEX training_historicalsubmiss_department_id_df9effcc ON public.training_historicalsubmissionrequirementtemplate USING btree (department_id);


--
-- Name: training_historicalsubmiss_history_date_9b612773; Type: INDEX; Schema: public; Owner: sims_user
--

CREATE INDEX training_historicalsubmiss_history_date_9b612773 ON public.training_historicalsubmissionrequirementtemplate USING btree (history_date);


--
-- Name: training_historicalsubmiss_history_user_id_0e1b4606; Type: INDEX; Schema: public; Owner: sims_user
--

CREATE INDEX training_historicalsubmiss_history_user_id_0e1b4606 ON public.training_historicalsubmissioncertificate USING btree (history_user_id);


--
-- Name: training_historicalsubmiss_history_user_id_ae1b159e; Type: INDEX; Schema: public; Owner: sims_user
--

CREATE INDEX training_historicalsubmiss_history_user_id_ae1b159e ON public.training_historicalsubmissionrequirementtemplate USING btree (history_user_id);


--
-- Name: training_historicalsubmiss_program_id_99324097; Type: INDEX; Schema: public; Owner: sims_user
--

CREATE INDEX training_historicalsubmiss_program_id_99324097 ON public.training_historicalsubmissionrequirementtemplate USING btree (program_id);


--
-- Name: training_historicalsubmiss_verified_by_id_827d3081; Type: INDEX; Schema: public; Owner: sims_user
--

CREATE INDEX training_historicalsubmiss_verified_by_id_827d3081 ON public.training_historicalsubmissioncertificate USING btree (verified_by_id);


--
-- Name: training_historicalsubmissioncertificate_history_date_d27a229f; Type: INDEX; Schema: public; Owner: sims_user
--

CREATE INDEX training_historicalsubmissioncertificate_history_date_d27a229f ON public.training_historicalsubmissioncertificate USING btree (history_date);


--
-- Name: training_historicalsubmissioncertificate_id_63cad925; Type: INDEX; Schema: public; Owner: sims_user
--

CREATE INDEX training_historicalsubmissioncertificate_id_63cad925 ON public.training_historicalsubmissioncertificate USING btree (id);


--
-- Name: training_historicalsubmissioncertificate_issued_by_id_9c39b3d9; Type: INDEX; Schema: public; Owner: sims_user
--

CREATE INDEX training_historicalsubmissioncertificate_issued_by_id_9c39b3d9 ON public.training_historicalsubmissioncertificate USING btree (issued_by_id);


--
-- Name: training_historicalsubmissioncertificate_submission_id_ef42f578; Type: INDEX; Schema: public; Owner: sims_user
--

CREATE INDEX training_historicalsubmissioncertificate_submission_id_ef42f578 ON public.training_historicalsubmissioncertificate USING btree (submission_id);


--
-- Name: training_historicalsubmissiondocument_history_date_bff86f03; Type: INDEX; Schema: public; Owner: sims_user
--

CREATE INDEX training_historicalsubmissiondocument_history_date_bff86f03 ON public.training_historicalsubmissiondocument USING btree (history_date);


--
-- Name: training_historicalsubmissiondocument_history_user_id_3c5154a3; Type: INDEX; Schema: public; Owner: sims_user
--

CREATE INDEX training_historicalsubmissiondocument_history_user_id_3c5154a3 ON public.training_historicalsubmissiondocument USING btree (history_user_id);


--
-- Name: training_historicalsubmissiondocument_id_79b1d4e1; Type: INDEX; Schema: public; Owner: sims_user
--

CREATE INDEX training_historicalsubmissiondocument_id_79b1d4e1 ON public.training_historicalsubmissiondocument USING btree (id);


--
-- Name: training_historicalsubmissiondocument_requirement_id_7cd518c1; Type: INDEX; Schema: public; Owner: sims_user
--

CREATE INDEX training_historicalsubmissiondocument_requirement_id_7cd518c1 ON public.training_historicalsubmissiondocument USING btree (requirement_id);


--
-- Name: training_historicalsubmissiondocument_submission_id_925d4143; Type: INDEX; Schema: public; Owner: sims_user
--

CREATE INDEX training_historicalsubmissiondocument_submission_id_925d4143 ON public.training_historicalsubmissiondocument USING btree (submission_id);


--
-- Name: training_historicalsubmissiondocument_uploaded_by_id_ff66fa57; Type: INDEX; Schema: public; Owner: sims_user
--

CREATE INDEX training_historicalsubmissiondocument_uploaded_by_id_ff66fa57 ON public.training_historicalsubmissiondocument USING btree (uploaded_by_id);


--
-- Name: training_historicalsubmissionrequirementtemplate_id_e39e963b; Type: INDEX; Schema: public; Owner: sims_user
--

CREATE INDEX training_historicalsubmissionrequirementtemplate_id_e39e963b ON public.training_historicalsubmissionrequirementtemplate USING btree (id);


--
-- Name: training_historicalsubmissionreview_history_date_302b8ced; Type: INDEX; Schema: public; Owner: sims_user
--

CREATE INDEX training_historicalsubmissionreview_history_date_302b8ced ON public.training_historicalsubmissionreview USING btree (history_date);


--
-- Name: training_historicalsubmissionreview_history_user_id_bf90ef86; Type: INDEX; Schema: public; Owner: sims_user
--

CREATE INDEX training_historicalsubmissionreview_history_user_id_bf90ef86 ON public.training_historicalsubmissionreview USING btree (history_user_id);


--
-- Name: training_historicalsubmissionreview_id_5873eaf1; Type: INDEX; Schema: public; Owner: sims_user
--

CREATE INDEX training_historicalsubmissionreview_id_5873eaf1 ON public.training_historicalsubmissionreview USING btree (id);


--
-- Name: training_historicalsubmissionreview_reviewer_id_5264b69d; Type: INDEX; Schema: public; Owner: sims_user
--

CREATE INDEX training_historicalsubmissionreview_reviewer_id_5264b69d ON public.training_historicalsubmissionreview USING btree (reviewer_id);


--
-- Name: training_historicalsubmissionreview_submission_id_39c99d1b; Type: INDEX; Schema: public; Owner: sims_user
--

CREATE INDEX training_historicalsubmissionreview_submission_id_39c99d1b ON public.training_historicalsubmissionreview USING btree (submission_id);


--
-- Name: training_historicaltrainingprogram_code_a1b22b8e; Type: INDEX; Schema: public; Owner: sims_user
--

CREATE INDEX training_historicaltrainingprogram_code_a1b22b8e ON public.training_historicaltrainingprogram USING btree (code);


--
-- Name: training_historicaltrainingprogram_code_a1b22b8e_like; Type: INDEX; Schema: public; Owner: sims_user
--

CREATE INDEX training_historicaltrainingprogram_code_a1b22b8e_like ON public.training_historicaltrainingprogram USING btree (code varchar_pattern_ops);


--
-- Name: training_historicaltrainingprogram_department_id_5d5da6ac; Type: INDEX; Schema: public; Owner: sims_user
--

CREATE INDEX training_historicaltrainingprogram_department_id_5d5da6ac ON public.training_historicaltrainingprogram USING btree (department_id);


--
-- Name: training_historicaltrainingprogram_history_date_dfc3aa03; Type: INDEX; Schema: public; Owner: sims_user
--

CREATE INDEX training_historicaltrainingprogram_history_date_dfc3aa03 ON public.training_historicaltrainingprogram USING btree (history_date);


--
-- Name: training_historicaltrainingprogram_history_user_id_3bdd82a0; Type: INDEX; Schema: public; Owner: sims_user
--

CREATE INDEX training_historicaltrainingprogram_history_user_id_3bdd82a0 ON public.training_historicaltrainingprogram USING btree (history_user_id);


--
-- Name: training_historicaltrainingprogram_id_aa5735fd; Type: INDEX; Schema: public; Owner: sims_user
--

CREATE INDEX training_historicaltrainingprogram_id_aa5735fd ON public.training_historicaltrainingprogram USING btree (id);


--
-- Name: training_historicalworkshop_code_513fd5a3; Type: INDEX; Schema: public; Owner: sims_user
--

CREATE INDEX training_historicalworkshop_code_513fd5a3 ON public.training_historicalworkshop USING btree (code);


--
-- Name: training_historicalworkshop_code_513fd5a3_like; Type: INDEX; Schema: public; Owner: sims_user
--

CREATE INDEX training_historicalworkshop_code_513fd5a3_like ON public.training_historicalworkshop USING btree (code varchar_pattern_ops);


--
-- Name: training_historicalworkshop_history_date_f950273e; Type: INDEX; Schema: public; Owner: sims_user
--

CREATE INDEX training_historicalworkshop_history_date_f950273e ON public.training_historicalworkshop USING btree (history_date);


--
-- Name: training_historicalworkshop_history_user_id_3451443d; Type: INDEX; Schema: public; Owner: sims_user
--

CREATE INDEX training_historicalworkshop_history_user_id_3451443d ON public.training_historicalworkshop USING btree (history_user_id);


--
-- Name: training_historicalworkshop_id_482d381f; Type: INDEX; Schema: public; Owner: sims_user
--

CREATE INDEX training_historicalworkshop_id_482d381f ON public.training_historicalworkshop USING btree (id);


--
-- Name: training_historicalworkshopblock_history_date_fa5106b3; Type: INDEX; Schema: public; Owner: sims_user
--

CREATE INDEX training_historicalworkshopblock_history_date_fa5106b3 ON public.training_historicalworkshopblock USING btree (history_date);


--
-- Name: training_historicalworkshopblock_history_user_id_a2b4ef19; Type: INDEX; Schema: public; Owner: sims_user
--

CREATE INDEX training_historicalworkshopblock_history_user_id_a2b4ef19 ON public.training_historicalworkshopblock USING btree (history_user_id);


--
-- Name: training_historicalworkshopblock_id_e2a0c92d; Type: INDEX; Schema: public; Owner: sims_user
--

CREATE INDEX training_historicalworkshopblock_id_e2a0c92d ON public.training_historicalworkshopblock USING btree (id);


--
-- Name: training_historicalworkshopblock_workshop_id_a59bb3db; Type: INDEX; Schema: public; Owner: sims_user
--

CREATE INDEX training_historicalworkshopblock_workshop_id_a59bb3db ON public.training_historicalworkshopblock USING btree (workshop_id);


--
-- Name: training_historicalworkshoprun_block_id_e8322e26; Type: INDEX; Schema: public; Owner: sims_user
--

CREATE INDEX training_historicalworkshoprun_block_id_e8322e26 ON public.training_historicalworkshoprun USING btree (block_id);


--
-- Name: training_historicalworkshoprun_facilitator_id_8cadeb2c; Type: INDEX; Schema: public; Owner: sims_user
--

CREATE INDEX training_historicalworkshoprun_facilitator_id_8cadeb2c ON public.training_historicalworkshoprun USING btree (facilitator_id);


--
-- Name: training_historicalworkshoprun_history_date_1c885b24; Type: INDEX; Schema: public; Owner: sims_user
--

CREATE INDEX training_historicalworkshoprun_history_date_1c885b24 ON public.training_historicalworkshoprun USING btree (history_date);


--
-- Name: training_historicalworkshoprun_history_user_id_5a974990; Type: INDEX; Schema: public; Owner: sims_user
--

CREATE INDEX training_historicalworkshoprun_history_user_id_5a974990 ON public.training_historicalworkshoprun USING btree (history_user_id);


--
-- Name: training_historicalworkshoprun_id_e5cefbe7; Type: INDEX; Schema: public; Owner: sims_user
--

CREATE INDEX training_historicalworkshoprun_id_e5cefbe7 ON public.training_historicalworkshoprun USING btree (id);


--
-- Name: training_leaverequest_approved_by_id_5c14bafd; Type: INDEX; Schema: public; Owner: sims_user
--

CREATE INDEX training_leaverequest_approved_by_id_5c14bafd ON public.training_leaverequest USING btree (approved_by_id);


--
-- Name: training_leaverequest_resident_training_id_da092f12; Type: INDEX; Schema: public; Owner: sims_user
--

CREATE INDEX training_leaverequest_resident_training_id_da092f12 ON public.training_leaverequest USING btree (resident_training_id);


--
-- Name: training_lo_action_60d724_idx; Type: INDEX; Schema: public; Owner: sims_user
--

CREATE INDEX training_lo_action_60d724_idx ON public.training_logbookreview USING btree (action, created_at);


--
-- Name: training_lo_departm_1d1963_idx; Type: INDEX; Schema: public; Owner: sims_user
--

CREATE INDEX training_lo_departm_1d1963_idx ON public.training_logbookthresholdconfig USING btree (department_id, is_active);


--
-- Name: training_lo_entry_i_c121de_idx; Type: INDEX; Schema: public; Owner: sims_user
--

CREATE INDEX training_lo_entry_i_c121de_idx ON public.training_logbookreview USING btree (entry_id, created_at);


--
-- Name: training_lo_mode_9cea97_idx; Type: INDEX; Schema: public; Owner: sims_user
--

CREATE INDEX training_lo_mode_9cea97_idx ON public.training_logbookthresholdconfig USING btree (mode, is_active);


--
-- Name: training_lo_patient_bcf246_idx; Type: INDEX; Schema: public; Owner: sims_user
--

CREATE INDEX training_lo_patient_bcf246_idx ON public.training_logbookentry USING btree (patient_seen_at);


--
-- Name: training_lo_program_85d1a6_idx; Type: INDEX; Schema: public; Owner: sims_user
--

CREATE INDEX training_lo_program_85d1a6_idx ON public.training_logbookthresholdconfig USING btree (program_id, is_active);


--
-- Name: training_lo_residen_71e58e_idx; Type: INDEX; Schema: public; Owner: sims_user
--

CREATE INDEX training_lo_residen_71e58e_idx ON public.training_logbookentry USING btree (resident_training_record_id, status);


--
-- Name: training_lo_residen_74d32b_idx; Type: INDEX; Schema: public; Owner: sims_user
--

CREATE INDEX training_lo_residen_74d32b_idx ON public.training_logbookthresholdsnapshot USING btree (resident_training_record_id, computed_at);


--
-- Name: training_lo_rotatio_9f324c_idx; Type: INDEX; Schema: public; Owner: sims_user
--

CREATE INDEX training_lo_rotatio_9f324c_idx ON public.training_logbookentry USING btree (rotation_assignment_id, status);


--
-- Name: training_lo_thresho_59ed4c_idx; Type: INDEX; Schema: public; Owner: sims_user
--

CREATE INDEX training_lo_thresho_59ed4c_idx ON public.training_logbookthresholdsnapshot USING btree (threshold_config_id, computed_at);


--
-- Name: training_logbookentry_created_by_id_a5bb7239; Type: INDEX; Schema: public; Owner: sims_user
--

CREATE INDEX training_logbookentry_created_by_id_a5bb7239 ON public.training_logbookentry USING btree (created_by_id);


--
-- Name: training_logbookentry_resident_training_record_id_a57b64d2; Type: INDEX; Schema: public; Owner: sims_user
--

CREATE INDEX training_logbookentry_resident_training_record_id_a57b64d2 ON public.training_logbookentry USING btree (resident_training_record_id);


--
-- Name: training_logbookentry_reviewed_by_id_aeb35d0c; Type: INDEX; Schema: public; Owner: sims_user
--

CREATE INDEX training_logbookentry_reviewed_by_id_aeb35d0c ON public.training_logbookentry USING btree (reviewed_by_id);


--
-- Name: training_logbookentry_rotation_assignment_id_f9e534f9; Type: INDEX; Schema: public; Owner: sims_user
--

CREATE INDEX training_logbookentry_rotation_assignment_id_f9e534f9 ON public.training_logbookentry USING btree (rotation_assignment_id);


--
-- Name: training_logbookreview_entry_id_932dec22; Type: INDEX; Schema: public; Owner: sims_user
--

CREATE INDEX training_logbookreview_entry_id_932dec22 ON public.training_logbookreview USING btree (entry_id);


--
-- Name: training_logbookreview_reviewer_id_686749de; Type: INDEX; Schema: public; Owner: sims_user
--

CREATE INDEX training_logbookreview_reviewer_id_686749de ON public.training_logbookreview USING btree (reviewer_id);


--
-- Name: training_logbookthresholdconfig_configured_by_id_6aa6392f; Type: INDEX; Schema: public; Owner: sims_user
--

CREATE INDEX training_logbookthresholdconfig_configured_by_id_6aa6392f ON public.training_logbookthresholdconfig USING btree (configured_by_id);


--
-- Name: training_logbookthresholdconfig_department_id_c1461223; Type: INDEX; Schema: public; Owner: sims_user
--

CREATE INDEX training_logbookthresholdconfig_department_id_c1461223 ON public.training_logbookthresholdconfig USING btree (department_id);


--
-- Name: training_logbookthresholdconfig_program_id_029925ce; Type: INDEX; Schema: public; Owner: sims_user
--

CREATE INDEX training_logbookthresholdconfig_program_id_029925ce ON public.training_logbookthresholdconfig USING btree (program_id);


--
-- Name: training_logbookthresholds_resident_training_record_i_5bb4ba02; Type: INDEX; Schema: public; Owner: sims_user
--

CREATE INDEX training_logbookthresholds_resident_training_record_i_5bb4ba02 ON public.training_logbookthresholdsnapshot USING btree (resident_training_record_id);


--
-- Name: training_logbookthresholds_rotation_assignment_id_f001272a; Type: INDEX; Schema: public; Owner: sims_user
--

CREATE INDEX training_logbookthresholds_rotation_assignment_id_f001272a ON public.training_logbookthresholdsnapshot USING btree (rotation_assignment_id);


--
-- Name: training_logbookthresholdsnapshot_threshold_config_id_0da7556d; Type: INDEX; Schema: public; Owner: sims_user
--

CREATE INDEX training_logbookthresholdsnapshot_threshold_config_id_0da7556d ON public.training_logbookthresholdsnapshot USING btree (threshold_config_id);


--
-- Name: training_pr_departm_c3fe85_idx; Type: INDEX; Schema: public; Owner: sims_user
--

CREATE INDEX training_pr_departm_c3fe85_idx ON public.training_programrotationrequirement USING btree (department_id);


--
-- Name: training_pr_program_02445d_idx; Type: INDEX; Schema: public; Owner: sims_user
--

CREATE INDEX training_pr_program_02445d_idx ON public.training_programrotationrequirement USING btree (program_id, is_mandatory);


--
-- Name: training_programmilestone_program_id_35958f52; Type: INDEX; Schema: public; Owner: sims_user
--

CREATE INDEX training_programmilestone_program_id_35958f52 ON public.training_programmilestone USING btree (program_id);


--
-- Name: training_programmilestonel_milestone_id_f53a02ff; Type: INDEX; Schema: public; Owner: sims_user
--

CREATE INDEX training_programmilestonel_milestone_id_f53a02ff ON public.training_programmilestonelogbookrequirement USING btree (milestone_id);


--
-- Name: training_programmilestonew_milestone_id_d9999678; Type: INDEX; Schema: public; Owner: sims_user
--

CREATE INDEX training_programmilestonew_milestone_id_d9999678 ON public.training_programmilestoneworkshoprequirement USING btree (milestone_id);


--
-- Name: training_programmilestonew_workshop_id_fd9fa841; Type: INDEX; Schema: public; Owner: sims_user
--

CREATE INDEX training_programmilestonew_workshop_id_fd9fa841 ON public.training_programmilestoneworkshoprequirement USING btree (workshop_id);


--
-- Name: training_programrotationrequirement_department_id_22d663ae; Type: INDEX; Schema: public; Owner: sims_user
--

CREATE INDEX training_programrotationrequirement_department_id_22d663ae ON public.training_programrotationrequirement USING btree (department_id);


--
-- Name: training_programrotationrequirement_program_id_b33443d3; Type: INDEX; Schema: public; Owner: sims_user
--

CREATE INDEX training_programrotationrequirement_program_id_b33443d3 ON public.training_programrotationrequirement USING btree (program_id);


--
-- Name: training_programrotationte_hospital_id_8c94814b; Type: INDEX; Schema: public; Owner: sims_user
--

CREATE INDEX training_programrotationte_hospital_id_8c94814b ON public.training_programrotationtemplate_allowed_hospitals USING btree (hospital_id);


--
-- Name: training_programrotationte_programrotationtemplate_id_cee5e98b; Type: INDEX; Schema: public; Owner: sims_user
--

CREATE INDEX training_programrotationte_programrotationtemplate_id_cee5e98b ON public.training_programrotationtemplate_allowed_hospitals USING btree (programrotationtemplate_id);


--
-- Name: training_programrotationtemplate_department_id_512475cd; Type: INDEX; Schema: public; Owner: sims_user
--

CREATE INDEX training_programrotationtemplate_department_id_512475cd ON public.training_programrotationtemplate USING btree (department_id);


--
-- Name: training_programrotationtemplate_program_id_a2d04afa; Type: INDEX; Schema: public; Owner: sims_user
--

CREATE INDEX training_programrotationtemplate_program_id_a2d04afa ON public.training_programrotationtemplate USING btree (program_id);


--
-- Name: training_re_residen_683e77_idx; Type: INDEX; Schema: public; Owner: sims_user
--

CREATE INDEX training_re_residen_683e77_idx ON public.training_residentworkshopcompletion USING btree (resident_training_record_id, workshop_id);


--
-- Name: training_re_residen_cbddf8_idx; Type: INDEX; Schema: public; Owner: sims_user
--

CREATE INDEX training_re_residen_cbddf8_idx ON public.training_residentsubmission USING btree (resident_training_record_id, submission_type);


--
-- Name: training_re_submiss_524d48_idx; Type: INDEX; Schema: public; Owner: sims_user
--

CREATE INDEX training_re_submiss_524d48_idx ON public.training_residentsubmission USING btree (submission_type, status);


--
-- Name: training_residentmilestone_resident_training_record_i_0d6feda8; Type: INDEX; Schema: public; Owner: sims_user
--

CREATE INDEX training_residentmilestone_resident_training_record_i_0d6feda8 ON public.training_residentmilestoneeligibility USING btree (resident_training_record_id);


--
-- Name: training_residentmilestoneeligibility_milestone_id_cea9555e; Type: INDEX; Schema: public; Owner: sims_user
--

CREATE INDEX training_residentmilestoneeligibility_milestone_id_cea9555e ON public.training_residentmilestoneeligibility USING btree (milestone_id);


--
-- Name: training_residentresearchproject_supervisor_id_47e9289b; Type: INDEX; Schema: public; Owner: sims_user
--

CREATE INDEX training_residentresearchproject_supervisor_id_47e9289b ON public.training_residentresearchproject USING btree (supervisor_id);


--
-- Name: training_residentsubmissio_resident_training_record_i_ffa56f77; Type: INDEX; Schema: public; Owner: sims_user
--

CREATE INDEX training_residentsubmissio_resident_training_record_i_ffa56f77 ON public.training_residentsubmission USING btree (resident_training_record_id);


--
-- Name: training_residentsubmission_reviewed_by_id_f872610f; Type: INDEX; Schema: public; Owner: sims_user
--

CREATE INDEX training_residentsubmission_reviewed_by_id_f872610f ON public.training_residentsubmission USING btree (reviewed_by_id);


--
-- Name: training_residenttrainingrecord_created_by_id_48fce119; Type: INDEX; Schema: public; Owner: sims_user
--

CREATE INDEX training_residenttrainingrecord_created_by_id_48fce119 ON public.training_residenttrainingrecord USING btree (created_by_id);


--
-- Name: training_residenttrainingrecord_program_id_53ff2a2e; Type: INDEX; Schema: public; Owner: sims_user
--

CREATE INDEX training_residenttrainingrecord_program_id_53ff2a2e ON public.training_residenttrainingrecord USING btree (program_id);


--
-- Name: training_residenttrainingrecord_resident_user_id_d35e4dea; Type: INDEX; Schema: public; Owner: sims_user
--

CREATE INDEX training_residenttrainingrecord_resident_user_id_d35e4dea ON public.training_residenttrainingrecord USING btree (resident_user_id);


--
-- Name: training_residentworkshopc_resident_training_record_i_7e90cbcb; Type: INDEX; Schema: public; Owner: sims_user
--

CREATE INDEX training_residentworkshopc_resident_training_record_i_7e90cbcb ON public.training_residentworkshopcompletion USING btree (resident_training_record_id);


--
-- Name: training_residentworkshopcompletion_workshop_id_3d647129; Type: INDEX; Schema: public; Owner: sims_user
--

CREATE INDEX training_residentworkshopcompletion_workshop_id_3d647129 ON public.training_residentworkshopcompletion USING btree (workshop_id);


--
-- Name: training_residentworkshopcompletion_workshop_run_id_8dd2ef3d; Type: INDEX; Schema: public; Owner: sims_user
--

CREATE INDEX training_residentworkshopcompletion_workshop_run_id_8dd2ef3d ON public.training_residentworkshopcompletion USING btree (workshop_run_id);


--
-- Name: training_ro_certifi_6b0df6_idx; Type: INDEX; Schema: public; Owner: sims_user
--

CREATE INDEX training_ro_certifi_6b0df6_idx ON public.training_rotationcertificate USING btree (certificate_number);


--
-- Name: training_ro_confirm_b33d53_idx; Type: INDEX; Schema: public; Owner: sims_user
--

CREATE INDEX training_ro_confirm_b33d53_idx ON public.training_rotationcompletion USING btree (confirmed_at);


--
-- Name: training_ro_residen_72ba57_idx; Type: INDEX; Schema: public; Owner: sims_user
--

CREATE INDEX training_ro_residen_72ba57_idx ON public.training_rotationassignment USING btree (resident_training_id, status);


--
-- Name: training_ro_start_d_547ffe_idx; Type: INDEX; Schema: public; Owner: sims_user
--

CREATE INDEX training_ro_start_d_547ffe_idx ON public.training_rotationassignment USING btree (start_date, end_date);


--
-- Name: training_ro_status_1e2677_idx; Type: INDEX; Schema: public; Owner: sims_user
--

CREATE INDEX training_ro_status_1e2677_idx ON public.training_rotationcertificate USING btree (status, issued_at);


--
-- Name: training_ro_status_c5406f_idx; Type: INDEX; Schema: public; Owner: sims_user
--

CREATE INDEX training_ro_status_c5406f_idx ON public.training_rotationassignment USING btree (status);


--
-- Name: training_ro_status_daf9e3_idx; Type: INDEX; Schema: public; Owner: sims_user
--

CREATE INDEX training_ro_status_daf9e3_idx ON public.training_rotationcompletion USING btree (status, verified_at);


--
-- Name: training_rotationassignment_approved_by_hod_id_a393914d; Type: INDEX; Schema: public; Owner: sims_user
--

CREATE INDEX training_rotationassignment_approved_by_hod_id_a393914d ON public.training_rotationassignment USING btree (approved_by_hod_id);


--
-- Name: training_rotationassignment_approved_by_utrmc_id_cef957a2; Type: INDEX; Schema: public; Owner: sims_user
--

CREATE INDEX training_rotationassignment_approved_by_utrmc_id_cef957a2 ON public.training_rotationassignment USING btree (approved_by_utrmc_id);


--
-- Name: training_rotationassignment_hospital_department_id_98df1319; Type: INDEX; Schema: public; Owner: sims_user
--

CREATE INDEX training_rotationassignment_hospital_department_id_98df1319 ON public.training_rotationassignment USING btree (hospital_department_id);


--
-- Name: training_rotationassignment_requested_by_id_d4181a01; Type: INDEX; Schema: public; Owner: sims_user
--

CREATE INDEX training_rotationassignment_requested_by_id_d4181a01 ON public.training_rotationassignment USING btree (requested_by_id);


--
-- Name: training_rotationassignment_resident_training_id_fa9885d8; Type: INDEX; Schema: public; Owner: sims_user
--

CREATE INDEX training_rotationassignment_resident_training_id_fa9885d8 ON public.training_rotationassignment USING btree (resident_training_id);


--
-- Name: training_rotationassignment_template_id_92914021; Type: INDEX; Schema: public; Owner: sims_user
--

CREATE INDEX training_rotationassignment_template_id_92914021 ON public.training_rotationassignment USING btree (template_id);


--
-- Name: training_rotationcertificate_certificate_number_38d72842_like; Type: INDEX; Schema: public; Owner: sims_user
--

CREATE INDEX training_rotationcertificate_certificate_number_38d72842_like ON public.training_rotationcertificate USING btree (certificate_number varchar_pattern_ops);


--
-- Name: training_rotationcertificate_issued_by_id_27d4dc81; Type: INDEX; Schema: public; Owner: sims_user
--

CREATE INDEX training_rotationcertificate_issued_by_id_27d4dc81 ON public.training_rotationcertificate USING btree (issued_by_id);


--
-- Name: training_rotationcertificate_verified_by_id_c0b5f207; Type: INDEX; Schema: public; Owner: sims_user
--

CREATE INDEX training_rotationcertificate_verified_by_id_c0b5f207 ON public.training_rotationcertificate USING btree (verified_by_id);


--
-- Name: training_rotationcompletion_confirmed_by_id_e8d448ba; Type: INDEX; Schema: public; Owner: sims_user
--

CREATE INDEX training_rotationcompletion_confirmed_by_id_e8d448ba ON public.training_rotationcompletion USING btree (confirmed_by_id);


--
-- Name: training_rotationcompletion_verified_by_id_e06c75ae; Type: INDEX; Schema: public; Owner: sims_user
--

CREATE INDEX training_rotationcompletion_verified_by_id_e06c75ae ON public.training_rotationcompletion USING btree (verified_by_id);


--
-- Name: training_su_action_3cf46f_idx; Type: INDEX; Schema: public; Owner: sims_user
--

CREATE INDEX training_su_action_3cf46f_idx ON public.training_submissionreview USING btree (action, created_at);


--
-- Name: training_su_certifi_4d565f_idx; Type: INDEX; Schema: public; Owner: sims_user
--

CREATE INDEX training_su_certifi_4d565f_idx ON public.training_submissioncertificate USING btree (certificate_number);


--
-- Name: training_su_departm_c92914_idx; Type: INDEX; Schema: public; Owner: sims_user
--

CREATE INDEX training_su_departm_c92914_idx ON public.training_submissionrequirementtemplate USING btree (department_id, submission_type, active);


--
-- Name: training_su_is_acti_3bf23d_idx; Type: INDEX; Schema: public; Owner: sims_user
--

CREATE INDEX training_su_is_acti_3bf23d_idx ON public.training_submissiondocument USING btree (is_active);


--
-- Name: training_su_program_2fc323_idx; Type: INDEX; Schema: public; Owner: sims_user
--

CREATE INDEX training_su_program_2fc323_idx ON public.training_submissionrequirementtemplate USING btree (program_id, submission_type, active);


--
-- Name: training_su_require_682807_idx; Type: INDEX; Schema: public; Owner: sims_user
--

CREATE INDEX training_su_require_682807_idx ON public.training_submissiondocument USING btree (requirement_id);


--
-- Name: training_su_status_f76f4a_idx; Type: INDEX; Schema: public; Owner: sims_user
--

CREATE INDEX training_su_status_f76f4a_idx ON public.training_submissioncertificate USING btree (status, issued_at);


--
-- Name: training_su_submiss_855e2f_idx; Type: INDEX; Schema: public; Owner: sims_user
--

CREATE INDEX training_su_submiss_855e2f_idx ON public.training_submissionreview USING btree (submission_id, created_at);


--
-- Name: training_su_submiss_a57dcf_idx; Type: INDEX; Schema: public; Owner: sims_user
--

CREATE INDEX training_su_submiss_a57dcf_idx ON public.training_submissiondocument USING btree (submission_id, uploaded_at);


--
-- Name: training_su_submiss_af1c35_idx; Type: INDEX; Schema: public; Owner: sims_user
--

CREATE INDEX training_su_submiss_af1c35_idx ON public.training_submissionrequirementtemplate USING btree (submission_type, active);


--
-- Name: training_submissioncertificate_certificate_number_17811767_like; Type: INDEX; Schema: public; Owner: sims_user
--

CREATE INDEX training_submissioncertificate_certificate_number_17811767_like ON public.training_submissioncertificate USING btree (certificate_number varchar_pattern_ops);


--
-- Name: training_submissioncertificate_issued_by_id_b4fc86e1; Type: INDEX; Schema: public; Owner: sims_user
--

CREATE INDEX training_submissioncertificate_issued_by_id_b4fc86e1 ON public.training_submissioncertificate USING btree (issued_by_id);


--
-- Name: training_submissioncertificate_verified_by_id_35a22dc8; Type: INDEX; Schema: public; Owner: sims_user
--

CREATE INDEX training_submissioncertificate_verified_by_id_35a22dc8 ON public.training_submissioncertificate USING btree (verified_by_id);


--
-- Name: training_submissiondocument_requirement_id_ac2290e6; Type: INDEX; Schema: public; Owner: sims_user
--

CREATE INDEX training_submissiondocument_requirement_id_ac2290e6 ON public.training_submissiondocument USING btree (requirement_id);


--
-- Name: training_submissiondocument_submission_id_4e939de1; Type: INDEX; Schema: public; Owner: sims_user
--

CREATE INDEX training_submissiondocument_submission_id_4e939de1 ON public.training_submissiondocument USING btree (submission_id);


--
-- Name: training_submissiondocument_uploaded_by_id_90d390be; Type: INDEX; Schema: public; Owner: sims_user
--

CREATE INDEX training_submissiondocument_uploaded_by_id_90d390be ON public.training_submissiondocument USING btree (uploaded_by_id);


--
-- Name: training_submissionrequirementtemplate_created_by_id_cf534448; Type: INDEX; Schema: public; Owner: sims_user
--

CREATE INDEX training_submissionrequirementtemplate_created_by_id_cf534448 ON public.training_submissionrequirementtemplate USING btree (created_by_id);


--
-- Name: training_submissionrequirementtemplate_department_id_b8efc88f; Type: INDEX; Schema: public; Owner: sims_user
--

CREATE INDEX training_submissionrequirementtemplate_department_id_b8efc88f ON public.training_submissionrequirementtemplate USING btree (department_id);


--
-- Name: training_submissionrequirementtemplate_program_id_932b6100; Type: INDEX; Schema: public; Owner: sims_user
--

CREATE INDEX training_submissionrequirementtemplate_program_id_932b6100 ON public.training_submissionrequirementtemplate USING btree (program_id);


--
-- Name: training_submissionreview_reviewer_id_e1282230; Type: INDEX; Schema: public; Owner: sims_user
--

CREATE INDEX training_submissionreview_reviewer_id_e1282230 ON public.training_submissionreview USING btree (reviewer_id);


--
-- Name: training_submissionreview_submission_id_d052fd2f; Type: INDEX; Schema: public; Owner: sims_user
--

CREATE INDEX training_submissionreview_submission_id_d052fd2f ON public.training_submissionreview USING btree (submission_id);


--
-- Name: training_trainingprogram_code_4debccc8_like; Type: INDEX; Schema: public; Owner: sims_user
--

CREATE INDEX training_trainingprogram_code_4debccc8_like ON public.training_trainingprogram USING btree (code varchar_pattern_ops);


--
-- Name: training_trainingprogram_department_id_04d536e7; Type: INDEX; Schema: public; Owner: sims_user
--

CREATE INDEX training_trainingprogram_department_id_04d536e7 ON public.training_trainingprogram USING btree (department_id);


--
-- Name: training_workshop_code_5f2147ba_like; Type: INDEX; Schema: public; Owner: sims_user
--

CREATE INDEX training_workshop_code_5f2147ba_like ON public.training_workshop USING btree (code varchar_pattern_ops);


--
-- Name: training_workshopblock_workshop_id_35c1399d; Type: INDEX; Schema: public; Owner: sims_user
--

CREATE INDEX training_workshopblock_workshop_id_35c1399d ON public.training_workshopblock USING btree (workshop_id);


--
-- Name: training_workshoprun_block_id_bb9dbe15; Type: INDEX; Schema: public; Owner: sims_user
--

CREATE INDEX training_workshoprun_block_id_bb9dbe15 ON public.training_workshoprun USING btree (block_id);


--
-- Name: training_workshoprun_facilitator_id_c9dd1d7f; Type: INDEX; Schema: public; Owner: sims_user
--

CREATE INDEX training_workshoprun_facilitator_id_c9dd1d7f ON public.training_workshoprun USING btree (facilitator_id);


--
-- Name: uniq_active_hod_assignment_per_department; Type: INDEX; Schema: public; Owner: sims_user
--

CREATE UNIQUE INDEX uniq_active_hod_assignment_per_department ON public.users_hodassignment USING btree (department_id) WHERE active;


--
-- Name: uniq_active_primary_dept_member_user; Type: INDEX; Schema: public; Owner: sims_user
--

CREATE UNIQUE INDEX uniq_active_primary_dept_member_user ON public.users_departmentmembership USING btree (user_id) WHERE (active AND is_primary);


--
-- Name: uniq_active_supervision_link; Type: INDEX; Schema: public; Owner: sims_user
--

CREATE UNIQUE INDEX uniq_active_supervision_link ON public.users_supervisorresidentlink USING btree (supervisor_user_id, resident_user_id, department_id) WHERE active;


--
-- Name: unique_active_training_per_resident; Type: INDEX; Schema: public; Owner: sims_user
--

CREATE UNIQUE INDEX unique_active_training_per_resident ON public.training_residenttrainingrecord USING btree (resident_user_id, program_id) WHERE active;


--
-- Name: users_datac_actor_i_b92e94_idx; Type: INDEX; Schema: public; Owner: sims_user
--

CREATE INDEX users_datac_actor_i_b92e94_idx ON public.users_datacorrectionaudit USING btree (actor_id, created_at);


--
-- Name: users_datac_entity__308bcb_idx; Type: INDEX; Schema: public; Owner: sims_user
--

CREATE INDEX users_datac_entity__308bcb_idx ON public.users_datacorrectionaudit USING btree (entity_type, entity_id, created_at);


--
-- Name: users_datac_field_n_611183_idx; Type: INDEX; Schema: public; Owner: sims_user
--

CREATE INDEX users_datac_field_n_611183_idx ON public.users_datacorrectionaudit USING btree (field_name, created_at);


--
-- Name: users_datacorrectionaudit_actor_id_35636fe9; Type: INDEX; Schema: public; Owner: sims_user
--

CREATE INDEX users_datacorrectionaudit_actor_id_35636fe9 ON public.users_datacorrectionaudit USING btree (actor_id);


--
-- Name: users_depar_departm_85fe35_idx; Type: INDEX; Schema: public; Owner: sims_user
--

CREATE INDEX users_depar_departm_85fe35_idx ON public.users_departmentmembership USING btree (department_id, member_type, active);


--
-- Name: users_depar_user_id_530d57_idx; Type: INDEX; Schema: public; Owner: sims_user
--

CREATE INDEX users_depar_user_id_530d57_idx ON public.users_departmentmembership USING btree (user_id, active);


--
-- Name: users_departmentmembership_created_by_id_4c1e4ec6; Type: INDEX; Schema: public; Owner: sims_user
--

CREATE INDEX users_departmentmembership_created_by_id_4c1e4ec6 ON public.users_departmentmembership USING btree (created_by_id);


--
-- Name: users_departmentmembership_department_id_764eabe7; Type: INDEX; Schema: public; Owner: sims_user
--

CREATE INDEX users_departmentmembership_department_id_764eabe7 ON public.users_departmentmembership USING btree (department_id);


--
-- Name: users_departmentmembership_updated_by_id_e1ec1412; Type: INDEX; Schema: public; Owner: sims_user
--

CREATE INDEX users_departmentmembership_updated_by_id_e1ec1412 ON public.users_departmentmembership USING btree (updated_by_id);


--
-- Name: users_departmentmembership_user_id_6dd26ec4; Type: INDEX; Schema: public; Owner: sims_user
--

CREATE INDEX users_departmentmembership_user_id_6dd26ec4 ON public.users_departmentmembership USING btree (user_id);


--
-- Name: users_historicaluser_created_by_id_16e07eab; Type: INDEX; Schema: public; Owner: sims_user
--

CREATE INDEX users_historicaluser_created_by_id_16e07eab ON public.users_historicaluser USING btree (created_by_id);


--
-- Name: users_historicaluser_history_date_c280194d; Type: INDEX; Schema: public; Owner: sims_user
--

CREATE INDEX users_historicaluser_history_date_c280194d ON public.users_historicaluser USING btree (history_date);


--
-- Name: users_historicaluser_history_user_id_7f91d047; Type: INDEX; Schema: public; Owner: sims_user
--

CREATE INDEX users_historicaluser_history_user_id_7f91d047 ON public.users_historicaluser USING btree (history_user_id);


--
-- Name: users_historicaluser_home_department_id_5d855b62; Type: INDEX; Schema: public; Owner: sims_user
--

CREATE INDEX users_historicaluser_home_department_id_5d855b62 ON public.users_historicaluser USING btree (home_department_id);


--
-- Name: users_historicaluser_home_hospital_id_a61038da; Type: INDEX; Schema: public; Owner: sims_user
--

CREATE INDEX users_historicaluser_home_hospital_id_a61038da ON public.users_historicaluser USING btree (home_hospital_id);


--
-- Name: users_historicaluser_id_5e70dd03; Type: INDEX; Schema: public; Owner: sims_user
--

CREATE INDEX users_historicaluser_id_5e70dd03 ON public.users_historicaluser USING btree (id);


--
-- Name: users_historicaluser_modified_by_id_c56f7185; Type: INDEX; Schema: public; Owner: sims_user
--

CREATE INDEX users_historicaluser_modified_by_id_c56f7185 ON public.users_historicaluser USING btree (modified_by_id);


--
-- Name: users_historicaluser_supervisor_id_6ea98826; Type: INDEX; Schema: public; Owner: sims_user
--

CREATE INDEX users_historicaluser_supervisor_id_6ea98826 ON public.users_historicaluser USING btree (supervisor_id);


--
-- Name: users_historicaluser_username_8f7ba123; Type: INDEX; Schema: public; Owner: sims_user
--

CREATE INDEX users_historicaluser_username_8f7ba123 ON public.users_historicaluser USING btree (username);


--
-- Name: users_historicaluser_username_8f7ba123_like; Type: INDEX; Schema: public; Owner: sims_user
--

CREATE INDEX users_historicaluser_username_8f7ba123_like ON public.users_historicaluser USING btree (username varchar_pattern_ops);


--
-- Name: users_historicalworkspaceidentity_approved_by_id_ea9d6e38; Type: INDEX; Schema: public; Owner: sims_user
--

CREATE INDEX users_historicalworkspaceidentity_approved_by_id_ea9d6e38 ON public.users_historicalworkspaceidentity USING btree (approved_by_id);


--
-- Name: users_historicalworkspaceidentity_history_date_0220e870; Type: INDEX; Schema: public; Owner: sims_user
--

CREATE INDEX users_historicalworkspaceidentity_history_date_0220e870 ON public.users_historicalworkspaceidentity USING btree (history_date);


--
-- Name: users_historicalworkspaceidentity_history_user_id_634f58c8; Type: INDEX; Schema: public; Owner: sims_user
--

CREATE INDEX users_historicalworkspaceidentity_history_user_id_634f58c8 ON public.users_historicalworkspaceidentity USING btree (history_user_id);


--
-- Name: users_historicalworkspaceidentity_id_168c66ce; Type: INDEX; Schema: public; Owner: sims_user
--

CREATE INDEX users_historicalworkspaceidentity_id_168c66ce ON public.users_historicalworkspaceidentity USING btree (id);


--
-- Name: users_historicalworkspaceidentity_public_id_919fa1ad; Type: INDEX; Schema: public; Owner: sims_user
--

CREATE INDEX users_historicalworkspaceidentity_public_id_919fa1ad ON public.users_historicalworkspaceidentity USING btree (public_id);


--
-- Name: users_historicalworkspaceidentity_user_id_8bc70e10; Type: INDEX; Schema: public; Owner: sims_user
--

CREATE INDEX users_historicalworkspaceidentity_user_id_8bc70e10 ON public.users_historicalworkspaceidentity USING btree (user_id);


--
-- Name: users_hodas_departm_8be3ed_idx; Type: INDEX; Schema: public; Owner: sims_user
--

CREATE INDEX users_hodas_departm_8be3ed_idx ON public.users_hodassignment USING btree (department_id, active);


--
-- Name: users_hodas_hod_use_88159e_idx; Type: INDEX; Schema: public; Owner: sims_user
--

CREATE INDEX users_hodas_hod_use_88159e_idx ON public.users_hodassignment USING btree (hod_user_id, active);


--
-- Name: users_hodassignment_created_by_id_25c6b83c; Type: INDEX; Schema: public; Owner: sims_user
--

CREATE INDEX users_hodassignment_created_by_id_25c6b83c ON public.users_hodassignment USING btree (created_by_id);


--
-- Name: users_hodassignment_department_id_96d9abb7; Type: INDEX; Schema: public; Owner: sims_user
--

CREATE INDEX users_hodassignment_department_id_96d9abb7 ON public.users_hodassignment USING btree (department_id);


--
-- Name: users_hodassignment_hod_user_id_c749ad08; Type: INDEX; Schema: public; Owner: sims_user
--

CREATE INDEX users_hodassignment_hod_user_id_c749ad08 ON public.users_hodassignment USING btree (hod_user_id);


--
-- Name: users_hodassignment_updated_by_id_39410814; Type: INDEX; Schema: public; Owner: sims_user
--

CREATE INDEX users_hodassignment_updated_by_id_39410814 ON public.users_hodassignment USING btree (updated_by_id);


--
-- Name: users_hospi_hospita_6fde4e_idx; Type: INDEX; Schema: public; Owner: sims_user
--

CREATE INDEX users_hospi_hospita_6fde4e_idx ON public.users_hospitalassignment USING btree (hospital_department_id, active);


--
-- Name: users_hospi_user_id_ebd6bb_idx; Type: INDEX; Schema: public; Owner: sims_user
--

CREATE INDEX users_hospi_user_id_ebd6bb_idx ON public.users_hospitalassignment USING btree (user_id, active);


--
-- Name: users_hospitalassignment_created_by_id_3283c98a; Type: INDEX; Schema: public; Owner: sims_user
--

CREATE INDEX users_hospitalassignment_created_by_id_3283c98a ON public.users_hospitalassignment USING btree (created_by_id);


--
-- Name: users_hospitalassignment_hospital_department_id_6d3abb28; Type: INDEX; Schema: public; Owner: sims_user
--

CREATE INDEX users_hospitalassignment_hospital_department_id_6d3abb28 ON public.users_hospitalassignment USING btree (hospital_department_id);


--
-- Name: users_hospitalassignment_updated_by_id_710d1021; Type: INDEX; Schema: public; Owner: sims_user
--

CREATE INDEX users_hospitalassignment_updated_by_id_710d1021 ON public.users_hospitalassignment USING btree (updated_by_id);


--
-- Name: users_hospitalassignment_user_id_fdf26e50; Type: INDEX; Schema: public; Owner: sims_user
--

CREATE INDEX users_hospitalassignment_user_id_fdf26e50 ON public.users_hospitalassignment USING btree (user_id);


--
-- Name: users_resid_active_86f7e2_idx; Type: INDEX; Schema: public; Owner: sims_user
--

CREATE INDEX users_resid_active_86f7e2_idx ON public.users_residentprofile USING btree (active);


--
-- Name: users_resid_trainin_b9fc86_idx; Type: INDEX; Schema: public; Owner: sims_user
--

CREATE INDEX users_resid_trainin_b9fc86_idx ON public.users_residentprofile USING btree (training_start);


--
-- Name: users_staff_active_106c51_idx; Type: INDEX; Schema: public; Owner: sims_user
--

CREATE INDEX users_staff_active_106c51_idx ON public.users_staffprofile USING btree (active);


--
-- Name: users_super_departm_1b9f7d_idx; Type: INDEX; Schema: public; Owner: sims_user
--

CREATE INDEX users_super_departm_1b9f7d_idx ON public.users_supervisorresidentlink USING btree (department_id, active);


--
-- Name: users_super_residen_bb6a61_idx; Type: INDEX; Schema: public; Owner: sims_user
--

CREATE INDEX users_super_residen_bb6a61_idx ON public.users_supervisorresidentlink USING btree (resident_user_id, active);


--
-- Name: users_super_supervi_c4e89f_idx; Type: INDEX; Schema: public; Owner: sims_user
--

CREATE INDEX users_super_supervi_c4e89f_idx ON public.users_supervisorresidentlink USING btree (supervisor_user_id, active);


--
-- Name: users_supervisorresidentlink_created_by_id_5865ad10; Type: INDEX; Schema: public; Owner: sims_user
--

CREATE INDEX users_supervisorresidentlink_created_by_id_5865ad10 ON public.users_supervisorresidentlink USING btree (created_by_id);


--
-- Name: users_supervisorresidentlink_department_id_c43c41e9; Type: INDEX; Schema: public; Owner: sims_user
--

CREATE INDEX users_supervisorresidentlink_department_id_c43c41e9 ON public.users_supervisorresidentlink USING btree (department_id);


--
-- Name: users_supervisorresidentlink_resident_user_id_c230e36b; Type: INDEX; Schema: public; Owner: sims_user
--

CREATE INDEX users_supervisorresidentlink_resident_user_id_c230e36b ON public.users_supervisorresidentlink USING btree (resident_user_id);


--
-- Name: users_supervisorresidentlink_supervisor_user_id_6e12037e; Type: INDEX; Schema: public; Owner: sims_user
--

CREATE INDEX users_supervisorresidentlink_supervisor_user_id_6e12037e ON public.users_supervisorresidentlink USING btree (supervisor_user_id);


--
-- Name: users_supervisorresidentlink_updated_by_id_affacda6; Type: INDEX; Schema: public; Owner: sims_user
--

CREATE INDEX users_supervisorresidentlink_updated_by_id_affacda6 ON public.users_supervisorresidentlink USING btree (updated_by_id);


--
-- Name: users_user_created_by_id_ba0dd846; Type: INDEX; Schema: public; Owner: sims_user
--

CREATE INDEX users_user_created_by_id_ba0dd846 ON public.users_user USING btree (created_by_id);


--
-- Name: users_user_groups_group_id_9afc8d0e; Type: INDEX; Schema: public; Owner: sims_user
--

CREATE INDEX users_user_groups_group_id_9afc8d0e ON public.users_user_groups USING btree (group_id);


--
-- Name: users_user_groups_user_id_5f6f5a90; Type: INDEX; Schema: public; Owner: sims_user
--

CREATE INDEX users_user_groups_user_id_5f6f5a90 ON public.users_user_groups USING btree (user_id);


--
-- Name: users_user_home_department_id_23281948; Type: INDEX; Schema: public; Owner: sims_user
--

CREATE INDEX users_user_home_department_id_23281948 ON public.users_user USING btree (home_department_id);


--
-- Name: users_user_home_hospital_id_32a766cb; Type: INDEX; Schema: public; Owner: sims_user
--

CREATE INDEX users_user_home_hospital_id_32a766cb ON public.users_user USING btree (home_hospital_id);


--
-- Name: users_user_is_acti_ddda02_idx; Type: INDEX; Schema: public; Owner: sims_user
--

CREATE INDEX users_user_is_acti_ddda02_idx ON public.users_user USING btree (is_active);


--
-- Name: users_user_modified_by_id_d127a936; Type: INDEX; Schema: public; Owner: sims_user
--

CREATE INDEX users_user_modified_by_id_d127a936 ON public.users_user USING btree (modified_by_id);


--
-- Name: users_user_role_36d76d_idx; Type: INDEX; Schema: public; Owner: sims_user
--

CREATE INDEX users_user_role_36d76d_idx ON public.users_user USING btree (role);


--
-- Name: users_user_special_51df32_idx; Type: INDEX; Schema: public; Owner: sims_user
--

CREATE INDEX users_user_special_51df32_idx ON public.users_user USING btree (specialty);


--
-- Name: users_user_supervi_cb7d54_idx; Type: INDEX; Schema: public; Owner: sims_user
--

CREATE INDEX users_user_supervi_cb7d54_idx ON public.users_user USING btree (supervisor_id);


--
-- Name: users_user_supervisor_id_5f1670ee; Type: INDEX; Schema: public; Owner: sims_user
--

CREATE INDEX users_user_supervisor_id_5f1670ee ON public.users_user USING btree (supervisor_id);


--
-- Name: users_user_user_permissions_permission_id_0b93982e; Type: INDEX; Schema: public; Owner: sims_user
--

CREATE INDEX users_user_user_permissions_permission_id_0b93982e ON public.users_user_user_permissions USING btree (permission_id);


--
-- Name: users_user_user_permissions_user_id_20aca447; Type: INDEX; Schema: public; Owner: sims_user
--

CREATE INDEX users_user_user_permissions_user_id_20aca447 ON public.users_user_user_permissions USING btree (user_id);


--
-- Name: users_user_username_06e46fe6_like; Type: INDEX; Schema: public; Owner: sims_user
--

CREATE INDEX users_user_username_06e46fe6_like ON public.users_user USING btree (username varchar_pattern_ops);


--
-- Name: users_works_onboard_7cf63c_idx; Type: INDEX; Schema: public; Owner: sims_user
--

CREATE INDEX users_works_onboard_7cf63c_idx ON public.users_workspaceidentity USING btree (onboarding_status);


--
-- Name: users_works_workspa_7a1ed8_idx; Type: INDEX; Schema: public; Owner: sims_user
--

CREATE INDEX users_works_workspa_7a1ed8_idx ON public.users_workspaceidentity USING btree (workspace_status);


--
-- Name: users_workspacebridgelog_created_by_id_f1a04bf3; Type: INDEX; Schema: public; Owner: sims_user
--

CREATE INDEX users_workspacebridgelog_created_by_id_f1a04bf3 ON public.users_workspacebridgelog USING btree (created_by_id);


--
-- Name: users_workspacebridgelog_identity_id_f084af41; Type: INDEX; Schema: public; Owner: sims_user
--

CREATE INDEX users_workspacebridgelog_identity_id_f084af41 ON public.users_workspacebridgelog USING btree (identity_id);


--
-- Name: users_workspaceidentity_approved_by_id_2412be80; Type: INDEX; Schema: public; Owner: sims_user
--

CREATE INDEX users_workspaceidentity_approved_by_id_2412be80 ON public.users_workspaceidentity USING btree (approved_by_id);


--
-- Name: academics_department academics_department_head_id_a0433f85_fk_users_user_id; Type: FK CONSTRAINT; Schema: public; Owner: sims_user
--

ALTER TABLE ONLY public.academics_department
    ADD CONSTRAINT academics_department_head_id_a0433f85_fk_users_user_id FOREIGN KEY (head_id) REFERENCES public.users_user(id) DEFERRABLE INITIALLY DEFERRED;


--
-- Name: audit_activitylog audit_activitylog_actor_id_d9142f81_fk_users_user_id; Type: FK CONSTRAINT; Schema: public; Owner: sims_user
--

ALTER TABLE ONLY public.audit_activitylog
    ADD CONSTRAINT audit_activitylog_actor_id_d9142f81_fk_users_user_id FOREIGN KEY (actor_id) REFERENCES public.users_user(id) DEFERRABLE INITIALLY DEFERRED;


--
-- Name: audit_activitylog audit_activitylog_target_content_type__860f64ca_fk_django_co; Type: FK CONSTRAINT; Schema: public; Owner: sims_user
--

ALTER TABLE ONLY public.audit_activitylog
    ADD CONSTRAINT audit_activitylog_target_content_type__860f64ca_fk_django_co FOREIGN KEY (target_content_type_id) REFERENCES public.django_content_type(id) DEFERRABLE INITIALLY DEFERRED;


--
-- Name: audit_auditreport audit_auditreport_created_by_id_856e1580_fk_users_user_id; Type: FK CONSTRAINT; Schema: public; Owner: sims_user
--

ALTER TABLE ONLY public.audit_auditreport
    ADD CONSTRAINT audit_auditreport_created_by_id_856e1580_fk_users_user_id FOREIGN KEY (created_by_id) REFERENCES public.users_user(id) DEFERRABLE INITIALLY DEFERRED;


--
-- Name: audit_historicalauditreport audit_historicalaudi_history_user_id_6c6539d3_fk_users_use; Type: FK CONSTRAINT; Schema: public; Owner: sims_user
--

ALTER TABLE ONLY public.audit_historicalauditreport
    ADD CONSTRAINT audit_historicalaudi_history_user_id_6c6539d3_fk_users_use FOREIGN KEY (history_user_id) REFERENCES public.users_user(id) DEFERRABLE INITIALLY DEFERRED;


--
-- Name: auth_group_permissions auth_group_permissio_permission_id_84c5c92e_fk_auth_perm; Type: FK CONSTRAINT; Schema: public; Owner: sims_user
--

ALTER TABLE ONLY public.auth_group_permissions
    ADD CONSTRAINT auth_group_permissio_permission_id_84c5c92e_fk_auth_perm FOREIGN KEY (permission_id) REFERENCES public.auth_permission(id) DEFERRABLE INITIALLY DEFERRED;


--
-- Name: auth_group_permissions auth_group_permissions_group_id_b120cbf9_fk_auth_group_id; Type: FK CONSTRAINT; Schema: public; Owner: sims_user
--

ALTER TABLE ONLY public.auth_group_permissions
    ADD CONSTRAINT auth_group_permissions_group_id_b120cbf9_fk_auth_group_id FOREIGN KEY (group_id) REFERENCES public.auth_group(id) DEFERRABLE INITIALLY DEFERRED;


--
-- Name: auth_permission auth_permission_content_type_id_2f476e4b_fk_django_co; Type: FK CONSTRAINT; Schema: public; Owner: sims_user
--

ALTER TABLE ONLY public.auth_permission
    ADD CONSTRAINT auth_permission_content_type_id_2f476e4b_fk_django_co FOREIGN KEY (content_type_id) REFERENCES public.django_content_type(id) DEFERRABLE INITIALLY DEFERRED;


--
-- Name: backup_center_backupauditlog backup_center_backup_backup_job_id_0abcad1c_fk_backup_ce; Type: FK CONSTRAINT; Schema: public; Owner: sims_user
--

ALTER TABLE ONLY public.backup_center_backupauditlog
    ADD CONSTRAINT backup_center_backup_backup_job_id_0abcad1c_fk_backup_ce FOREIGN KEY (backup_job_id) REFERENCES public.backup_center_backupjob(id) DEFERRABLE INITIALLY DEFERRED;


--
-- Name: backup_center_backupcloudcopy backup_center_backup_backup_record_id_d68b7962_fk_backup_ce; Type: FK CONSTRAINT; Schema: public; Owner: sims_user
--

ALTER TABLE ONLY public.backup_center_backupcloudcopy
    ADD CONSTRAINT backup_center_backup_backup_record_id_d68b7962_fk_backup_ce FOREIGN KEY (backup_record_id) REFERENCES public.backup_center_backupjob(id) DEFERRABLE INITIALLY DEFERRED;


--
-- Name: backup_center_backupcloudconnection backup_center_backup_connected_by_user_id_2260b933_fk_users_use; Type: FK CONSTRAINT; Schema: public; Owner: sims_user
--

ALTER TABLE ONLY public.backup_center_backupcloudconnection
    ADD CONSTRAINT backup_center_backup_connected_by_user_id_2260b933_fk_users_use FOREIGN KEY (connected_by_user_id) REFERENCES public.users_user(id) DEFERRABLE INITIALLY DEFERRED;


--
-- Name: backup_center_backupcloudcopy backup_center_backup_connection_id_8d1e11f2_fk_backup_ce; Type: FK CONSTRAINT; Schema: public; Owner: sims_user
--

ALTER TABLE ONLY public.backup_center_backupcloudcopy
    ADD CONSTRAINT backup_center_backup_connection_id_8d1e11f2_fk_backup_ce FOREIGN KEY (connection_id) REFERENCES public.backup_center_backupcloudconnection(id) DEFERRABLE INITIALLY DEFERRED;


--
-- Name: backup_center_backupauditlog backup_center_backup_restore_job_id_e3e81ebd_fk_backup_ce; Type: FK CONSTRAINT; Schema: public; Owner: sims_user
--

ALTER TABLE ONLY public.backup_center_backupauditlog
    ADD CONSTRAINT backup_center_backup_restore_job_id_e3e81ebd_fk_backup_ce FOREIGN KEY (restore_job_id) REFERENCES public.backup_center_restorejob(id) DEFERRABLE INITIALLY DEFERRED;


--
-- Name: backup_center_backupauditlog backup_center_backupauditlog_actor_id_a3540367_fk_users_user_id; Type: FK CONSTRAINT; Schema: public; Owner: sims_user
--

ALTER TABLE ONLY public.backup_center_backupauditlog
    ADD CONSTRAINT backup_center_backupauditlog_actor_id_a3540367_fk_users_user_id FOREIGN KEY (actor_id) REFERENCES public.users_user(id) DEFERRABLE INITIALLY DEFERRED;


--
-- Name: backup_center_backupjob backup_center_backupjob_created_by_id_c9d48025_fk_users_user_id; Type: FK CONSTRAINT; Schema: public; Owner: sims_user
--

ALTER TABLE ONLY public.backup_center_backupjob
    ADD CONSTRAINT backup_center_backupjob_created_by_id_c9d48025_fk_users_user_id FOREIGN KEY (created_by_id) REFERENCES public.users_user(id) DEFERRABLE INITIALLY DEFERRED;


--
-- Name: backup_center_restorejob backup_center_restor_backup_job_id_37c111fc_fk_backup_ce; Type: FK CONSTRAINT; Schema: public; Owner: sims_user
--

ALTER TABLE ONLY public.backup_center_restorejob
    ADD CONSTRAINT backup_center_restor_backup_job_id_37c111fc_fk_backup_ce FOREIGN KEY (backup_job_id) REFERENCES public.backup_center_backupjob(id) DEFERRABLE INITIALLY DEFERRED;


--
-- Name: backup_center_restorejob backup_center_restor_restored_by_id_8a2bb15e_fk_users_use; Type: FK CONSTRAINT; Schema: public; Owner: sims_user
--

ALTER TABLE ONLY public.backup_center_restorejob
    ADD CONSTRAINT backup_center_restor_restored_by_id_8a2bb15e_fk_users_use FOREIGN KEY (restored_by_id) REFERENCES public.users_user(id) DEFERRABLE INITIALLY DEFERRED;


--
-- Name: backup_center_restorejob backup_center_restor_safety_backup_id_d273ce4d_fk_backup_ce; Type: FK CONSTRAINT; Schema: public; Owner: sims_user
--

ALTER TABLE ONLY public.backup_center_restorejob
    ADD CONSTRAINT backup_center_restor_safety_backup_id_d273ce4d_fk_backup_ce FOREIGN KEY (safety_backup_id) REFERENCES public.backup_center_backupjob(id) DEFERRABLE INITIALLY DEFERRED;


--
-- Name: bulk_bulkoperation bulk_bulkoperation_user_id_82c668ce_fk_users_user_id; Type: FK CONSTRAINT; Schema: public; Owner: sims_user
--

ALTER TABLE ONLY public.bulk_bulkoperation
    ADD CONSTRAINT bulk_bulkoperation_user_id_82c668ce_fk_users_user_id FOREIGN KEY (user_id) REFERENCES public.users_user(id) DEFERRABLE INITIALLY DEFERRED;


--
-- Name: bulk_flexibleimportaudit bulk_flexibleimporta_uploaded_by_id_194e2c9c_fk_users_use; Type: FK CONSTRAINT; Schema: public; Owner: sims_user
--

ALTER TABLE ONLY public.bulk_flexibleimportaudit
    ADD CONSTRAINT bulk_flexibleimporta_uploaded_by_id_194e2c9c_fk_users_use FOREIGN KEY (uploaded_by_id) REFERENCES public.users_user(id) DEFERRABLE INITIALLY DEFERRED;


--
-- Name: bulk_historicalflexibleimportaudit bulk_historicalflexi_history_user_id_76540336_fk_users_use; Type: FK CONSTRAINT; Schema: public; Owner: sims_user
--

ALTER TABLE ONLY public.bulk_historicalflexibleimportaudit
    ADD CONSTRAINT bulk_historicalflexi_history_user_id_76540336_fk_users_use FOREIGN KEY (history_user_id) REFERENCES public.users_user(id) DEFERRABLE INITIALLY DEFERRED;


--
-- Name: bulk_historicalmappingpreset bulk_historicalmappi_history_user_id_9291d758_fk_users_use; Type: FK CONSTRAINT; Schema: public; Owner: sims_user
--

ALTER TABLE ONLY public.bulk_historicalmappingpreset
    ADD CONSTRAINT bulk_historicalmappi_history_user_id_9291d758_fk_users_use FOREIGN KEY (history_user_id) REFERENCES public.users_user(id) DEFERRABLE INITIALLY DEFERRED;


--
-- Name: bulk_mappingpreset bulk_mappingpreset_created_by_id_17e3a89c_fk_users_user_id; Type: FK CONSTRAINT; Schema: public; Owner: sims_user
--

ALTER TABLE ONLY public.bulk_mappingpreset
    ADD CONSTRAINT bulk_mappingpreset_created_by_id_17e3a89c_fk_users_user_id FOREIGN KEY (created_by_id) REFERENCES public.users_user(id) DEFERRABLE INITIALLY DEFERRED;


--
-- Name: django_admin_log django_admin_log_content_type_id_c4bce8eb_fk_django_co; Type: FK CONSTRAINT; Schema: public; Owner: sims_user
--

ALTER TABLE ONLY public.django_admin_log
    ADD CONSTRAINT django_admin_log_content_type_id_c4bce8eb_fk_django_co FOREIGN KEY (content_type_id) REFERENCES public.django_content_type(id) DEFERRABLE INITIALLY DEFERRED;


--
-- Name: django_admin_log django_admin_log_user_id_c564eba6_fk_users_user_id; Type: FK CONSTRAINT; Schema: public; Owner: sims_user
--

ALTER TABLE ONLY public.django_admin_log
    ADD CONSTRAINT django_admin_log_user_id_c564eba6_fk_users_user_id FOREIGN KEY (user_id) REFERENCES public.users_user(id) DEFERRABLE INITIALLY DEFERRED;


--
-- Name: django_celery_beat_periodictask django_celery_beat_p_clocked_id_47a69f82_fk_django_ce; Type: FK CONSTRAINT; Schema: public; Owner: sims_user
--

ALTER TABLE ONLY public.django_celery_beat_periodictask
    ADD CONSTRAINT django_celery_beat_p_clocked_id_47a69f82_fk_django_ce FOREIGN KEY (clocked_id) REFERENCES public.django_celery_beat_clockedschedule(id) DEFERRABLE INITIALLY DEFERRED;


--
-- Name: django_celery_beat_periodictask django_celery_beat_p_crontab_id_d3cba168_fk_django_ce; Type: FK CONSTRAINT; Schema: public; Owner: sims_user
--

ALTER TABLE ONLY public.django_celery_beat_periodictask
    ADD CONSTRAINT django_celery_beat_p_crontab_id_d3cba168_fk_django_ce FOREIGN KEY (crontab_id) REFERENCES public.django_celery_beat_crontabschedule(id) DEFERRABLE INITIALLY DEFERRED;


--
-- Name: django_celery_beat_periodictask django_celery_beat_p_interval_id_a8ca27da_fk_django_ce; Type: FK CONSTRAINT; Schema: public; Owner: sims_user
--

ALTER TABLE ONLY public.django_celery_beat_periodictask
    ADD CONSTRAINT django_celery_beat_p_interval_id_a8ca27da_fk_django_ce FOREIGN KEY (interval_id) REFERENCES public.django_celery_beat_intervalschedule(id) DEFERRABLE INITIALLY DEFERRED;


--
-- Name: django_celery_beat_periodictask django_celery_beat_p_solar_id_a87ce72c_fk_django_ce; Type: FK CONSTRAINT; Schema: public; Owner: sims_user
--

ALTER TABLE ONLY public.django_celery_beat_periodictask
    ADD CONSTRAINT django_celery_beat_p_solar_id_a87ce72c_fk_django_ce FOREIGN KEY (solar_id) REFERENCES public.django_celery_beat_solarschedule(id) DEFERRABLE INITIALLY DEFERRED;


--
-- Name: notifications_notification notifications_notifi_recipient_id_d055f3f0_fk_users_use; Type: FK CONSTRAINT; Schema: public; Owner: sims_user
--

ALTER TABLE ONLY public.notifications_notification
    ADD CONSTRAINT notifications_notifi_recipient_id_d055f3f0_fk_users_use FOREIGN KEY (recipient_id) REFERENCES public.users_user(id) DEFERRABLE INITIALLY DEFERRED;


--
-- Name: notifications_notificationpreference notifications_notifi_user_id_7cfb3d3a_fk_users_use; Type: FK CONSTRAINT; Schema: public; Owner: sims_user
--

ALTER TABLE ONLY public.notifications_notificationpreference
    ADD CONSTRAINT notifications_notifi_user_id_7cfb3d3a_fk_users_use FOREIGN KEY (user_id) REFERENCES public.users_user(id) DEFERRABLE INITIALLY DEFERRED;


--
-- Name: notifications_notification notifications_notification_actor_id_ec6170c3_fk_users_user_id; Type: FK CONSTRAINT; Schema: public; Owner: sims_user
--

ALTER TABLE ONLY public.notifications_notification
    ADD CONSTRAINT notifications_notification_actor_id_ec6170c3_fk_users_user_id FOREIGN KEY (actor_id) REFERENCES public.users_user(id) DEFERRABLE INITIALLY DEFERRED;


--
-- Name: rotations_hospitaldepartment rotations_hospitalde_department_id_8a1c98f7_fk_academics; Type: FK CONSTRAINT; Schema: public; Owner: sims_user
--

ALTER TABLE ONLY public.rotations_hospitaldepartment
    ADD CONSTRAINT rotations_hospitalde_department_id_8a1c98f7_fk_academics FOREIGN KEY (department_id) REFERENCES public.academics_department(id) DEFERRABLE INITIALLY DEFERRED;


--
-- Name: rotations_hospitaldepartment rotations_hospitalde_hospital_id_7df2949c_fk_rotations; Type: FK CONSTRAINT; Schema: public; Owner: sims_user
--

ALTER TABLE ONLY public.rotations_hospitaldepartment
    ADD CONSTRAINT rotations_hospitalde_hospital_id_7df2949c_fk_rotations FOREIGN KEY (hospital_id) REFERENCES public.rotations_hospital(id) DEFERRABLE INITIALLY DEFERRED;


--
-- Name: training_deputationposting training_deputationp_approved_by_id_9acbe3b0_fk_users_use; Type: FK CONSTRAINT; Schema: public; Owner: sims_user
--

ALTER TABLE ONLY public.training_deputationposting
    ADD CONSTRAINT training_deputationp_approved_by_id_9acbe3b0_fk_users_use FOREIGN KEY (approved_by_id) REFERENCES public.users_user(id) DEFERRABLE INITIALLY DEFERRED;


--
-- Name: training_deputationposting training_deputationp_resident_training_id_290f65dd_fk_training_; Type: FK CONSTRAINT; Schema: public; Owner: sims_user
--

ALTER TABLE ONLY public.training_deputationposting
    ADD CONSTRAINT training_deputationp_resident_training_id_290f65dd_fk_training_ FOREIGN KEY (resident_training_id) REFERENCES public.training_residenttrainingrecord(id) DEFERRABLE INITIALLY DEFERRED;


--
-- Name: training_historicaldeputationposting training_historicald_history_user_id_15cec6d9_fk_users_use; Type: FK CONSTRAINT; Schema: public; Owner: sims_user
--

ALTER TABLE ONLY public.training_historicaldeputationposting
    ADD CONSTRAINT training_historicald_history_user_id_15cec6d9_fk_users_use FOREIGN KEY (history_user_id) REFERENCES public.users_user(id) DEFERRABLE INITIALLY DEFERRED;


--
-- Name: training_historicalleaverequest training_historicall_history_user_id_5cf7cf96_fk_users_use; Type: FK CONSTRAINT; Schema: public; Owner: sims_user
--

ALTER TABLE ONLY public.training_historicalleaverequest
    ADD CONSTRAINT training_historicall_history_user_id_5cf7cf96_fk_users_use FOREIGN KEY (history_user_id) REFERENCES public.users_user(id) DEFERRABLE INITIALLY DEFERRED;


--
-- Name: training_historicallogbookthresholdconfig training_historicall_history_user_id_707752f2_fk_users_use; Type: FK CONSTRAINT; Schema: public; Owner: sims_user
--

ALTER TABLE ONLY public.training_historicallogbookthresholdconfig
    ADD CONSTRAINT training_historicall_history_user_id_707752f2_fk_users_use FOREIGN KEY (history_user_id) REFERENCES public.users_user(id) DEFERRABLE INITIALLY DEFERRED;


--
-- Name: training_historicallogbookentry training_historicall_history_user_id_8f99c8d4_fk_users_use; Type: FK CONSTRAINT; Schema: public; Owner: sims_user
--

ALTER TABLE ONLY public.training_historicallogbookentry
    ADD CONSTRAINT training_historicall_history_user_id_8f99c8d4_fk_users_use FOREIGN KEY (history_user_id) REFERENCES public.users_user(id) DEFERRABLE INITIALLY DEFERRED;


--
-- Name: training_historicallogbookreview training_historicall_history_user_id_e98cb07a_fk_users_use; Type: FK CONSTRAINT; Schema: public; Owner: sims_user
--

ALTER TABLE ONLY public.training_historicallogbookreview
    ADD CONSTRAINT training_historicall_history_user_id_e98cb07a_fk_users_use FOREIGN KEY (history_user_id) REFERENCES public.users_user(id) DEFERRABLE INITIALLY DEFERRED;


--
-- Name: training_historicalprogrammilestoneresearchrequirement training_historicalp_history_user_id_0d5046f7_fk_users_use; Type: FK CONSTRAINT; Schema: public; Owner: sims_user
--

ALTER TABLE ONLY public.training_historicalprogrammilestoneresearchrequirement
    ADD CONSTRAINT training_historicalp_history_user_id_0d5046f7_fk_users_use FOREIGN KEY (history_user_id) REFERENCES public.users_user(id) DEFERRABLE INITIALLY DEFERRED;


--
-- Name: training_historicalprogrammilestone training_historicalp_history_user_id_3cd28bc0_fk_users_use; Type: FK CONSTRAINT; Schema: public; Owner: sims_user
--

ALTER TABLE ONLY public.training_historicalprogrammilestone
    ADD CONSTRAINT training_historicalp_history_user_id_3cd28bc0_fk_users_use FOREIGN KEY (history_user_id) REFERENCES public.users_user(id) DEFERRABLE INITIALLY DEFERRED;


--
-- Name: training_historicalprogrammilestonelogbookrequirement training_historicalp_history_user_id_3f8fb37a_fk_users_use; Type: FK CONSTRAINT; Schema: public; Owner: sims_user
--

ALTER TABLE ONLY public.training_historicalprogrammilestonelogbookrequirement
    ADD CONSTRAINT training_historicalp_history_user_id_3f8fb37a_fk_users_use FOREIGN KEY (history_user_id) REFERENCES public.users_user(id) DEFERRABLE INITIALLY DEFERRED;


--
-- Name: training_historicalprogramrotationtemplate training_historicalp_history_user_id_56718fe2_fk_users_use; Type: FK CONSTRAINT; Schema: public; Owner: sims_user
--

ALTER TABLE ONLY public.training_historicalprogramrotationtemplate
    ADD CONSTRAINT training_historicalp_history_user_id_56718fe2_fk_users_use FOREIGN KEY (history_user_id) REFERENCES public.users_user(id) DEFERRABLE INITIALLY DEFERRED;


--
-- Name: training_historicalprogramrotationrequirement training_historicalp_history_user_id_a367953d_fk_users_use; Type: FK CONSTRAINT; Schema: public; Owner: sims_user
--

ALTER TABLE ONLY public.training_historicalprogramrotationrequirement
    ADD CONSTRAINT training_historicalp_history_user_id_a367953d_fk_users_use FOREIGN KEY (history_user_id) REFERENCES public.users_user(id) DEFERRABLE INITIALLY DEFERRED;


--
-- Name: training_historicalprogrampolicy training_historicalp_history_user_id_c171c0a9_fk_users_use; Type: FK CONSTRAINT; Schema: public; Owner: sims_user
--

ALTER TABLE ONLY public.training_historicalprogrampolicy
    ADD CONSTRAINT training_historicalp_history_user_id_c171c0a9_fk_users_use FOREIGN KEY (history_user_id) REFERENCES public.users_user(id) DEFERRABLE INITIALLY DEFERRED;


--
-- Name: training_historicalprogrammilestoneworkshoprequirement training_historicalp_history_user_id_eeb83054_fk_users_use; Type: FK CONSTRAINT; Schema: public; Owner: sims_user
--

ALTER TABLE ONLY public.training_historicalprogrammilestoneworkshoprequirement
    ADD CONSTRAINT training_historicalp_history_user_id_eeb83054_fk_users_use FOREIGN KEY (history_user_id) REFERENCES public.users_user(id) DEFERRABLE INITIALLY DEFERRED;


--
-- Name: training_historicalrotationcertificate training_historicalr_history_user_id_20bd2095_fk_users_use; Type: FK CONSTRAINT; Schema: public; Owner: sims_user
--

ALTER TABLE ONLY public.training_historicalrotationcertificate
    ADD CONSTRAINT training_historicalr_history_user_id_20bd2095_fk_users_use FOREIGN KEY (history_user_id) REFERENCES public.users_user(id) DEFERRABLE INITIALLY DEFERRED;


--
-- Name: training_historicalresidentthesis training_historicalr_history_user_id_8bdde690_fk_users_use; Type: FK CONSTRAINT; Schema: public; Owner: sims_user
--

ALTER TABLE ONLY public.training_historicalresidentthesis
    ADD CONSTRAINT training_historicalr_history_user_id_8bdde690_fk_users_use FOREIGN KEY (history_user_id) REFERENCES public.users_user(id) DEFERRABLE INITIALLY DEFERRED;


--
-- Name: training_historicalresidenttrainingrecord training_historicalr_history_user_id_8f8eecf3_fk_users_use; Type: FK CONSTRAINT; Schema: public; Owner: sims_user
--

ALTER TABLE ONLY public.training_historicalresidenttrainingrecord
    ADD CONSTRAINT training_historicalr_history_user_id_8f8eecf3_fk_users_use FOREIGN KEY (history_user_id) REFERENCES public.users_user(id) DEFERRABLE INITIALLY DEFERRED;


--
-- Name: training_historicalresidentsubmission training_historicalr_history_user_id_a3649abd_fk_users_use; Type: FK CONSTRAINT; Schema: public; Owner: sims_user
--

ALTER TABLE ONLY public.training_historicalresidentsubmission
    ADD CONSTRAINT training_historicalr_history_user_id_a3649abd_fk_users_use FOREIGN KEY (history_user_id) REFERENCES public.users_user(id) DEFERRABLE INITIALLY DEFERRED;


--
-- Name: training_historicalresidentworkshopcompletion training_historicalr_history_user_id_a50ed693_fk_users_use; Type: FK CONSTRAINT; Schema: public; Owner: sims_user
--

ALTER TABLE ONLY public.training_historicalresidentworkshopcompletion
    ADD CONSTRAINT training_historicalr_history_user_id_a50ed693_fk_users_use FOREIGN KEY (history_user_id) REFERENCES public.users_user(id) DEFERRABLE INITIALLY DEFERRED;


--
-- Name: training_historicalrotationcompletion training_historicalr_history_user_id_a8eb40ec_fk_users_use; Type: FK CONSTRAINT; Schema: public; Owner: sims_user
--

ALTER TABLE ONLY public.training_historicalrotationcompletion
    ADD CONSTRAINT training_historicalr_history_user_id_a8eb40ec_fk_users_use FOREIGN KEY (history_user_id) REFERENCES public.users_user(id) DEFERRABLE INITIALLY DEFERRED;


--
-- Name: training_historicalrotationassignment training_historicalr_history_user_id_bc20317f_fk_users_use; Type: FK CONSTRAINT; Schema: public; Owner: sims_user
--

ALTER TABLE ONLY public.training_historicalrotationassignment
    ADD CONSTRAINT training_historicalr_history_user_id_bc20317f_fk_users_use FOREIGN KEY (history_user_id) REFERENCES public.users_user(id) DEFERRABLE INITIALLY DEFERRED;


--
-- Name: training_historicalresidentresearchproject training_historicalr_history_user_id_c9355d63_fk_users_use; Type: FK CONSTRAINT; Schema: public; Owner: sims_user
--

ALTER TABLE ONLY public.training_historicalresidentresearchproject
    ADD CONSTRAINT training_historicalr_history_user_id_c9355d63_fk_users_use FOREIGN KEY (history_user_id) REFERENCES public.users_user(id) DEFERRABLE INITIALLY DEFERRED;


--
-- Name: training_historicalsubmissioncertificate training_historicals_history_user_id_0e1b4606_fk_users_use; Type: FK CONSTRAINT; Schema: public; Owner: sims_user
--

ALTER TABLE ONLY public.training_historicalsubmissioncertificate
    ADD CONSTRAINT training_historicals_history_user_id_0e1b4606_fk_users_use FOREIGN KEY (history_user_id) REFERENCES public.users_user(id) DEFERRABLE INITIALLY DEFERRED;


--
-- Name: training_historicalsubmissiondocument training_historicals_history_user_id_3c5154a3_fk_users_use; Type: FK CONSTRAINT; Schema: public; Owner: sims_user
--

ALTER TABLE ONLY public.training_historicalsubmissiondocument
    ADD CONSTRAINT training_historicals_history_user_id_3c5154a3_fk_users_use FOREIGN KEY (history_user_id) REFERENCES public.users_user(id) DEFERRABLE INITIALLY DEFERRED;


--
-- Name: training_historicalsubmissionrequirementtemplate training_historicals_history_user_id_ae1b159e_fk_users_use; Type: FK CONSTRAINT; Schema: public; Owner: sims_user
--

ALTER TABLE ONLY public.training_historicalsubmissionrequirementtemplate
    ADD CONSTRAINT training_historicals_history_user_id_ae1b159e_fk_users_use FOREIGN KEY (history_user_id) REFERENCES public.users_user(id) DEFERRABLE INITIALLY DEFERRED;


--
-- Name: training_historicalsubmissionreview training_historicals_history_user_id_bf90ef86_fk_users_use; Type: FK CONSTRAINT; Schema: public; Owner: sims_user
--

ALTER TABLE ONLY public.training_historicalsubmissionreview
    ADD CONSTRAINT training_historicals_history_user_id_bf90ef86_fk_users_use FOREIGN KEY (history_user_id) REFERENCES public.users_user(id) DEFERRABLE INITIALLY DEFERRED;


--
-- Name: training_historicaltrainingprogram training_historicalt_history_user_id_3bdd82a0_fk_users_use; Type: FK CONSTRAINT; Schema: public; Owner: sims_user
--

ALTER TABLE ONLY public.training_historicaltrainingprogram
    ADD CONSTRAINT training_historicalt_history_user_id_3bdd82a0_fk_users_use FOREIGN KEY (history_user_id) REFERENCES public.users_user(id) DEFERRABLE INITIALLY DEFERRED;


--
-- Name: training_historicalworkshop training_historicalw_history_user_id_3451443d_fk_users_use; Type: FK CONSTRAINT; Schema: public; Owner: sims_user
--

ALTER TABLE ONLY public.training_historicalworkshop
    ADD CONSTRAINT training_historicalw_history_user_id_3451443d_fk_users_use FOREIGN KEY (history_user_id) REFERENCES public.users_user(id) DEFERRABLE INITIALLY DEFERRED;


--
-- Name: training_historicalworkshoprun training_historicalw_history_user_id_5a974990_fk_users_use; Type: FK CONSTRAINT; Schema: public; Owner: sims_user
--

ALTER TABLE ONLY public.training_historicalworkshoprun
    ADD CONSTRAINT training_historicalw_history_user_id_5a974990_fk_users_use FOREIGN KEY (history_user_id) REFERENCES public.users_user(id) DEFERRABLE INITIALLY DEFERRED;


--
-- Name: training_historicalworkshopblock training_historicalw_history_user_id_a2b4ef19_fk_users_use; Type: FK CONSTRAINT; Schema: public; Owner: sims_user
--

ALTER TABLE ONLY public.training_historicalworkshopblock
    ADD CONSTRAINT training_historicalw_history_user_id_a2b4ef19_fk_users_use FOREIGN KEY (history_user_id) REFERENCES public.users_user(id) DEFERRABLE INITIALLY DEFERRED;


--
-- Name: training_leaverequest training_leavereques_resident_training_id_da092f12_fk_training_; Type: FK CONSTRAINT; Schema: public; Owner: sims_user
--

ALTER TABLE ONLY public.training_leaverequest
    ADD CONSTRAINT training_leavereques_resident_training_id_da092f12_fk_training_ FOREIGN KEY (resident_training_id) REFERENCES public.training_residenttrainingrecord(id) DEFERRABLE INITIALLY DEFERRED;


--
-- Name: training_leaverequest training_leaverequest_approved_by_id_5c14bafd_fk_users_user_id; Type: FK CONSTRAINT; Schema: public; Owner: sims_user
--

ALTER TABLE ONLY public.training_leaverequest
    ADD CONSTRAINT training_leaverequest_approved_by_id_5c14bafd_fk_users_user_id FOREIGN KEY (approved_by_id) REFERENCES public.users_user(id) DEFERRABLE INITIALLY DEFERRED;


--
-- Name: training_logbookentry training_logbookentr_resident_training_re_a57b64d2_fk_training_; Type: FK CONSTRAINT; Schema: public; Owner: sims_user
--

ALTER TABLE ONLY public.training_logbookentry
    ADD CONSTRAINT training_logbookentr_resident_training_re_a57b64d2_fk_training_ FOREIGN KEY (resident_training_record_id) REFERENCES public.training_residenttrainingrecord(id) DEFERRABLE INITIALLY DEFERRED;


--
-- Name: training_logbookentry training_logbookentr_rotation_assignment__f9e534f9_fk_training_; Type: FK CONSTRAINT; Schema: public; Owner: sims_user
--

ALTER TABLE ONLY public.training_logbookentry
    ADD CONSTRAINT training_logbookentr_rotation_assignment__f9e534f9_fk_training_ FOREIGN KEY (rotation_assignment_id) REFERENCES public.training_rotationassignment(id) DEFERRABLE INITIALLY DEFERRED;


--
-- Name: training_logbookentry training_logbookentry_created_by_id_a5bb7239_fk_users_user_id; Type: FK CONSTRAINT; Schema: public; Owner: sims_user
--

ALTER TABLE ONLY public.training_logbookentry
    ADD CONSTRAINT training_logbookentry_created_by_id_a5bb7239_fk_users_user_id FOREIGN KEY (created_by_id) REFERENCES public.users_user(id) DEFERRABLE INITIALLY DEFERRED;


--
-- Name: training_logbookentry training_logbookentry_reviewed_by_id_aeb35d0c_fk_users_user_id; Type: FK CONSTRAINT; Schema: public; Owner: sims_user
--

ALTER TABLE ONLY public.training_logbookentry
    ADD CONSTRAINT training_logbookentry_reviewed_by_id_aeb35d0c_fk_users_user_id FOREIGN KEY (reviewed_by_id) REFERENCES public.users_user(id) DEFERRABLE INITIALLY DEFERRED;


--
-- Name: training_logbookreview training_logbookrevi_entry_id_932dec22_fk_training_; Type: FK CONSTRAINT; Schema: public; Owner: sims_user
--

ALTER TABLE ONLY public.training_logbookreview
    ADD CONSTRAINT training_logbookrevi_entry_id_932dec22_fk_training_ FOREIGN KEY (entry_id) REFERENCES public.training_logbookentry(id) DEFERRABLE INITIALLY DEFERRED;


--
-- Name: training_logbookreview training_logbookreview_reviewer_id_686749de_fk_users_user_id; Type: FK CONSTRAINT; Schema: public; Owner: sims_user
--

ALTER TABLE ONLY public.training_logbookreview
    ADD CONSTRAINT training_logbookreview_reviewer_id_686749de_fk_users_user_id FOREIGN KEY (reviewer_id) REFERENCES public.users_user(id) DEFERRABLE INITIALLY DEFERRED;


--
-- Name: training_logbookthresholdconfig training_logbookthre_configured_by_id_6aa6392f_fk_users_use; Type: FK CONSTRAINT; Schema: public; Owner: sims_user
--

ALTER TABLE ONLY public.training_logbookthresholdconfig
    ADD CONSTRAINT training_logbookthre_configured_by_id_6aa6392f_fk_users_use FOREIGN KEY (configured_by_id) REFERENCES public.users_user(id) DEFERRABLE INITIALLY DEFERRED;


--
-- Name: training_logbookthresholdconfig training_logbookthre_department_id_c1461223_fk_academics; Type: FK CONSTRAINT; Schema: public; Owner: sims_user
--

ALTER TABLE ONLY public.training_logbookthresholdconfig
    ADD CONSTRAINT training_logbookthre_department_id_c1461223_fk_academics FOREIGN KEY (department_id) REFERENCES public.academics_department(id) DEFERRABLE INITIALLY DEFERRED;


--
-- Name: training_logbookthresholdconfig training_logbookthre_program_id_029925ce_fk_training_; Type: FK CONSTRAINT; Schema: public; Owner: sims_user
--

ALTER TABLE ONLY public.training_logbookthresholdconfig
    ADD CONSTRAINT training_logbookthre_program_id_029925ce_fk_training_ FOREIGN KEY (program_id) REFERENCES public.training_trainingprogram(id) DEFERRABLE INITIALLY DEFERRED;


--
-- Name: training_logbookthresholdsnapshot training_logbookthre_resident_training_re_5bb4ba02_fk_training_; Type: FK CONSTRAINT; Schema: public; Owner: sims_user
--

ALTER TABLE ONLY public.training_logbookthresholdsnapshot
    ADD CONSTRAINT training_logbookthre_resident_training_re_5bb4ba02_fk_training_ FOREIGN KEY (resident_training_record_id) REFERENCES public.training_residenttrainingrecord(id) DEFERRABLE INITIALLY DEFERRED;


--
-- Name: training_logbookthresholdsnapshot training_logbookthre_rotation_assignment__f001272a_fk_training_; Type: FK CONSTRAINT; Schema: public; Owner: sims_user
--

ALTER TABLE ONLY public.training_logbookthresholdsnapshot
    ADD CONSTRAINT training_logbookthre_rotation_assignment__f001272a_fk_training_ FOREIGN KEY (rotation_assignment_id) REFERENCES public.training_rotationassignment(id) DEFERRABLE INITIALLY DEFERRED;


--
-- Name: training_logbookthresholdsnapshot training_logbookthre_threshold_config_id_0da7556d_fk_training_; Type: FK CONSTRAINT; Schema: public; Owner: sims_user
--

ALTER TABLE ONLY public.training_logbookthresholdsnapshot
    ADD CONSTRAINT training_logbookthre_threshold_config_id_0da7556d_fk_training_ FOREIGN KEY (threshold_config_id) REFERENCES public.training_logbookthresholdconfig(id) DEFERRABLE INITIALLY DEFERRED;


--
-- Name: training_programmilestoneresearchrequirement training_programmile_milestone_id_b7c84cb1_fk_training_; Type: FK CONSTRAINT; Schema: public; Owner: sims_user
--

ALTER TABLE ONLY public.training_programmilestoneresearchrequirement
    ADD CONSTRAINT training_programmile_milestone_id_b7c84cb1_fk_training_ FOREIGN KEY (milestone_id) REFERENCES public.training_programmilestone(id) DEFERRABLE INITIALLY DEFERRED;


--
-- Name: training_programmilestoneworkshoprequirement training_programmile_milestone_id_d9999678_fk_training_; Type: FK CONSTRAINT; Schema: public; Owner: sims_user
--

ALTER TABLE ONLY public.training_programmilestoneworkshoprequirement
    ADD CONSTRAINT training_programmile_milestone_id_d9999678_fk_training_ FOREIGN KEY (milestone_id) REFERENCES public.training_programmilestone(id) DEFERRABLE INITIALLY DEFERRED;


--
-- Name: training_programmilestonelogbookrequirement training_programmile_milestone_id_f53a02ff_fk_training_; Type: FK CONSTRAINT; Schema: public; Owner: sims_user
--

ALTER TABLE ONLY public.training_programmilestonelogbookrequirement
    ADD CONSTRAINT training_programmile_milestone_id_f53a02ff_fk_training_ FOREIGN KEY (milestone_id) REFERENCES public.training_programmilestone(id) DEFERRABLE INITIALLY DEFERRED;


--
-- Name: training_programmilestone training_programmile_program_id_35958f52_fk_training_; Type: FK CONSTRAINT; Schema: public; Owner: sims_user
--

ALTER TABLE ONLY public.training_programmilestone
    ADD CONSTRAINT training_programmile_program_id_35958f52_fk_training_ FOREIGN KEY (program_id) REFERENCES public.training_trainingprogram(id) DEFERRABLE INITIALLY DEFERRED;


--
-- Name: training_programmilestoneworkshoprequirement training_programmile_workshop_id_fd9fa841_fk_training_; Type: FK CONSTRAINT; Schema: public; Owner: sims_user
--

ALTER TABLE ONLY public.training_programmilestoneworkshoprequirement
    ADD CONSTRAINT training_programmile_workshop_id_fd9fa841_fk_training_ FOREIGN KEY (workshop_id) REFERENCES public.training_workshop(id) DEFERRABLE INITIALLY DEFERRED;


--
-- Name: training_programpolicy training_programpoli_program_id_1dc00b3d_fk_training_; Type: FK CONSTRAINT; Schema: public; Owner: sims_user
--

ALTER TABLE ONLY public.training_programpolicy
    ADD CONSTRAINT training_programpoli_program_id_1dc00b3d_fk_training_ FOREIGN KEY (program_id) REFERENCES public.training_trainingprogram(id) DEFERRABLE INITIALLY DEFERRED;


--
-- Name: training_programrotationrequirement training_programrota_department_id_22d663ae_fk_academics; Type: FK CONSTRAINT; Schema: public; Owner: sims_user
--

ALTER TABLE ONLY public.training_programrotationrequirement
    ADD CONSTRAINT training_programrota_department_id_22d663ae_fk_academics FOREIGN KEY (department_id) REFERENCES public.academics_department(id) DEFERRABLE INITIALLY DEFERRED;


--
-- Name: training_programrotationtemplate training_programrota_department_id_512475cd_fk_academics; Type: FK CONSTRAINT; Schema: public; Owner: sims_user
--

ALTER TABLE ONLY public.training_programrotationtemplate
    ADD CONSTRAINT training_programrota_department_id_512475cd_fk_academics FOREIGN KEY (department_id) REFERENCES public.academics_department(id) DEFERRABLE INITIALLY DEFERRED;


--
-- Name: training_programrotationtemplate_allowed_hospitals training_programrota_hospital_id_8c94814b_fk_rotations; Type: FK CONSTRAINT; Schema: public; Owner: sims_user
--

ALTER TABLE ONLY public.training_programrotationtemplate_allowed_hospitals
    ADD CONSTRAINT training_programrota_hospital_id_8c94814b_fk_rotations FOREIGN KEY (hospital_id) REFERENCES public.rotations_hospital(id) DEFERRABLE INITIALLY DEFERRED;


--
-- Name: training_programrotationtemplate training_programrota_program_id_a2d04afa_fk_training_; Type: FK CONSTRAINT; Schema: public; Owner: sims_user
--

ALTER TABLE ONLY public.training_programrotationtemplate
    ADD CONSTRAINT training_programrota_program_id_a2d04afa_fk_training_ FOREIGN KEY (program_id) REFERENCES public.training_trainingprogram(id) DEFERRABLE INITIALLY DEFERRED;


--
-- Name: training_programrotationrequirement training_programrota_program_id_b33443d3_fk_training_; Type: FK CONSTRAINT; Schema: public; Owner: sims_user
--

ALTER TABLE ONLY public.training_programrotationrequirement
    ADD CONSTRAINT training_programrota_program_id_b33443d3_fk_training_ FOREIGN KEY (program_id) REFERENCES public.training_trainingprogram(id) DEFERRABLE INITIALLY DEFERRED;


--
-- Name: training_programrotationtemplate_allowed_hospitals training_programrota_programrotationtempl_cee5e98b_fk_training_; Type: FK CONSTRAINT; Schema: public; Owner: sims_user
--

ALTER TABLE ONLY public.training_programrotationtemplate_allowed_hospitals
    ADD CONSTRAINT training_programrota_programrotationtempl_cee5e98b_fk_training_ FOREIGN KEY (programrotationtemplate_id) REFERENCES public.training_programrotationtemplate(id) DEFERRABLE INITIALLY DEFERRED;


--
-- Name: training_residentmilestoneeligibility training_residentmil_milestone_id_cea9555e_fk_training_; Type: FK CONSTRAINT; Schema: public; Owner: sims_user
--

ALTER TABLE ONLY public.training_residentmilestoneeligibility
    ADD CONSTRAINT training_residentmil_milestone_id_cea9555e_fk_training_ FOREIGN KEY (milestone_id) REFERENCES public.training_programmilestone(id) DEFERRABLE INITIALLY DEFERRED;


--
-- Name: training_residentmilestoneeligibility training_residentmil_resident_training_re_0d6feda8_fk_training_; Type: FK CONSTRAINT; Schema: public; Owner: sims_user
--

ALTER TABLE ONLY public.training_residentmilestoneeligibility
    ADD CONSTRAINT training_residentmil_resident_training_re_0d6feda8_fk_training_ FOREIGN KEY (resident_training_record_id) REFERENCES public.training_residenttrainingrecord(id) DEFERRABLE INITIALLY DEFERRED;


--
-- Name: training_residentresearchproject training_residentres_resident_training_re_c96450d7_fk_training_; Type: FK CONSTRAINT; Schema: public; Owner: sims_user
--

ALTER TABLE ONLY public.training_residentresearchproject
    ADD CONSTRAINT training_residentres_resident_training_re_c96450d7_fk_training_ FOREIGN KEY (resident_training_record_id) REFERENCES public.training_residenttrainingrecord(id) DEFERRABLE INITIALLY DEFERRED;


--
-- Name: training_residentresearchproject training_residentres_supervisor_id_47e9289b_fk_users_use; Type: FK CONSTRAINT; Schema: public; Owner: sims_user
--

ALTER TABLE ONLY public.training_residentresearchproject
    ADD CONSTRAINT training_residentres_supervisor_id_47e9289b_fk_users_use FOREIGN KEY (supervisor_id) REFERENCES public.users_user(id) DEFERRABLE INITIALLY DEFERRED;


--
-- Name: training_residentsubmission training_residentsub_resident_training_re_ffa56f77_fk_training_; Type: FK CONSTRAINT; Schema: public; Owner: sims_user
--

ALTER TABLE ONLY public.training_residentsubmission
    ADD CONSTRAINT training_residentsub_resident_training_re_ffa56f77_fk_training_ FOREIGN KEY (resident_training_record_id) REFERENCES public.training_residenttrainingrecord(id) DEFERRABLE INITIALLY DEFERRED;


--
-- Name: training_residentsubmission training_residentsub_reviewed_by_id_f872610f_fk_users_use; Type: FK CONSTRAINT; Schema: public; Owner: sims_user
--

ALTER TABLE ONLY public.training_residentsubmission
    ADD CONSTRAINT training_residentsub_reviewed_by_id_f872610f_fk_users_use FOREIGN KEY (reviewed_by_id) REFERENCES public.users_user(id) DEFERRABLE INITIALLY DEFERRED;


--
-- Name: training_residentthesis training_residentthe_resident_training_re_217c24f1_fk_training_; Type: FK CONSTRAINT; Schema: public; Owner: sims_user
--

ALTER TABLE ONLY public.training_residentthesis
    ADD CONSTRAINT training_residentthe_resident_training_re_217c24f1_fk_training_ FOREIGN KEY (resident_training_record_id) REFERENCES public.training_residenttrainingrecord(id) DEFERRABLE INITIALLY DEFERRED;


--
-- Name: training_residenttrainingrecord training_residenttra_created_by_id_48fce119_fk_users_use; Type: FK CONSTRAINT; Schema: public; Owner: sims_user
--

ALTER TABLE ONLY public.training_residenttrainingrecord
    ADD CONSTRAINT training_residenttra_created_by_id_48fce119_fk_users_use FOREIGN KEY (created_by_id) REFERENCES public.users_user(id) DEFERRABLE INITIALLY DEFERRED;


--
-- Name: training_residenttrainingrecord training_residenttra_program_id_53ff2a2e_fk_training_; Type: FK CONSTRAINT; Schema: public; Owner: sims_user
--

ALTER TABLE ONLY public.training_residenttrainingrecord
    ADD CONSTRAINT training_residenttra_program_id_53ff2a2e_fk_training_ FOREIGN KEY (program_id) REFERENCES public.training_trainingprogram(id) DEFERRABLE INITIALLY DEFERRED;


--
-- Name: training_residenttrainingrecord training_residenttra_resident_user_id_d35e4dea_fk_users_use; Type: FK CONSTRAINT; Schema: public; Owner: sims_user
--

ALTER TABLE ONLY public.training_residenttrainingrecord
    ADD CONSTRAINT training_residenttra_resident_user_id_d35e4dea_fk_users_use FOREIGN KEY (resident_user_id) REFERENCES public.users_user(id) DEFERRABLE INITIALLY DEFERRED;


--
-- Name: training_residentworkshopcompletion training_residentwor_resident_training_re_7e90cbcb_fk_training_; Type: FK CONSTRAINT; Schema: public; Owner: sims_user
--

ALTER TABLE ONLY public.training_residentworkshopcompletion
    ADD CONSTRAINT training_residentwor_resident_training_re_7e90cbcb_fk_training_ FOREIGN KEY (resident_training_record_id) REFERENCES public.training_residenttrainingrecord(id) DEFERRABLE INITIALLY DEFERRED;


--
-- Name: training_residentworkshopcompletion training_residentwor_workshop_id_3d647129_fk_training_; Type: FK CONSTRAINT; Schema: public; Owner: sims_user
--

ALTER TABLE ONLY public.training_residentworkshopcompletion
    ADD CONSTRAINT training_residentwor_workshop_id_3d647129_fk_training_ FOREIGN KEY (workshop_id) REFERENCES public.training_workshop(id) DEFERRABLE INITIALLY DEFERRED;


--
-- Name: training_residentworkshopcompletion training_residentwor_workshop_run_id_8dd2ef3d_fk_training_; Type: FK CONSTRAINT; Schema: public; Owner: sims_user
--

ALTER TABLE ONLY public.training_residentworkshopcompletion
    ADD CONSTRAINT training_residentwor_workshop_run_id_8dd2ef3d_fk_training_ FOREIGN KEY (workshop_run_id) REFERENCES public.training_workshoprun(id) DEFERRABLE INITIALLY DEFERRED;


--
-- Name: training_rotationassignment training_rotationass_approved_by_hod_id_a393914d_fk_users_use; Type: FK CONSTRAINT; Schema: public; Owner: sims_user
--

ALTER TABLE ONLY public.training_rotationassignment
    ADD CONSTRAINT training_rotationass_approved_by_hod_id_a393914d_fk_users_use FOREIGN KEY (approved_by_hod_id) REFERENCES public.users_user(id) DEFERRABLE INITIALLY DEFERRED;


--
-- Name: training_rotationassignment training_rotationass_approved_by_utrmc_id_cef957a2_fk_users_use; Type: FK CONSTRAINT; Schema: public; Owner: sims_user
--

ALTER TABLE ONLY public.training_rotationassignment
    ADD CONSTRAINT training_rotationass_approved_by_utrmc_id_cef957a2_fk_users_use FOREIGN KEY (approved_by_utrmc_id) REFERENCES public.users_user(id) DEFERRABLE INITIALLY DEFERRED;


--
-- Name: training_rotationassignment training_rotationass_hospital_department__98df1319_fk_rotations; Type: FK CONSTRAINT; Schema: public; Owner: sims_user
--

ALTER TABLE ONLY public.training_rotationassignment
    ADD CONSTRAINT training_rotationass_hospital_department__98df1319_fk_rotations FOREIGN KEY (hospital_department_id) REFERENCES public.rotations_hospitaldepartment(id) DEFERRABLE INITIALLY DEFERRED;


--
-- Name: training_rotationassignment training_rotationass_requested_by_id_d4181a01_fk_users_use; Type: FK CONSTRAINT; Schema: public; Owner: sims_user
--

ALTER TABLE ONLY public.training_rotationassignment
    ADD CONSTRAINT training_rotationass_requested_by_id_d4181a01_fk_users_use FOREIGN KEY (requested_by_id) REFERENCES public.users_user(id) DEFERRABLE INITIALLY DEFERRED;


--
-- Name: training_rotationassignment training_rotationass_resident_training_id_fa9885d8_fk_training_; Type: FK CONSTRAINT; Schema: public; Owner: sims_user
--

ALTER TABLE ONLY public.training_rotationassignment
    ADD CONSTRAINT training_rotationass_resident_training_id_fa9885d8_fk_training_ FOREIGN KEY (resident_training_id) REFERENCES public.training_residenttrainingrecord(id) DEFERRABLE INITIALLY DEFERRED;


--
-- Name: training_rotationassignment training_rotationass_template_id_92914021_fk_training_; Type: FK CONSTRAINT; Schema: public; Owner: sims_user
--

ALTER TABLE ONLY public.training_rotationassignment
    ADD CONSTRAINT training_rotationass_template_id_92914021_fk_training_ FOREIGN KEY (template_id) REFERENCES public.training_programrotationtemplate(id) DEFERRABLE INITIALLY DEFERRED;


--
-- Name: training_rotationcertificate training_rotationcer_completion_id_7fa0a12a_fk_training_; Type: FK CONSTRAINT; Schema: public; Owner: sims_user
--

ALTER TABLE ONLY public.training_rotationcertificate
    ADD CONSTRAINT training_rotationcer_completion_id_7fa0a12a_fk_training_ FOREIGN KEY (completion_id) REFERENCES public.training_rotationcompletion(id) DEFERRABLE INITIALLY DEFERRED;


--
-- Name: training_rotationcertificate training_rotationcer_issued_by_id_27d4dc81_fk_users_use; Type: FK CONSTRAINT; Schema: public; Owner: sims_user
--

ALTER TABLE ONLY public.training_rotationcertificate
    ADD CONSTRAINT training_rotationcer_issued_by_id_27d4dc81_fk_users_use FOREIGN KEY (issued_by_id) REFERENCES public.users_user(id) DEFERRABLE INITIALLY DEFERRED;


--
-- Name: training_rotationcertificate training_rotationcer_verified_by_id_c0b5f207_fk_users_use; Type: FK CONSTRAINT; Schema: public; Owner: sims_user
--

ALTER TABLE ONLY public.training_rotationcertificate
    ADD CONSTRAINT training_rotationcer_verified_by_id_c0b5f207_fk_users_use FOREIGN KEY (verified_by_id) REFERENCES public.users_user(id) DEFERRABLE INITIALLY DEFERRED;


--
-- Name: training_rotationcompletion training_rotationcom_confirmed_by_id_e8d448ba_fk_users_use; Type: FK CONSTRAINT; Schema: public; Owner: sims_user
--

ALTER TABLE ONLY public.training_rotationcompletion
    ADD CONSTRAINT training_rotationcom_confirmed_by_id_e8d448ba_fk_users_use FOREIGN KEY (confirmed_by_id) REFERENCES public.users_user(id) DEFERRABLE INITIALLY DEFERRED;


--
-- Name: training_rotationcompletion training_rotationcom_rotation_id_0c7ab5ba_fk_training_; Type: FK CONSTRAINT; Schema: public; Owner: sims_user
--

ALTER TABLE ONLY public.training_rotationcompletion
    ADD CONSTRAINT training_rotationcom_rotation_id_0c7ab5ba_fk_training_ FOREIGN KEY (rotation_id) REFERENCES public.training_rotationassignment(id) DEFERRABLE INITIALLY DEFERRED;


--
-- Name: training_rotationcompletion training_rotationcom_verified_by_id_e06c75ae_fk_users_use; Type: FK CONSTRAINT; Schema: public; Owner: sims_user
--

ALTER TABLE ONLY public.training_rotationcompletion
    ADD CONSTRAINT training_rotationcom_verified_by_id_e06c75ae_fk_users_use FOREIGN KEY (verified_by_id) REFERENCES public.users_user(id) DEFERRABLE INITIALLY DEFERRED;


--
-- Name: training_submissioncertificate training_submissionc_issued_by_id_b4fc86e1_fk_users_use; Type: FK CONSTRAINT; Schema: public; Owner: sims_user
--

ALTER TABLE ONLY public.training_submissioncertificate
    ADD CONSTRAINT training_submissionc_issued_by_id_b4fc86e1_fk_users_use FOREIGN KEY (issued_by_id) REFERENCES public.users_user(id) DEFERRABLE INITIALLY DEFERRED;


--
-- Name: training_submissioncertificate training_submissionc_submission_id_0dabe7a8_fk_training_; Type: FK CONSTRAINT; Schema: public; Owner: sims_user
--

ALTER TABLE ONLY public.training_submissioncertificate
    ADD CONSTRAINT training_submissionc_submission_id_0dabe7a8_fk_training_ FOREIGN KEY (submission_id) REFERENCES public.training_residentsubmission(id) DEFERRABLE INITIALLY DEFERRED;


--
-- Name: training_submissioncertificate training_submissionc_verified_by_id_35a22dc8_fk_users_use; Type: FK CONSTRAINT; Schema: public; Owner: sims_user
--

ALTER TABLE ONLY public.training_submissioncertificate
    ADD CONSTRAINT training_submissionc_verified_by_id_35a22dc8_fk_users_use FOREIGN KEY (verified_by_id) REFERENCES public.users_user(id) DEFERRABLE INITIALLY DEFERRED;


--
-- Name: training_submissiondocument training_submissiond_requirement_id_ac2290e6_fk_training_; Type: FK CONSTRAINT; Schema: public; Owner: sims_user
--

ALTER TABLE ONLY public.training_submissiondocument
    ADD CONSTRAINT training_submissiond_requirement_id_ac2290e6_fk_training_ FOREIGN KEY (requirement_id) REFERENCES public.training_submissionrequirementtemplate(id) DEFERRABLE INITIALLY DEFERRED;


--
-- Name: training_submissiondocument training_submissiond_submission_id_4e939de1_fk_training_; Type: FK CONSTRAINT; Schema: public; Owner: sims_user
--

ALTER TABLE ONLY public.training_submissiondocument
    ADD CONSTRAINT training_submissiond_submission_id_4e939de1_fk_training_ FOREIGN KEY (submission_id) REFERENCES public.training_residentsubmission(id) DEFERRABLE INITIALLY DEFERRED;


--
-- Name: training_submissiondocument training_submissiond_uploaded_by_id_90d390be_fk_users_use; Type: FK CONSTRAINT; Schema: public; Owner: sims_user
--

ALTER TABLE ONLY public.training_submissiondocument
    ADD CONSTRAINT training_submissiond_uploaded_by_id_90d390be_fk_users_use FOREIGN KEY (uploaded_by_id) REFERENCES public.users_user(id) DEFERRABLE INITIALLY DEFERRED;


--
-- Name: training_submissionrequirementtemplate training_submissionr_created_by_id_cf534448_fk_users_use; Type: FK CONSTRAINT; Schema: public; Owner: sims_user
--

ALTER TABLE ONLY public.training_submissionrequirementtemplate
    ADD CONSTRAINT training_submissionr_created_by_id_cf534448_fk_users_use FOREIGN KEY (created_by_id) REFERENCES public.users_user(id) DEFERRABLE INITIALLY DEFERRED;


--
-- Name: training_submissionrequirementtemplate training_submissionr_department_id_b8efc88f_fk_academics; Type: FK CONSTRAINT; Schema: public; Owner: sims_user
--

ALTER TABLE ONLY public.training_submissionrequirementtemplate
    ADD CONSTRAINT training_submissionr_department_id_b8efc88f_fk_academics FOREIGN KEY (department_id) REFERENCES public.academics_department(id) DEFERRABLE INITIALLY DEFERRED;


--
-- Name: training_submissionrequirementtemplate training_submissionr_program_id_932b6100_fk_training_; Type: FK CONSTRAINT; Schema: public; Owner: sims_user
--

ALTER TABLE ONLY public.training_submissionrequirementtemplate
    ADD CONSTRAINT training_submissionr_program_id_932b6100_fk_training_ FOREIGN KEY (program_id) REFERENCES public.training_trainingprogram(id) DEFERRABLE INITIALLY DEFERRED;


--
-- Name: training_submissionreview training_submissionr_submission_id_d052fd2f_fk_training_; Type: FK CONSTRAINT; Schema: public; Owner: sims_user
--

ALTER TABLE ONLY public.training_submissionreview
    ADD CONSTRAINT training_submissionr_submission_id_d052fd2f_fk_training_ FOREIGN KEY (submission_id) REFERENCES public.training_residentsubmission(id) DEFERRABLE INITIALLY DEFERRED;


--
-- Name: training_submissionreview training_submissionreview_reviewer_id_e1282230_fk_users_user_id; Type: FK CONSTRAINT; Schema: public; Owner: sims_user
--

ALTER TABLE ONLY public.training_submissionreview
    ADD CONSTRAINT training_submissionreview_reviewer_id_e1282230_fk_users_user_id FOREIGN KEY (reviewer_id) REFERENCES public.users_user(id) DEFERRABLE INITIALLY DEFERRED;


--
-- Name: training_trainingprogram training_trainingpro_department_id_04d536e7_fk_academics; Type: FK CONSTRAINT; Schema: public; Owner: sims_user
--

ALTER TABLE ONLY public.training_trainingprogram
    ADD CONSTRAINT training_trainingpro_department_id_04d536e7_fk_academics FOREIGN KEY (department_id) REFERENCES public.academics_department(id) DEFERRABLE INITIALLY DEFERRED;


--
-- Name: training_workshopblock training_workshopblo_workshop_id_35c1399d_fk_training_; Type: FK CONSTRAINT; Schema: public; Owner: sims_user
--

ALTER TABLE ONLY public.training_workshopblock
    ADD CONSTRAINT training_workshopblo_workshop_id_35c1399d_fk_training_ FOREIGN KEY (workshop_id) REFERENCES public.training_workshop(id) DEFERRABLE INITIALLY DEFERRED;


--
-- Name: training_workshoprun training_workshoprun_block_id_bb9dbe15_fk_training_; Type: FK CONSTRAINT; Schema: public; Owner: sims_user
--

ALTER TABLE ONLY public.training_workshoprun
    ADD CONSTRAINT training_workshoprun_block_id_bb9dbe15_fk_training_ FOREIGN KEY (block_id) REFERENCES public.training_workshopblock(id) DEFERRABLE INITIALLY DEFERRED;


--
-- Name: training_workshoprun training_workshoprun_facilitator_id_c9dd1d7f_fk_users_user_id; Type: FK CONSTRAINT; Schema: public; Owner: sims_user
--

ALTER TABLE ONLY public.training_workshoprun
    ADD CONSTRAINT training_workshoprun_facilitator_id_c9dd1d7f_fk_users_user_id FOREIGN KEY (facilitator_id) REFERENCES public.users_user(id) DEFERRABLE INITIALLY DEFERRED;


--
-- Name: users_datacorrectionaudit users_datacorrectionaudit_actor_id_35636fe9_fk_users_user_id; Type: FK CONSTRAINT; Schema: public; Owner: sims_user
--

ALTER TABLE ONLY public.users_datacorrectionaudit
    ADD CONSTRAINT users_datacorrectionaudit_actor_id_35636fe9_fk_users_user_id FOREIGN KEY (actor_id) REFERENCES public.users_user(id) DEFERRABLE INITIALLY DEFERRED;


--
-- Name: users_departmentmembership users_departmentmemb_created_by_id_4c1e4ec6_fk_users_use; Type: FK CONSTRAINT; Schema: public; Owner: sims_user
--

ALTER TABLE ONLY public.users_departmentmembership
    ADD CONSTRAINT users_departmentmemb_created_by_id_4c1e4ec6_fk_users_use FOREIGN KEY (created_by_id) REFERENCES public.users_user(id) DEFERRABLE INITIALLY DEFERRED;


--
-- Name: users_departmentmembership users_departmentmemb_department_id_764eabe7_fk_academics; Type: FK CONSTRAINT; Schema: public; Owner: sims_user
--

ALTER TABLE ONLY public.users_departmentmembership
    ADD CONSTRAINT users_departmentmemb_department_id_764eabe7_fk_academics FOREIGN KEY (department_id) REFERENCES public.academics_department(id) DEFERRABLE INITIALLY DEFERRED;


--
-- Name: users_departmentmembership users_departmentmemb_updated_by_id_e1ec1412_fk_users_use; Type: FK CONSTRAINT; Schema: public; Owner: sims_user
--

ALTER TABLE ONLY public.users_departmentmembership
    ADD CONSTRAINT users_departmentmemb_updated_by_id_e1ec1412_fk_users_use FOREIGN KEY (updated_by_id) REFERENCES public.users_user(id) DEFERRABLE INITIALLY DEFERRED;


--
-- Name: users_departmentmembership users_departmentmembership_user_id_6dd26ec4_fk_users_user_id; Type: FK CONSTRAINT; Schema: public; Owner: sims_user
--

ALTER TABLE ONLY public.users_departmentmembership
    ADD CONSTRAINT users_departmentmembership_user_id_6dd26ec4_fk_users_user_id FOREIGN KEY (user_id) REFERENCES public.users_user(id) DEFERRABLE INITIALLY DEFERRED;


--
-- Name: users_historicaluser users_historicaluser_history_user_id_7f91d047_fk_users_user_id; Type: FK CONSTRAINT; Schema: public; Owner: sims_user
--

ALTER TABLE ONLY public.users_historicaluser
    ADD CONSTRAINT users_historicaluser_history_user_id_7f91d047_fk_users_user_id FOREIGN KEY (history_user_id) REFERENCES public.users_user(id) DEFERRABLE INITIALLY DEFERRED;


--
-- Name: users_historicalworkspaceidentity users_historicalwork_history_user_id_634f58c8_fk_users_use; Type: FK CONSTRAINT; Schema: public; Owner: sims_user
--

ALTER TABLE ONLY public.users_historicalworkspaceidentity
    ADD CONSTRAINT users_historicalwork_history_user_id_634f58c8_fk_users_use FOREIGN KEY (history_user_id) REFERENCES public.users_user(id) DEFERRABLE INITIALLY DEFERRED;


--
-- Name: users_hodassignment users_hodassignment_created_by_id_25c6b83c_fk_users_user_id; Type: FK CONSTRAINT; Schema: public; Owner: sims_user
--

ALTER TABLE ONLY public.users_hodassignment
    ADD CONSTRAINT users_hodassignment_created_by_id_25c6b83c_fk_users_user_id FOREIGN KEY (created_by_id) REFERENCES public.users_user(id) DEFERRABLE INITIALLY DEFERRED;


--
-- Name: users_hodassignment users_hodassignment_department_id_96d9abb7_fk_academics; Type: FK CONSTRAINT; Schema: public; Owner: sims_user
--

ALTER TABLE ONLY public.users_hodassignment
    ADD CONSTRAINT users_hodassignment_department_id_96d9abb7_fk_academics FOREIGN KEY (department_id) REFERENCES public.academics_department(id) DEFERRABLE INITIALLY DEFERRED;


--
-- Name: users_hodassignment users_hodassignment_hod_user_id_c749ad08_fk_users_user_id; Type: FK CONSTRAINT; Schema: public; Owner: sims_user
--

ALTER TABLE ONLY public.users_hodassignment
    ADD CONSTRAINT users_hodassignment_hod_user_id_c749ad08_fk_users_user_id FOREIGN KEY (hod_user_id) REFERENCES public.users_user(id) DEFERRABLE INITIALLY DEFERRED;


--
-- Name: users_hodassignment users_hodassignment_updated_by_id_39410814_fk_users_user_id; Type: FK CONSTRAINT; Schema: public; Owner: sims_user
--

ALTER TABLE ONLY public.users_hodassignment
    ADD CONSTRAINT users_hodassignment_updated_by_id_39410814_fk_users_user_id FOREIGN KEY (updated_by_id) REFERENCES public.users_user(id) DEFERRABLE INITIALLY DEFERRED;


--
-- Name: users_hospitalassignment users_hospitalassign_created_by_id_3283c98a_fk_users_use; Type: FK CONSTRAINT; Schema: public; Owner: sims_user
--

ALTER TABLE ONLY public.users_hospitalassignment
    ADD CONSTRAINT users_hospitalassign_created_by_id_3283c98a_fk_users_use FOREIGN KEY (created_by_id) REFERENCES public.users_user(id) DEFERRABLE INITIALLY DEFERRED;


--
-- Name: users_hospitalassignment users_hospitalassign_hospital_department__6d3abb28_fk_rotations; Type: FK CONSTRAINT; Schema: public; Owner: sims_user
--

ALTER TABLE ONLY public.users_hospitalassignment
    ADD CONSTRAINT users_hospitalassign_hospital_department__6d3abb28_fk_rotations FOREIGN KEY (hospital_department_id) REFERENCES public.rotations_hospitaldepartment(id) DEFERRABLE INITIALLY DEFERRED;


--
-- Name: users_hospitalassignment users_hospitalassign_updated_by_id_710d1021_fk_users_use; Type: FK CONSTRAINT; Schema: public; Owner: sims_user
--

ALTER TABLE ONLY public.users_hospitalassignment
    ADD CONSTRAINT users_hospitalassign_updated_by_id_710d1021_fk_users_use FOREIGN KEY (updated_by_id) REFERENCES public.users_user(id) DEFERRABLE INITIALLY DEFERRED;


--
-- Name: users_hospitalassignment users_hospitalassignment_user_id_fdf26e50_fk_users_user_id; Type: FK CONSTRAINT; Schema: public; Owner: sims_user
--

ALTER TABLE ONLY public.users_hospitalassignment
    ADD CONSTRAINT users_hospitalassignment_user_id_fdf26e50_fk_users_user_id FOREIGN KEY (user_id) REFERENCES public.users_user(id) DEFERRABLE INITIALLY DEFERRED;


--
-- Name: users_residentprofile users_residentprofile_user_id_70e5e20c_fk_users_user_id; Type: FK CONSTRAINT; Schema: public; Owner: sims_user
--

ALTER TABLE ONLY public.users_residentprofile
    ADD CONSTRAINT users_residentprofile_user_id_70e5e20c_fk_users_user_id FOREIGN KEY (user_id) REFERENCES public.users_user(id) DEFERRABLE INITIALLY DEFERRED;


--
-- Name: users_staffprofile users_staffprofile_user_id_5579dc0b_fk_users_user_id; Type: FK CONSTRAINT; Schema: public; Owner: sims_user
--

ALTER TABLE ONLY public.users_staffprofile
    ADD CONSTRAINT users_staffprofile_user_id_5579dc0b_fk_users_user_id FOREIGN KEY (user_id) REFERENCES public.users_user(id) DEFERRABLE INITIALLY DEFERRED;


--
-- Name: users_supervisorresidentlink users_supervisorresi_created_by_id_5865ad10_fk_users_use; Type: FK CONSTRAINT; Schema: public; Owner: sims_user
--

ALTER TABLE ONLY public.users_supervisorresidentlink
    ADD CONSTRAINT users_supervisorresi_created_by_id_5865ad10_fk_users_use FOREIGN KEY (created_by_id) REFERENCES public.users_user(id) DEFERRABLE INITIALLY DEFERRED;


--
-- Name: users_supervisorresidentlink users_supervisorresi_department_id_c43c41e9_fk_academics; Type: FK CONSTRAINT; Schema: public; Owner: sims_user
--

ALTER TABLE ONLY public.users_supervisorresidentlink
    ADD CONSTRAINT users_supervisorresi_department_id_c43c41e9_fk_academics FOREIGN KEY (department_id) REFERENCES public.academics_department(id) DEFERRABLE INITIALLY DEFERRED;


--
-- Name: users_supervisorresidentlink users_supervisorresi_resident_user_id_c230e36b_fk_users_use; Type: FK CONSTRAINT; Schema: public; Owner: sims_user
--

ALTER TABLE ONLY public.users_supervisorresidentlink
    ADD CONSTRAINT users_supervisorresi_resident_user_id_c230e36b_fk_users_use FOREIGN KEY (resident_user_id) REFERENCES public.users_user(id) DEFERRABLE INITIALLY DEFERRED;


--
-- Name: users_supervisorresidentlink users_supervisorresi_supervisor_user_id_6e12037e_fk_users_use; Type: FK CONSTRAINT; Schema: public; Owner: sims_user
--

ALTER TABLE ONLY public.users_supervisorresidentlink
    ADD CONSTRAINT users_supervisorresi_supervisor_user_id_6e12037e_fk_users_use FOREIGN KEY (supervisor_user_id) REFERENCES public.users_user(id) DEFERRABLE INITIALLY DEFERRED;


--
-- Name: users_supervisorresidentlink users_supervisorresi_updated_by_id_affacda6_fk_users_use; Type: FK CONSTRAINT; Schema: public; Owner: sims_user
--

ALTER TABLE ONLY public.users_supervisorresidentlink
    ADD CONSTRAINT users_supervisorresi_updated_by_id_affacda6_fk_users_use FOREIGN KEY (updated_by_id) REFERENCES public.users_user(id) DEFERRABLE INITIALLY DEFERRED;


--
-- Name: users_user users_user_created_by_id_ba0dd846_fk_users_user_id; Type: FK CONSTRAINT; Schema: public; Owner: sims_user
--

ALTER TABLE ONLY public.users_user
    ADD CONSTRAINT users_user_created_by_id_ba0dd846_fk_users_user_id FOREIGN KEY (created_by_id) REFERENCES public.users_user(id) DEFERRABLE INITIALLY DEFERRED;


--
-- Name: users_user_groups users_user_groups_group_id_9afc8d0e_fk_auth_group_id; Type: FK CONSTRAINT; Schema: public; Owner: sims_user
--

ALTER TABLE ONLY public.users_user_groups
    ADD CONSTRAINT users_user_groups_group_id_9afc8d0e_fk_auth_group_id FOREIGN KEY (group_id) REFERENCES public.auth_group(id) DEFERRABLE INITIALLY DEFERRED;


--
-- Name: users_user_groups users_user_groups_user_id_5f6f5a90_fk_users_user_id; Type: FK CONSTRAINT; Schema: public; Owner: sims_user
--

ALTER TABLE ONLY public.users_user_groups
    ADD CONSTRAINT users_user_groups_user_id_5f6f5a90_fk_users_user_id FOREIGN KEY (user_id) REFERENCES public.users_user(id) DEFERRABLE INITIALLY DEFERRED;


--
-- Name: users_user users_user_home_department_id_23281948_fk_academics; Type: FK CONSTRAINT; Schema: public; Owner: sims_user
--

ALTER TABLE ONLY public.users_user
    ADD CONSTRAINT users_user_home_department_id_23281948_fk_academics FOREIGN KEY (home_department_id) REFERENCES public.academics_department(id) DEFERRABLE INITIALLY DEFERRED;


--
-- Name: users_user users_user_home_hospital_id_32a766cb_fk_rotations_hospital_id; Type: FK CONSTRAINT; Schema: public; Owner: sims_user
--

ALTER TABLE ONLY public.users_user
    ADD CONSTRAINT users_user_home_hospital_id_32a766cb_fk_rotations_hospital_id FOREIGN KEY (home_hospital_id) REFERENCES public.rotations_hospital(id) DEFERRABLE INITIALLY DEFERRED;


--
-- Name: users_user users_user_modified_by_id_d127a936_fk_users_user_id; Type: FK CONSTRAINT; Schema: public; Owner: sims_user
--

ALTER TABLE ONLY public.users_user
    ADD CONSTRAINT users_user_modified_by_id_d127a936_fk_users_user_id FOREIGN KEY (modified_by_id) REFERENCES public.users_user(id) DEFERRABLE INITIALLY DEFERRED;


--
-- Name: users_user users_user_supervisor_id_5f1670ee_fk_users_user_id; Type: FK CONSTRAINT; Schema: public; Owner: sims_user
--

ALTER TABLE ONLY public.users_user
    ADD CONSTRAINT users_user_supervisor_id_5f1670ee_fk_users_user_id FOREIGN KEY (supervisor_id) REFERENCES public.users_user(id) DEFERRABLE INITIALLY DEFERRED;


--
-- Name: users_user_user_permissions users_user_user_perm_permission_id_0b93982e_fk_auth_perm; Type: FK CONSTRAINT; Schema: public; Owner: sims_user
--

ALTER TABLE ONLY public.users_user_user_permissions
    ADD CONSTRAINT users_user_user_perm_permission_id_0b93982e_fk_auth_perm FOREIGN KEY (permission_id) REFERENCES public.auth_permission(id) DEFERRABLE INITIALLY DEFERRED;


--
-- Name: users_user_user_permissions users_user_user_permissions_user_id_20aca447_fk_users_user_id; Type: FK CONSTRAINT; Schema: public; Owner: sims_user
--

ALTER TABLE ONLY public.users_user_user_permissions
    ADD CONSTRAINT users_user_user_permissions_user_id_20aca447_fk_users_user_id FOREIGN KEY (user_id) REFERENCES public.users_user(id) DEFERRABLE INITIALLY DEFERRED;


--
-- Name: users_workspacebridgelog users_workspacebridg_created_by_id_f1a04bf3_fk_users_use; Type: FK CONSTRAINT; Schema: public; Owner: sims_user
--

ALTER TABLE ONLY public.users_workspacebridgelog
    ADD CONSTRAINT users_workspacebridg_created_by_id_f1a04bf3_fk_users_use FOREIGN KEY (created_by_id) REFERENCES public.users_user(id) DEFERRABLE INITIALLY DEFERRED;


--
-- Name: users_workspacebridgelog users_workspacebridg_identity_id_f084af41_fk_users_wor; Type: FK CONSTRAINT; Schema: public; Owner: sims_user
--

ALTER TABLE ONLY public.users_workspacebridgelog
    ADD CONSTRAINT users_workspacebridg_identity_id_f084af41_fk_users_wor FOREIGN KEY (identity_id) REFERENCES public.users_workspaceidentity(id) DEFERRABLE INITIALLY DEFERRED;


--
-- Name: users_workspaceidentity users_workspaceident_approved_by_id_2412be80_fk_users_use; Type: FK CONSTRAINT; Schema: public; Owner: sims_user
--

ALTER TABLE ONLY public.users_workspaceidentity
    ADD CONSTRAINT users_workspaceident_approved_by_id_2412be80_fk_users_use FOREIGN KEY (approved_by_id) REFERENCES public.users_user(id) DEFERRABLE INITIALLY DEFERRED;


--
-- Name: users_workspaceidentity users_workspaceidentity_user_id_5946b37c_fk_users_user_id; Type: FK CONSTRAINT; Schema: public; Owner: sims_user
--

ALTER TABLE ONLY public.users_workspaceidentity
    ADD CONSTRAINT users_workspaceidentity_user_id_5946b37c_fk_users_user_id FOREIGN KEY (user_id) REFERENCES public.users_user(id) DEFERRABLE INITIALLY DEFERRED;


--
-- PostgreSQL database dump complete
--

\unrestrict GgqxzxmYqdMrNaeaoRw3C2UCNKQ85dnoZrPe8ctfV7HDI1MFbilu9tK3l8K2gfM

