--
-- PostgreSQL database dump
--

\restrict 8lTKHhfkMpA10fm8fDH2GCBiFG955MVdIbg5VuG9YWtoxDM7KtOtqMyFBsSgZau

-- Dumped from database version 15.17
-- Dumped by pg_dump version 15.17

SET statement_timeout = 0;
SET lock_timeout = 0;
SET idle_in_transaction_session_timeout = 0;
SET client_encoding = 'UTF8';
SET standard_conforming_strings = on;
SELECT pg_catalog.set_config('search_path', '', false);
SET check_function_bodies = false;
SET xmloption = content;
SET client_min_messages = warning;
SET row_security = off;

SET default_tablespace = '';

SET default_table_access_method = heap;

--
-- Name: academics_batch; Type: TABLE; Schema: public; Owner: sims_user
--

CREATE TABLE public.academics_batch (
    id bigint NOT NULL,
    name character varying(100) NOT NULL,
    program character varying(50) NOT NULL,
    start_date date NOT NULL,
    end_date date NOT NULL,
    capacity integer NOT NULL,
    active boolean NOT NULL,
    created_at timestamp with time zone NOT NULL,
    updated_at timestamp with time zone NOT NULL,
    coordinator_id bigint,
    department_id bigint NOT NULL
);


ALTER TABLE public.academics_batch OWNER TO sims_user;

--
-- Name: academics_batch_id_seq; Type: SEQUENCE; Schema: public; Owner: sims_user
--

ALTER TABLE public.academics_batch ALTER COLUMN id ADD GENERATED BY DEFAULT AS IDENTITY (
    SEQUENCE NAME public.academics_batch_id_seq
    START WITH 1
    INCREMENT BY 1
    NO MINVALUE
    NO MAXVALUE
    CACHE 1
);


--
-- Name: academics_department; Type: TABLE; Schema: public; Owner: sims_user
--

CREATE TABLE public.academics_department (
    id bigint NOT NULL,
    name character varying(200) NOT NULL,
    code character varying(20) NOT NULL,
    description text NOT NULL,
    active boolean NOT NULL,
    created_at timestamp with time zone NOT NULL,
    updated_at timestamp with time zone NOT NULL,
    head_id bigint
);


ALTER TABLE public.academics_department OWNER TO sims_user;

--
-- Name: academics_department_id_seq; Type: SEQUENCE; Schema: public; Owner: sims_user
--

ALTER TABLE public.academics_department ALTER COLUMN id ADD GENERATED BY DEFAULT AS IDENTITY (
    SEQUENCE NAME public.academics_department_id_seq
    START WITH 1
    INCREMENT BY 1
    NO MINVALUE
    NO MAXVALUE
    CACHE 1
);


--
-- Name: academics_studentprofile; Type: TABLE; Schema: public; Owner: sims_user
--

CREATE TABLE public.academics_studentprofile (
    id bigint NOT NULL,
    roll_number character varying(50) NOT NULL,
    admission_date date NOT NULL,
    expected_graduation_date date,
    actual_graduation_date date,
    status character varying(20) NOT NULL,
    status_updated_at timestamp with time zone NOT NULL,
    cgpa numeric(4,2),
    previous_institution character varying(200) NOT NULL,
    previous_qualification character varying(100) NOT NULL,
    emergency_contact_name character varying(200) NOT NULL,
    emergency_contact_phone character varying(20) NOT NULL,
    emergency_contact_relation character varying(50) NOT NULL,
    remarks text NOT NULL,
    created_at timestamp with time zone NOT NULL,
    updated_at timestamp with time zone NOT NULL,
    batch_id bigint NOT NULL,
    user_id bigint NOT NULL
);


ALTER TABLE public.academics_studentprofile OWNER TO sims_user;

--
-- Name: academics_studentprofile_id_seq; Type: SEQUENCE; Schema: public; Owner: sims_user
--

ALTER TABLE public.academics_studentprofile ALTER COLUMN id ADD GENERATED BY DEFAULT AS IDENTITY (
    SEQUENCE NAME public.academics_studentprofile_id_seq
    START WITH 1
    INCREMENT BY 1
    NO MINVALUE
    NO MAXVALUE
    CACHE 1
);


--
-- Name: audit_activitylog; Type: TABLE; Schema: public; Owner: sims_user
--

CREATE TABLE public.audit_activitylog (
    id bigint NOT NULL,
    action character varying(32) NOT NULL,
    verb character varying(64) NOT NULL,
    target_object_id character varying(64) NOT NULL,
    target_repr character varying(255) NOT NULL,
    metadata jsonb NOT NULL,
    ip_address inet,
    is_sensitive boolean NOT NULL,
    created_at timestamp with time zone NOT NULL,
    actor_id bigint,
    target_content_type_id integer
);


ALTER TABLE public.audit_activitylog OWNER TO sims_user;

--
-- Name: audit_activitylog_id_seq; Type: SEQUENCE; Schema: public; Owner: sims_user
--

ALTER TABLE public.audit_activitylog ALTER COLUMN id ADD GENERATED BY DEFAULT AS IDENTITY (
    SEQUENCE NAME public.audit_activitylog_id_seq
    START WITH 1
    INCREMENT BY 1
    NO MINVALUE
    NO MAXVALUE
    CACHE 1
);


--
-- Name: audit_auditreport; Type: TABLE; Schema: public; Owner: sims_user
--

CREATE TABLE public.audit_auditreport (
    id bigint NOT NULL,
    start timestamp with time zone NOT NULL,
    "end" timestamp with time zone NOT NULL,
    generated_at timestamp with time zone NOT NULL,
    payload jsonb NOT NULL,
    created_by_id bigint
);


ALTER TABLE public.audit_auditreport OWNER TO sims_user;

--
-- Name: audit_auditreport_id_seq; Type: SEQUENCE; Schema: public; Owner: sims_user
--

ALTER TABLE public.audit_auditreport ALTER COLUMN id ADD GENERATED BY DEFAULT AS IDENTITY (
    SEQUENCE NAME public.audit_auditreport_id_seq
    START WITH 1
    INCREMENT BY 1
    NO MINVALUE
    NO MAXVALUE
    CACHE 1
);


--
-- Name: audit_historicalauditreport; Type: TABLE; Schema: public; Owner: sims_user
--

CREATE TABLE public.audit_historicalauditreport (
    id bigint NOT NULL,
    start timestamp with time zone NOT NULL,
    "end" timestamp with time zone NOT NULL,
    generated_at timestamp with time zone NOT NULL,
    payload jsonb NOT NULL,
    history_id integer NOT NULL,
    history_date timestamp with time zone NOT NULL,
    history_change_reason character varying(100),
    history_type character varying(1) NOT NULL,
    created_by_id bigint,
    history_user_id bigint
);


ALTER TABLE public.audit_historicalauditreport OWNER TO sims_user;

--
-- Name: audit_historicalauditreport_history_id_seq; Type: SEQUENCE; Schema: public; Owner: sims_user
--

ALTER TABLE public.audit_historicalauditreport ALTER COLUMN history_id ADD GENERATED BY DEFAULT AS IDENTITY (
    SEQUENCE NAME public.audit_historicalauditreport_history_id_seq
    START WITH 1
    INCREMENT BY 1
    NO MINVALUE
    NO MAXVALUE
    CACHE 1
);


--
-- Name: auth_group; Type: TABLE; Schema: public; Owner: sims_user
--

CREATE TABLE public.auth_group (
    id integer NOT NULL,
    name character varying(150) NOT NULL
);


ALTER TABLE public.auth_group OWNER TO sims_user;

--
-- Name: auth_group_id_seq; Type: SEQUENCE; Schema: public; Owner: sims_user
--

ALTER TABLE public.auth_group ALTER COLUMN id ADD GENERATED BY DEFAULT AS IDENTITY (
    SEQUENCE NAME public.auth_group_id_seq
    START WITH 1
    INCREMENT BY 1
    NO MINVALUE
    NO MAXVALUE
    CACHE 1
);


--
-- Name: auth_group_permissions; Type: TABLE; Schema: public; Owner: sims_user
--

CREATE TABLE public.auth_group_permissions (
    id bigint NOT NULL,
    group_id integer NOT NULL,
    permission_id integer NOT NULL
);


ALTER TABLE public.auth_group_permissions OWNER TO sims_user;

--
-- Name: auth_group_permissions_id_seq; Type: SEQUENCE; Schema: public; Owner: sims_user
--

ALTER TABLE public.auth_group_permissions ALTER COLUMN id ADD GENERATED BY DEFAULT AS IDENTITY (
    SEQUENCE NAME public.auth_group_permissions_id_seq
    START WITH 1
    INCREMENT BY 1
    NO MINVALUE
    NO MAXVALUE
    CACHE 1
);


--
-- Name: auth_permission; Type: TABLE; Schema: public; Owner: sims_user
--

CREATE TABLE public.auth_permission (
    id integer NOT NULL,
    name character varying(255) NOT NULL,
    content_type_id integer NOT NULL,
    codename character varying(100) NOT NULL
);


ALTER TABLE public.auth_permission OWNER TO sims_user;

--
-- Name: auth_permission_id_seq; Type: SEQUENCE; Schema: public; Owner: sims_user
--

ALTER TABLE public.auth_permission ALTER COLUMN id ADD GENERATED BY DEFAULT AS IDENTITY (
    SEQUENCE NAME public.auth_permission_id_seq
    START WITH 1
    INCREMENT BY 1
    NO MINVALUE
    NO MAXVALUE
    CACHE 1
);


--
-- Name: bulk_bulkoperation; Type: TABLE; Schema: public; Owner: sims_user
--

CREATE TABLE public.bulk_bulkoperation (
    id bigint NOT NULL,
    operation character varying(32) NOT NULL,
    status character varying(16) NOT NULL,
    total_items integer NOT NULL,
    success_count integer NOT NULL,
    failure_count integer NOT NULL,
    details jsonb NOT NULL,
    created_at timestamp with time zone NOT NULL,
    completed_at timestamp with time zone,
    user_id bigint NOT NULL,
    CONSTRAINT bulk_bulkoperation_failure_count_check CHECK ((failure_count >= 0)),
    CONSTRAINT bulk_bulkoperation_success_count_check CHECK ((success_count >= 0)),
    CONSTRAINT bulk_bulkoperation_total_items_check CHECK ((total_items >= 0))
);


ALTER TABLE public.bulk_bulkoperation OWNER TO sims_user;

--
-- Name: bulk_bulkoperation_id_seq; Type: SEQUENCE; Schema: public; Owner: sims_user
--

ALTER TABLE public.bulk_bulkoperation ALTER COLUMN id ADD GENERATED BY DEFAULT AS IDENTITY (
    SEQUENCE NAME public.bulk_bulkoperation_id_seq
    START WITH 1
    INCREMENT BY 1
    NO MINVALUE
    NO MAXVALUE
    CACHE 1
);


--
-- Name: django_admin_log; Type: TABLE; Schema: public; Owner: sims_user
--

CREATE TABLE public.django_admin_log (
    id integer NOT NULL,
    action_time timestamp with time zone NOT NULL,
    object_id text,
    object_repr character varying(200) NOT NULL,
    action_flag smallint NOT NULL,
    change_message text NOT NULL,
    content_type_id integer,
    user_id bigint NOT NULL,
    CONSTRAINT django_admin_log_action_flag_check CHECK ((action_flag >= 0))
);


ALTER TABLE public.django_admin_log OWNER TO sims_user;

--
-- Name: django_admin_log_id_seq; Type: SEQUENCE; Schema: public; Owner: sims_user
--

ALTER TABLE public.django_admin_log ALTER COLUMN id ADD GENERATED BY DEFAULT AS IDENTITY (
    SEQUENCE NAME public.django_admin_log_id_seq
    START WITH 1
    INCREMENT BY 1
    NO MINVALUE
    NO MAXVALUE
    CACHE 1
);


--
-- Name: django_celery_beat_clockedschedule; Type: TABLE; Schema: public; Owner: sims_user
--

CREATE TABLE public.django_celery_beat_clockedschedule (
    id integer NOT NULL,
    clocked_time timestamp with time zone NOT NULL
);


ALTER TABLE public.django_celery_beat_clockedschedule OWNER TO sims_user;

--
-- Name: django_celery_beat_clockedschedule_id_seq; Type: SEQUENCE; Schema: public; Owner: sims_user
--

ALTER TABLE public.django_celery_beat_clockedschedule ALTER COLUMN id ADD GENERATED BY DEFAULT AS IDENTITY (
    SEQUENCE NAME public.django_celery_beat_clockedschedule_id_seq
    START WITH 1
    INCREMENT BY 1
    NO MINVALUE
    NO MAXVALUE
    CACHE 1
);


--
-- Name: django_celery_beat_crontabschedule; Type: TABLE; Schema: public; Owner: sims_user
--

CREATE TABLE public.django_celery_beat_crontabschedule (
    id integer NOT NULL,
    minute character varying(240) NOT NULL,
    hour character varying(96) NOT NULL,
    day_of_week character varying(64) NOT NULL,
    day_of_month character varying(124) NOT NULL,
    month_of_year character varying(64) NOT NULL,
    timezone character varying(63) NOT NULL
);


ALTER TABLE public.django_celery_beat_crontabschedule OWNER TO sims_user;

--
-- Name: django_celery_beat_crontabschedule_id_seq; Type: SEQUENCE; Schema: public; Owner: sims_user
--

ALTER TABLE public.django_celery_beat_crontabschedule ALTER COLUMN id ADD GENERATED BY DEFAULT AS IDENTITY (
    SEQUENCE NAME public.django_celery_beat_crontabschedule_id_seq
    START WITH 1
    INCREMENT BY 1
    NO MINVALUE
    NO MAXVALUE
    CACHE 1
);


--
-- Name: django_celery_beat_intervalschedule; Type: TABLE; Schema: public; Owner: sims_user
--

CREATE TABLE public.django_celery_beat_intervalschedule (
    id integer NOT NULL,
    every integer NOT NULL,
    period character varying(24) NOT NULL
);


ALTER TABLE public.django_celery_beat_intervalschedule OWNER TO sims_user;

--
-- Name: django_celery_beat_intervalschedule_id_seq; Type: SEQUENCE; Schema: public; Owner: sims_user
--

ALTER TABLE public.django_celery_beat_intervalschedule ALTER COLUMN id ADD GENERATED BY DEFAULT AS IDENTITY (
    SEQUENCE NAME public.django_celery_beat_intervalschedule_id_seq
    START WITH 1
    INCREMENT BY 1
    NO MINVALUE
    NO MAXVALUE
    CACHE 1
);


--
-- Name: django_celery_beat_periodictask; Type: TABLE; Schema: public; Owner: sims_user
--

CREATE TABLE public.django_celery_beat_periodictask (
    id integer NOT NULL,
    name character varying(200) NOT NULL,
    task character varying(200) NOT NULL,
    args text NOT NULL,
    kwargs text NOT NULL,
    queue character varying(200),
    exchange character varying(200),
    routing_key character varying(200),
    expires timestamp with time zone,
    enabled boolean NOT NULL,
    last_run_at timestamp with time zone,
    total_run_count integer NOT NULL,
    date_changed timestamp with time zone NOT NULL,
    description text NOT NULL,
    crontab_id integer,
    interval_id integer,
    solar_id integer,
    one_off boolean NOT NULL,
    start_time timestamp with time zone,
    priority integer,
    headers text NOT NULL,
    clocked_id integer,
    expire_seconds integer,
    CONSTRAINT django_celery_beat_periodictask_expire_seconds_check CHECK ((expire_seconds >= 0)),
    CONSTRAINT django_celery_beat_periodictask_priority_check CHECK ((priority >= 0)),
    CONSTRAINT django_celery_beat_periodictask_total_run_count_check CHECK ((total_run_count >= 0))
);


ALTER TABLE public.django_celery_beat_periodictask OWNER TO sims_user;

--
-- Name: django_celery_beat_periodictask_id_seq; Type: SEQUENCE; Schema: public; Owner: sims_user
--

ALTER TABLE public.django_celery_beat_periodictask ALTER COLUMN id ADD GENERATED BY DEFAULT AS IDENTITY (
    SEQUENCE NAME public.django_celery_beat_periodictask_id_seq
    START WITH 1
    INCREMENT BY 1
    NO MINVALUE
    NO MAXVALUE
    CACHE 1
);


--
-- Name: django_celery_beat_periodictasks; Type: TABLE; Schema: public; Owner: sims_user
--

CREATE TABLE public.django_celery_beat_periodictasks (
    ident smallint NOT NULL,
    last_update timestamp with time zone NOT NULL
);


ALTER TABLE public.django_celery_beat_periodictasks OWNER TO sims_user;

--
-- Name: django_celery_beat_solarschedule; Type: TABLE; Schema: public; Owner: sims_user
--

CREATE TABLE public.django_celery_beat_solarschedule (
    id integer NOT NULL,
    event character varying(24) NOT NULL,
    latitude numeric(9,6) NOT NULL,
    longitude numeric(9,6) NOT NULL
);


ALTER TABLE public.django_celery_beat_solarschedule OWNER TO sims_user;

--
-- Name: django_celery_beat_solarschedule_id_seq; Type: SEQUENCE; Schema: public; Owner: sims_user
--

ALTER TABLE public.django_celery_beat_solarschedule ALTER COLUMN id ADD GENERATED BY DEFAULT AS IDENTITY (
    SEQUENCE NAME public.django_celery_beat_solarschedule_id_seq
    START WITH 1
    INCREMENT BY 1
    NO MINVALUE
    NO MAXVALUE
    CACHE 1
);


--
-- Name: django_content_type; Type: TABLE; Schema: public; Owner: sims_user
--

CREATE TABLE public.django_content_type (
    id integer NOT NULL,
    app_label character varying(100) NOT NULL,
    model character varying(100) NOT NULL
);


ALTER TABLE public.django_content_type OWNER TO sims_user;

--
-- Name: django_content_type_id_seq; Type: SEQUENCE; Schema: public; Owner: sims_user
--

ALTER TABLE public.django_content_type ALTER COLUMN id ADD GENERATED BY DEFAULT AS IDENTITY (
    SEQUENCE NAME public.django_content_type_id_seq
    START WITH 1
    INCREMENT BY 1
    NO MINVALUE
    NO MAXVALUE
    CACHE 1
);


--
-- Name: django_migrations; Type: TABLE; Schema: public; Owner: sims_user
--

CREATE TABLE public.django_migrations (
    id bigint NOT NULL,
    app character varying(255) NOT NULL,
    name character varying(255) NOT NULL,
    applied timestamp with time zone NOT NULL
);


ALTER TABLE public.django_migrations OWNER TO sims_user;

--
-- Name: django_migrations_id_seq; Type: SEQUENCE; Schema: public; Owner: sims_user
--

ALTER TABLE public.django_migrations ALTER COLUMN id ADD GENERATED BY DEFAULT AS IDENTITY (
    SEQUENCE NAME public.django_migrations_id_seq
    START WITH 1
    INCREMENT BY 1
    NO MINVALUE
    NO MAXVALUE
    CACHE 1
);


--
-- Name: django_session; Type: TABLE; Schema: public; Owner: sims_user
--

CREATE TABLE public.django_session (
    session_key character varying(40) NOT NULL,
    session_data text NOT NULL,
    expire_date timestamp with time zone NOT NULL
);


ALTER TABLE public.django_session OWNER TO sims_user;

--
-- Name: notifications_notification; Type: TABLE; Schema: public; Owner: sims_user
--

CREATE TABLE public.notifications_notification (
    id bigint NOT NULL,
    verb character varying(128) NOT NULL,
    title character varying(255) NOT NULL,
    body text NOT NULL,
    channel character varying(20) NOT NULL,
    metadata jsonb NOT NULL,
    read_at timestamp with time zone,
    scheduled_for timestamp with time zone,
    created_at timestamp with time zone NOT NULL,
    actor_id bigint,
    recipient_id bigint NOT NULL
);


ALTER TABLE public.notifications_notification OWNER TO sims_user;

--
-- Name: notifications_notification_id_seq; Type: SEQUENCE; Schema: public; Owner: sims_user
--

ALTER TABLE public.notifications_notification ALTER COLUMN id ADD GENERATED BY DEFAULT AS IDENTITY (
    SEQUENCE NAME public.notifications_notification_id_seq
    START WITH 1
    INCREMENT BY 1
    NO MINVALUE
    NO MAXVALUE
    CACHE 1
);


--
-- Name: notifications_notificationpreference; Type: TABLE; Schema: public; Owner: sims_user
--

CREATE TABLE public.notifications_notificationpreference (
    id bigint NOT NULL,
    email_enabled boolean NOT NULL,
    in_app_enabled boolean NOT NULL,
    quiet_hours_start time without time zone,
    quiet_hours_end time without time zone,
    user_id bigint NOT NULL
);


ALTER TABLE public.notifications_notificationpreference OWNER TO sims_user;

--
-- Name: notifications_notificationpreference_id_seq; Type: SEQUENCE; Schema: public; Owner: sims_user
--

ALTER TABLE public.notifications_notificationpreference ALTER COLUMN id ADD GENERATED BY DEFAULT AS IDENTITY (
    SEQUENCE NAME public.notifications_notificationpreference_id_seq
    START WITH 1
    INCREMENT BY 1
    NO MINVALUE
    NO MAXVALUE
    CACHE 1
);


--
-- Name: rotations_hospital; Type: TABLE; Schema: public; Owner: sims_user
--

CREATE TABLE public.rotations_hospital (
    id bigint NOT NULL,
    name character varying(200) NOT NULL,
    code character varying(20),
    address text NOT NULL,
    phone character varying(20) NOT NULL,
    email character varying(254) NOT NULL,
    website character varying(200) NOT NULL,
    description text NOT NULL,
    facilities text NOT NULL,
    is_active boolean NOT NULL,
    created_at timestamp with time zone NOT NULL,
    updated_at timestamp with time zone NOT NULL
);


ALTER TABLE public.rotations_hospital OWNER TO sims_user;

--
-- Name: rotations_hospital_id_seq; Type: SEQUENCE; Schema: public; Owner: sims_user
--

ALTER TABLE public.rotations_hospital ALTER COLUMN id ADD GENERATED BY DEFAULT AS IDENTITY (
    SEQUENCE NAME public.rotations_hospital_id_seq
    START WITH 1
    INCREMENT BY 1
    NO MINVALUE
    NO MAXVALUE
    CACHE 1
);


--
-- Name: rotations_hospitaldepartment; Type: TABLE; Schema: public; Owner: sims_user
--

CREATE TABLE public.rotations_hospitaldepartment (
    id bigint NOT NULL,
    is_active boolean NOT NULL,
    created_at timestamp with time zone NOT NULL,
    updated_at timestamp with time zone NOT NULL,
    department_id bigint NOT NULL,
    hospital_id bigint NOT NULL
);


ALTER TABLE public.rotations_hospitaldepartment OWNER TO sims_user;

--
-- Name: rotations_hospitaldepartment_id_seq; Type: SEQUENCE; Schema: public; Owner: sims_user
--

ALTER TABLE public.rotations_hospitaldepartment ALTER COLUMN id ADD GENERATED BY DEFAULT AS IDENTITY (
    SEQUENCE NAME public.rotations_hospitaldepartment_id_seq
    START WITH 1
    INCREMENT BY 1
    NO MINVALUE
    NO MAXVALUE
    CACHE 1
);


--
-- Name: training_deputationposting; Type: TABLE; Schema: public; Owner: sims_user
--

CREATE TABLE public.training_deputationposting (
    id bigint NOT NULL,
    posting_type character varying(20) NOT NULL,
    institution_name character varying(300) NOT NULL,
    city character varying(100) NOT NULL,
    start_date date NOT NULL,
    end_date date NOT NULL,
    status character varying(20) NOT NULL,
    notes text NOT NULL,
    approved_at timestamp with time zone,
    reject_reason text NOT NULL,
    created_at timestamp with time zone NOT NULL,
    updated_at timestamp with time zone NOT NULL,
    approved_by_id bigint,
    resident_training_id bigint NOT NULL,
    CONSTRAINT posting_end_after_start CHECK ((end_date >= start_date))
);


ALTER TABLE public.training_deputationposting OWNER TO sims_user;

--
-- Name: training_deputationposting_id_seq; Type: SEQUENCE; Schema: public; Owner: sims_user
--

ALTER TABLE public.training_deputationposting ALTER COLUMN id ADD GENERATED BY DEFAULT AS IDENTITY (
    SEQUENCE NAME public.training_deputationposting_id_seq
    START WITH 1
    INCREMENT BY 1
    NO MINVALUE
    NO MAXVALUE
    CACHE 1
);


--
-- Name: training_historicaldeputationposting; Type: TABLE; Schema: public; Owner: sims_user
--

CREATE TABLE public.training_historicaldeputationposting (
    id bigint NOT NULL,
    posting_type character varying(20) NOT NULL,
    institution_name character varying(300) NOT NULL,
    city character varying(100) NOT NULL,
    start_date date NOT NULL,
    end_date date NOT NULL,
    status character varying(20) NOT NULL,
    notes text NOT NULL,
    approved_at timestamp with time zone,
    reject_reason text NOT NULL,
    created_at timestamp with time zone NOT NULL,
    updated_at timestamp with time zone NOT NULL,
    history_id integer NOT NULL,
    history_date timestamp with time zone NOT NULL,
    history_change_reason character varying(100),
    history_type character varying(1) NOT NULL,
    approved_by_id bigint,
    history_user_id bigint,
    resident_training_id bigint
);


ALTER TABLE public.training_historicaldeputationposting OWNER TO sims_user;

--
-- Name: training_historicaldeputationposting_history_id_seq; Type: SEQUENCE; Schema: public; Owner: sims_user
--

ALTER TABLE public.training_historicaldeputationposting ALTER COLUMN history_id ADD GENERATED BY DEFAULT AS IDENTITY (
    SEQUENCE NAME public.training_historicaldeputationposting_history_id_seq
    START WITH 1
    INCREMENT BY 1
    NO MINVALUE
    NO MAXVALUE
    CACHE 1
);


--
-- Name: training_historicalleaverequest; Type: TABLE; Schema: public; Owner: sims_user
--

CREATE TABLE public.training_historicalleaverequest (
    id bigint NOT NULL,
    leave_type character varying(20) NOT NULL,
    start_date date NOT NULL,
    end_date date NOT NULL,
    reason text NOT NULL,
    status character varying(20) NOT NULL,
    approved_at timestamp with time zone,
    reject_reason text NOT NULL,
    created_at timestamp with time zone NOT NULL,
    updated_at timestamp with time zone NOT NULL,
    history_id integer NOT NULL,
    history_date timestamp with time zone NOT NULL,
    history_change_reason character varying(100),
    history_type character varying(1) NOT NULL,
    approved_by_id bigint,
    history_user_id bigint,
    resident_training_id bigint
);


ALTER TABLE public.training_historicalleaverequest OWNER TO sims_user;

--
-- Name: training_historicalleaverequest_history_id_seq; Type: SEQUENCE; Schema: public; Owner: sims_user
--

ALTER TABLE public.training_historicalleaverequest ALTER COLUMN history_id ADD GENERATED BY DEFAULT AS IDENTITY (
    SEQUENCE NAME public.training_historicalleaverequest_history_id_seq
    START WITH 1
    INCREMENT BY 1
    NO MINVALUE
    NO MAXVALUE
    CACHE 1
);


--
-- Name: training_historicallogbookentry; Type: TABLE; Schema: public; Owner: sims_user
--

CREATE TABLE public.training_historicallogbookentry (
    id bigint NOT NULL,
    patient_id_number character varying(120) NOT NULL,
    patient_name character varying(255) NOT NULL,
    age integer,
    gender character varying(50) NOT NULL,
    demographics text NOT NULL,
    disease_area character varying(255) NOT NULL,
    diagnosis text NOT NULL,
    clinical_presentation text NOT NULL,
    management_plan text NOT NULL,
    resident_reflection text NOT NULL,
    patient_seen_at timestamp with time zone NOT NULL,
    status character varying(20) NOT NULL,
    submitted_at timestamp with time zone,
    returned_at timestamp with time zone,
    approved_at timestamp with time zone,
    supervisor_feedback text NOT NULL,
    created_at timestamp with time zone NOT NULL,
    updated_at timestamp with time zone NOT NULL,
    history_id integer NOT NULL,
    history_date timestamp with time zone NOT NULL,
    history_change_reason character varying(100),
    history_type character varying(1) NOT NULL,
    created_by_id bigint,
    history_user_id bigint,
    resident_training_record_id bigint,
    reviewed_by_id bigint,
    rotation_assignment_id bigint,
    CONSTRAINT training_historicallogbookentry_age_check CHECK ((age >= 0))
);


ALTER TABLE public.training_historicallogbookentry OWNER TO sims_user;

--
-- Name: training_historicallogbookentry_history_id_seq; Type: SEQUENCE; Schema: public; Owner: sims_user
--

ALTER TABLE public.training_historicallogbookentry ALTER COLUMN history_id ADD GENERATED BY DEFAULT AS IDENTITY (
    SEQUENCE NAME public.training_historicallogbookentry_history_id_seq
    START WITH 1
    INCREMENT BY 1
    NO MINVALUE
    NO MAXVALUE
    CACHE 1
);


--
-- Name: training_historicallogbookreview; Type: TABLE; Schema: public; Owner: sims_user
--

CREATE TABLE public.training_historicallogbookreview (
    id bigint NOT NULL,
    action character varying(20) NOT NULL,
    comments text NOT NULL,
    created_at timestamp with time zone NOT NULL,
    history_id integer NOT NULL,
    history_date timestamp with time zone NOT NULL,
    history_change_reason character varying(100),
    history_type character varying(1) NOT NULL,
    entry_id bigint,
    history_user_id bigint,
    reviewer_id bigint
);


ALTER TABLE public.training_historicallogbookreview OWNER TO sims_user;

--
-- Name: training_historicallogbookreview_history_id_seq; Type: SEQUENCE; Schema: public; Owner: sims_user
--

ALTER TABLE public.training_historicallogbookreview ALTER COLUMN history_id ADD GENERATED BY DEFAULT AS IDENTITY (
    SEQUENCE NAME public.training_historicallogbookreview_history_id_seq
    START WITH 1
    INCREMENT BY 1
    NO MINVALUE
    NO MAXVALUE
    CACHE 1
);


--
-- Name: training_historicallogbookthresholdconfig; Type: TABLE; Schema: public; Owner: sims_user
--

CREATE TABLE public.training_historicallogbookthresholdconfig (
    id bigint NOT NULL,
    name character varying(150) NOT NULL,
    mode character varying(30) NOT NULL,
    min_approved_entries integer NOT NULL,
    period_days integer,
    is_active boolean NOT NULL,
    created_at timestamp with time zone NOT NULL,
    updated_at timestamp with time zone NOT NULL,
    history_id integer NOT NULL,
    history_date timestamp with time zone NOT NULL,
    history_change_reason character varying(100),
    history_type character varying(1) NOT NULL,
    configured_by_id bigint,
    department_id bigint,
    history_user_id bigint,
    program_id bigint,
    CONSTRAINT training_historicallogbookthresholdc_min_approved_entries_check CHECK ((min_approved_entries >= 0)),
    CONSTRAINT training_historicallogbookthresholdconfig_period_days_check CHECK ((period_days >= 0))
);


ALTER TABLE public.training_historicallogbookthresholdconfig OWNER TO sims_user;

--
-- Name: training_historicallogbookthresholdconfig_history_id_seq; Type: SEQUENCE; Schema: public; Owner: sims_user
--

ALTER TABLE public.training_historicallogbookthresholdconfig ALTER COLUMN history_id ADD GENERATED BY DEFAULT AS IDENTITY (
    SEQUENCE NAME public.training_historicallogbookthresholdconfig_history_id_seq
    START WITH 1
    INCREMENT BY 1
    NO MINVALUE
    NO MAXVALUE
    CACHE 1
);


--
-- Name: training_historicalprogrammilestone; Type: TABLE; Schema: public; Owner: sims_user
--

CREATE TABLE public.training_historicalprogrammilestone (
    id bigint NOT NULL,
    code character varying(20) NOT NULL,
    name character varying(200) NOT NULL,
    recommended_month integer,
    is_active boolean NOT NULL,
    created_at timestamp with time zone NOT NULL,
    updated_at timestamp with time zone NOT NULL,
    history_id integer NOT NULL,
    history_date timestamp with time zone NOT NULL,
    history_change_reason character varying(100),
    history_type character varying(1) NOT NULL,
    history_user_id bigint,
    program_id bigint,
    CONSTRAINT training_historicalprogrammilestone_recommended_month_check CHECK ((recommended_month >= 0))
);


ALTER TABLE public.training_historicalprogrammilestone OWNER TO sims_user;

--
-- Name: training_historicalprogrammilestone_history_id_seq; Type: SEQUENCE; Schema: public; Owner: sims_user
--

ALTER TABLE public.training_historicalprogrammilestone ALTER COLUMN history_id ADD GENERATED BY DEFAULT AS IDENTITY (
    SEQUENCE NAME public.training_historicalprogrammilestone_history_id_seq
    START WITH 1
    INCREMENT BY 1
    NO MINVALUE
    NO MAXVALUE
    CACHE 1
);


--
-- Name: training_historicalprogrammilestonelogbookrequirement; Type: TABLE; Schema: public; Owner: sims_user
--

CREATE TABLE public.training_historicalprogrammilestonelogbookrequirement (
    id bigint NOT NULL,
    procedure_key character varying(200) NOT NULL,
    category character varying(200) NOT NULL,
    min_entries integer NOT NULL,
    created_at timestamp with time zone NOT NULL,
    history_id integer NOT NULL,
    history_date timestamp with time zone NOT NULL,
    history_change_reason character varying(100),
    history_type character varying(1) NOT NULL,
    history_user_id bigint,
    milestone_id bigint,
    CONSTRAINT training_historicalprogrammilestonelogbookreq_min_entries_check CHECK ((min_entries >= 0))
);


ALTER TABLE public.training_historicalprogrammilestonelogbookrequirement OWNER TO sims_user;

--
-- Name: training_historicalprogrammilestonelogbookrequir_history_id_seq; Type: SEQUENCE; Schema: public; Owner: sims_user
--

ALTER TABLE public.training_historicalprogrammilestonelogbookrequirement ALTER COLUMN history_id ADD GENERATED BY DEFAULT AS IDENTITY (
    SEQUENCE NAME public.training_historicalprogrammilestonelogbookrequir_history_id_seq
    START WITH 1
    INCREMENT BY 1
    NO MINVALUE
    NO MAXVALUE
    CACHE 1
);


--
-- Name: training_historicalprogrammilestoneresearchrequirement; Type: TABLE; Schema: public; Owner: sims_user
--

CREATE TABLE public.training_historicalprogrammilestoneresearchrequirement (
    id bigint NOT NULL,
    requires_synopsis_approved boolean NOT NULL,
    requires_synopsis_submitted_to_university boolean NOT NULL,
    requires_thesis_submitted boolean NOT NULL,
    created_at timestamp with time zone NOT NULL,
    updated_at timestamp with time zone NOT NULL,
    history_id integer NOT NULL,
    history_date timestamp with time zone NOT NULL,
    history_change_reason character varying(100),
    history_type character varying(1) NOT NULL,
    history_user_id bigint,
    milestone_id bigint
);


ALTER TABLE public.training_historicalprogrammilestoneresearchrequirement OWNER TO sims_user;

--
-- Name: training_historicalprogrammilestoneresearchrequi_history_id_seq; Type: SEQUENCE; Schema: public; Owner: sims_user
--

ALTER TABLE public.training_historicalprogrammilestoneresearchrequirement ALTER COLUMN history_id ADD GENERATED BY DEFAULT AS IDENTITY (
    SEQUENCE NAME public.training_historicalprogrammilestoneresearchrequi_history_id_seq
    START WITH 1
    INCREMENT BY 1
    NO MINVALUE
    NO MAXVALUE
    CACHE 1
);


--
-- Name: training_historicalprogrammilestoneworkshoprequirement; Type: TABLE; Schema: public; Owner: sims_user
--

CREATE TABLE public.training_historicalprogrammilestoneworkshoprequirement (
    id bigint NOT NULL,
    required_count integer NOT NULL,
    created_at timestamp with time zone NOT NULL,
    history_id integer NOT NULL,
    history_date timestamp with time zone NOT NULL,
    history_change_reason character varying(100),
    history_type character varying(1) NOT NULL,
    history_user_id bigint,
    milestone_id bigint,
    workshop_id bigint,
    CONSTRAINT training_historicalprogrammilestoneworksho_required_count_check CHECK ((required_count >= 0))
);


ALTER TABLE public.training_historicalprogrammilestoneworkshoprequirement OWNER TO sims_user;

--
-- Name: training_historicalprogrammilestoneworkshoprequi_history_id_seq; Type: SEQUENCE; Schema: public; Owner: sims_user
--

ALTER TABLE public.training_historicalprogrammilestoneworkshoprequirement ALTER COLUMN history_id ADD GENERATED BY DEFAULT AS IDENTITY (
    SEQUENCE NAME public.training_historicalprogrammilestoneworkshoprequi_history_id_seq
    START WITH 1
    INCREMENT BY 1
    NO MINVALUE
    NO MAXVALUE
    CACHE 1
);


--
-- Name: training_historicalprogrampolicy; Type: TABLE; Schema: public; Owner: sims_user
--

CREATE TABLE public.training_historicalprogrampolicy (
    id bigint NOT NULL,
    allow_program_change boolean NOT NULL,
    program_change_requires_restart boolean NOT NULL,
    min_active_months_before_imm integer,
    imm_allowed_from_month integer,
    final_allowed_from_month integer,
    exception_rules_text text NOT NULL,
    created_at timestamp with time zone NOT NULL,
    updated_at timestamp with time zone NOT NULL,
    history_id integer NOT NULL,
    history_date timestamp with time zone NOT NULL,
    history_change_reason character varying(100),
    history_type character varying(1) NOT NULL,
    history_user_id bigint,
    program_id bigint,
    CONSTRAINT training_historicalprogrampo_min_active_months_before_imm_check CHECK ((min_active_months_before_imm >= 0)),
    CONSTRAINT training_historicalprogrampolicy_final_allowed_from_month_check CHECK ((final_allowed_from_month >= 0)),
    CONSTRAINT training_historicalprogrampolicy_imm_allowed_from_month_check CHECK ((imm_allowed_from_month >= 0))
);


ALTER TABLE public.training_historicalprogrampolicy OWNER TO sims_user;

--
-- Name: training_historicalprogrampolicy_history_id_seq; Type: SEQUENCE; Schema: public; Owner: sims_user
--

ALTER TABLE public.training_historicalprogrampolicy ALTER COLUMN history_id ADD GENERATED BY DEFAULT AS IDENTITY (
    SEQUENCE NAME public.training_historicalprogrampolicy_history_id_seq
    START WITH 1
    INCREMENT BY 1
    NO MINVALUE
    NO MAXVALUE
    CACHE 1
);


--
-- Name: training_historicalprogramrotationrequirement; Type: TABLE; Schema: public; Owner: sims_user
--

CREATE TABLE public.training_historicalprogramrotationrequirement (
    id bigint NOT NULL,
    required_duration_weeks integer NOT NULL,
    sequence_order integer NOT NULL,
    is_mandatory boolean NOT NULL,
    notes text NOT NULL,
    created_at timestamp with time zone NOT NULL,
    updated_at timestamp with time zone NOT NULL,
    history_id integer NOT NULL,
    history_date timestamp with time zone NOT NULL,
    history_change_reason character varying(100),
    history_type character varying(1) NOT NULL,
    department_id bigint,
    history_user_id bigint,
    program_id bigint,
    CONSTRAINT training_historicalprogramrotatio_required_duration_weeks_check CHECK ((required_duration_weeks >= 0)),
    CONSTRAINT training_historicalprogramrotationrequirem_sequence_order_check CHECK ((sequence_order >= 0))
);


ALTER TABLE public.training_historicalprogramrotationrequirement OWNER TO sims_user;

--
-- Name: training_historicalprogramrotationrequirement_history_id_seq; Type: SEQUENCE; Schema: public; Owner: sims_user
--

ALTER TABLE public.training_historicalprogramrotationrequirement ALTER COLUMN history_id ADD GENERATED BY DEFAULT AS IDENTITY (
    SEQUENCE NAME public.training_historicalprogramrotationrequirement_history_id_seq
    START WITH 1
    INCREMENT BY 1
    NO MINVALUE
    NO MAXVALUE
    CACHE 1
);


--
-- Name: training_historicalprogramrotationtemplate; Type: TABLE; Schema: public; Owner: sims_user
--

CREATE TABLE public.training_historicalprogramrotationtemplate (
    id bigint NOT NULL,
    name character varying(200) NOT NULL,
    duration_weeks integer NOT NULL,
    required boolean NOT NULL,
    sequence_order integer NOT NULL,
    active boolean NOT NULL,
    created_at timestamp with time zone NOT NULL,
    history_id integer NOT NULL,
    history_date timestamp with time zone NOT NULL,
    history_change_reason character varying(100),
    history_type character varying(1) NOT NULL,
    department_id bigint,
    history_user_id bigint,
    program_id bigint,
    block_index integer,
    is_mandatory boolean NOT NULL,
    min_duration_weeks integer,
    phase_index integer,
    requirements_json jsonb NOT NULL,
    year_index integer,
    CONSTRAINT training_historicalprogramrotationtemp_min_duration_weeks_check CHECK ((min_duration_weeks >= 0)),
    CONSTRAINT training_historicalprogramrotationtemplate_block_index_check CHECK ((block_index >= 0)),
    CONSTRAINT training_historicalprogramrotationtemplate_duration_weeks_check CHECK ((duration_weeks >= 0)),
    CONSTRAINT training_historicalprogramrotationtemplate_phase_index_check CHECK ((phase_index >= 0)),
    CONSTRAINT training_historicalprogramrotationtemplate_sequence_order_check CHECK ((sequence_order >= 0)),
    CONSTRAINT training_historicalprogramrotationtemplate_year_index_check CHECK ((year_index >= 0))
);


ALTER TABLE public.training_historicalprogramrotationtemplate OWNER TO sims_user;

--
-- Name: training_historicalprogramrotationtemplate_history_id_seq; Type: SEQUENCE; Schema: public; Owner: sims_user
--

ALTER TABLE public.training_historicalprogramrotationtemplate ALTER COLUMN history_id ADD GENERATED BY DEFAULT AS IDENTITY (
    SEQUENCE NAME public.training_historicalprogramrotationtemplate_history_id_seq
    START WITH 1
    INCREMENT BY 1
    NO MINVALUE
    NO MAXVALUE
    CACHE 1
);


--
-- Name: training_historicalresidentresearchproject; Type: TABLE; Schema: public; Owner: sims_user
--

CREATE TABLE public.training_historicalresidentresearchproject (
    id bigint NOT NULL,
    title character varying(500) NOT NULL,
    topic_area character varying(300) NOT NULL,
    status character varying(40) NOT NULL,
    synopsis_file text,
    synopsis_approved_at timestamp with time zone,
    supervisor_feedback text NOT NULL,
    university_submission_ref character varying(200),
    submitted_to_supervisor_at timestamp with time zone,
    submitted_to_university_at timestamp with time zone,
    accepted_at timestamp with time zone,
    created_at timestamp with time zone NOT NULL,
    updated_at timestamp with time zone NOT NULL,
    history_id integer NOT NULL,
    history_date timestamp with time zone NOT NULL,
    history_change_reason character varying(100),
    history_type character varying(1) NOT NULL,
    history_user_id bigint,
    resident_training_record_id bigint,
    supervisor_id bigint
);


ALTER TABLE public.training_historicalresidentresearchproject OWNER TO sims_user;

--
-- Name: training_historicalresidentresearchproject_history_id_seq; Type: SEQUENCE; Schema: public; Owner: sims_user
--

ALTER TABLE public.training_historicalresidentresearchproject ALTER COLUMN history_id ADD GENERATED BY DEFAULT AS IDENTITY (
    SEQUENCE NAME public.training_historicalresidentresearchproject_history_id_seq
    START WITH 1
    INCREMENT BY 1
    NO MINVALUE
    NO MAXVALUE
    CACHE 1
);


--
-- Name: training_historicalresidentsubmission; Type: TABLE; Schema: public; Owner: sims_user
--

CREATE TABLE public.training_historicalresidentsubmission (
    id bigint NOT NULL,
    submission_type character varying(20) NOT NULL,
    status character varying(30) NOT NULL,
    submitted_at timestamp with time zone,
    under_review_at timestamp with time zone,
    returned_at timestamp with time zone,
    verified_at timestamp with time zone,
    certificate_issued_at timestamp with time zone,
    feedback text NOT NULL,
    created_at timestamp with time zone NOT NULL,
    updated_at timestamp with time zone NOT NULL,
    history_id integer NOT NULL,
    history_date timestamp with time zone NOT NULL,
    history_change_reason character varying(100),
    history_type character varying(1) NOT NULL,
    history_user_id bigint,
    resident_training_record_id bigint,
    reviewed_by_id bigint
);


ALTER TABLE public.training_historicalresidentsubmission OWNER TO sims_user;

--
-- Name: training_historicalresidentsubmission_history_id_seq; Type: SEQUENCE; Schema: public; Owner: sims_user
--

ALTER TABLE public.training_historicalresidentsubmission ALTER COLUMN history_id ADD GENERATED BY DEFAULT AS IDENTITY (
    SEQUENCE NAME public.training_historicalresidentsubmission_history_id_seq
    START WITH 1
    INCREMENT BY 1
    NO MINVALUE
    NO MAXVALUE
    CACHE 1
);


--
-- Name: training_historicalresidentthesis; Type: TABLE; Schema: public; Owner: sims_user
--

CREATE TABLE public.training_historicalresidentthesis (
    id bigint NOT NULL,
    status character varying(20) NOT NULL,
    thesis_file text,
    submitted_at timestamp with time zone,
    final_submission_ref character varying(200),
    notes text NOT NULL,
    created_at timestamp with time zone NOT NULL,
    updated_at timestamp with time zone NOT NULL,
    history_id integer NOT NULL,
    history_date timestamp with time zone NOT NULL,
    history_change_reason character varying(100),
    history_type character varying(1) NOT NULL,
    history_user_id bigint,
    resident_training_record_id bigint
);


ALTER TABLE public.training_historicalresidentthesis OWNER TO sims_user;

--
-- Name: training_historicalresidentthesis_history_id_seq; Type: SEQUENCE; Schema: public; Owner: sims_user
--

ALTER TABLE public.training_historicalresidentthesis ALTER COLUMN history_id ADD GENERATED BY DEFAULT AS IDENTITY (
    SEQUENCE NAME public.training_historicalresidentthesis_history_id_seq
    START WITH 1
    INCREMENT BY 1
    NO MINVALUE
    NO MAXVALUE
    CACHE 1
);


--
-- Name: training_historicalresidenttrainingrecord; Type: TABLE; Schema: public; Owner: sims_user
--

CREATE TABLE public.training_historicalresidenttrainingrecord (
    id bigint NOT NULL,
    start_date date NOT NULL,
    expected_end_date date,
    current_level character varying(10) NOT NULL,
    active boolean NOT NULL,
    created_at timestamp with time zone NOT NULL,
    updated_at timestamp with time zone NOT NULL,
    history_id integer NOT NULL,
    history_date timestamp with time zone NOT NULL,
    history_change_reason character varying(100),
    history_type character varying(1) NOT NULL,
    created_by_id bigint,
    history_user_id bigint,
    program_id bigint,
    resident_user_id bigint,
    locked_program boolean NOT NULL,
    program_change_reason text,
    restart_from_scratch_on_change boolean NOT NULL,
    status character varying(20) NOT NULL,
    has_default_dates boolean NOT NULL
);


ALTER TABLE public.training_historicalresidenttrainingrecord OWNER TO sims_user;

--
-- Name: training_historicalresidenttrainingrecord_history_id_seq; Type: SEQUENCE; Schema: public; Owner: sims_user
--

ALTER TABLE public.training_historicalresidenttrainingrecord ALTER COLUMN history_id ADD GENERATED BY DEFAULT AS IDENTITY (
    SEQUENCE NAME public.training_historicalresidenttrainingrecord_history_id_seq
    START WITH 1
    INCREMENT BY 1
    NO MINVALUE
    NO MAXVALUE
    CACHE 1
);


--
-- Name: training_historicalresidentworkshopcompletion; Type: TABLE; Schema: public; Owner: sims_user
--

CREATE TABLE public.training_historicalresidentworkshopcompletion (
    id bigint NOT NULL,
    completed_at date NOT NULL,
    certificate_file text,
    source character varying(20) NOT NULL,
    notes text NOT NULL,
    created_at timestamp with time zone NOT NULL,
    updated_at timestamp with time zone NOT NULL,
    history_id integer NOT NULL,
    history_date timestamp with time zone NOT NULL,
    history_change_reason character varying(100),
    history_type character varying(1) NOT NULL,
    history_user_id bigint,
    resident_training_record_id bigint,
    workshop_id bigint,
    workshop_run_id bigint
);


ALTER TABLE public.training_historicalresidentworkshopcompletion OWNER TO sims_user;

--
-- Name: training_historicalresidentworkshopcompletion_history_id_seq; Type: SEQUENCE; Schema: public; Owner: sims_user
--

ALTER TABLE public.training_historicalresidentworkshopcompletion ALTER COLUMN history_id ADD GENERATED BY DEFAULT AS IDENTITY (
    SEQUENCE NAME public.training_historicalresidentworkshopcompletion_history_id_seq
    START WITH 1
    INCREMENT BY 1
    NO MINVALUE
    NO MAXVALUE
    CACHE 1
);


--
-- Name: training_historicalrotationassignment; Type: TABLE; Schema: public; Owner: sims_user
--

CREATE TABLE public.training_historicalrotationassignment (
    id bigint NOT NULL,
    start_date date NOT NULL,
    end_date date NOT NULL,
    status character varying(20) NOT NULL,
    notes text NOT NULL,
    return_reason text NOT NULL,
    reject_reason text NOT NULL,
    submitted_at timestamp with time zone,
    approved_at timestamp with time zone,
    completed_at timestamp with time zone,
    created_at timestamp with time zone NOT NULL,
    updated_at timestamp with time zone NOT NULL,
    history_id integer NOT NULL,
    history_date timestamp with time zone NOT NULL,
    history_change_reason character varying(100),
    history_type character varying(1) NOT NULL,
    approved_by_hod_id bigint,
    approved_by_utrmc_id bigint,
    history_user_id bigint,
    hospital_department_id bigint,
    requested_by_id bigint,
    resident_training_id bigint,
    template_id bigint
);


ALTER TABLE public.training_historicalrotationassignment OWNER TO sims_user;

--
-- Name: training_historicalrotationassignment_history_id_seq; Type: SEQUENCE; Schema: public; Owner: sims_user
--

ALTER TABLE public.training_historicalrotationassignment ALTER COLUMN history_id ADD GENERATED BY DEFAULT AS IDENTITY (
    SEQUENCE NAME public.training_historicalrotationassignment_history_id_seq
    START WITH 1
    INCREMENT BY 1
    NO MINVALUE
    NO MAXVALUE
    CACHE 1
);


--
-- Name: training_historicalrotationcertificate; Type: TABLE; Schema: public; Owner: sims_user
--

CREATE TABLE public.training_historicalrotationcertificate (
    id bigint NOT NULL,
    certificate_number character varying(80) NOT NULL,
    status character varying(20) NOT NULL,
    issued_at timestamp with time zone NOT NULL,
    verified_at timestamp with time zone,
    metadata jsonb NOT NULL,
    history_id integer NOT NULL,
    history_date timestamp with time zone NOT NULL,
    history_change_reason character varying(100),
    history_type character varying(1) NOT NULL,
    completion_id bigint,
    history_user_id bigint,
    issued_by_id bigint,
    verified_by_id bigint
);


ALTER TABLE public.training_historicalrotationcertificate OWNER TO sims_user;

--
-- Name: training_historicalrotationcertificate_history_id_seq; Type: SEQUENCE; Schema: public; Owner: sims_user
--

ALTER TABLE public.training_historicalrotationcertificate ALTER COLUMN history_id ADD GENERATED BY DEFAULT AS IDENTITY (
    SEQUENCE NAME public.training_historicalrotationcertificate_history_id_seq
    START WITH 1
    INCREMENT BY 1
    NO MINVALUE
    NO MAXVALUE
    CACHE 1
);


--
-- Name: training_historicalrotationcompletion; Type: TABLE; Schema: public; Owner: sims_user
--

CREATE TABLE public.training_historicalrotationcompletion (
    id bigint NOT NULL,
    status character varying(40) NOT NULL,
    confirmed_at timestamp with time zone,
    verification_submitted_at timestamp with time zone,
    verified_at timestamp with time zone,
    notes text NOT NULL,
    history_id integer NOT NULL,
    history_date timestamp with time zone NOT NULL,
    history_change_reason character varying(100),
    history_type character varying(1) NOT NULL,
    confirmed_by_id bigint,
    history_user_id bigint,
    rotation_id bigint,
    verified_by_id bigint
);


ALTER TABLE public.training_historicalrotationcompletion OWNER TO sims_user;

--
-- Name: training_historicalrotationcompletion_history_id_seq; Type: SEQUENCE; Schema: public; Owner: sims_user
--

ALTER TABLE public.training_historicalrotationcompletion ALTER COLUMN history_id ADD GENERATED BY DEFAULT AS IDENTITY (
    SEQUENCE NAME public.training_historicalrotationcompletion_history_id_seq
    START WITH 1
    INCREMENT BY 1
    NO MINVALUE
    NO MAXVALUE
    CACHE 1
);


--
-- Name: training_historicalsubmissioncertificate; Type: TABLE; Schema: public; Owner: sims_user
--

CREATE TABLE public.training_historicalsubmissioncertificate (
    id bigint NOT NULL,
    certificate_number character varying(80) NOT NULL,
    status character varying(20) NOT NULL,
    issued_at timestamp with time zone NOT NULL,
    verified_at timestamp with time zone,
    metadata jsonb NOT NULL,
    history_id integer NOT NULL,
    history_date timestamp with time zone NOT NULL,
    history_change_reason character varying(100),
    history_type character varying(1) NOT NULL,
    history_user_id bigint,
    issued_by_id bigint,
    submission_id bigint,
    verified_by_id bigint
);


ALTER TABLE public.training_historicalsubmissioncertificate OWNER TO sims_user;

--
-- Name: training_historicalsubmissioncertificate_history_id_seq; Type: SEQUENCE; Schema: public; Owner: sims_user
--

ALTER TABLE public.training_historicalsubmissioncertificate ALTER COLUMN history_id ADD GENERATED BY DEFAULT AS IDENTITY (
    SEQUENCE NAME public.training_historicalsubmissioncertificate_history_id_seq
    START WITH 1
    INCREMENT BY 1
    NO MINVALUE
    NO MAXVALUE
    CACHE 1
);


--
-- Name: training_historicalsubmissiondocument; Type: TABLE; Schema: public; Owner: sims_user
--

CREATE TABLE public.training_historicalsubmissiondocument (
    id bigint NOT NULL,
    file text NOT NULL,
    original_filename character varying(255) NOT NULL,
    uploaded_at timestamp with time zone NOT NULL,
    is_active boolean NOT NULL,
    history_id integer NOT NULL,
    history_date timestamp with time zone NOT NULL,
    history_change_reason character varying(100),
    history_type character varying(1) NOT NULL,
    history_user_id bigint,
    requirement_id bigint,
    submission_id bigint,
    uploaded_by_id bigint
);


ALTER TABLE public.training_historicalsubmissiondocument OWNER TO sims_user;

--
-- Name: training_historicalsubmissiondocument_history_id_seq; Type: SEQUENCE; Schema: public; Owner: sims_user
--

ALTER TABLE public.training_historicalsubmissiondocument ALTER COLUMN history_id ADD GENERATED BY DEFAULT AS IDENTITY (
    SEQUENCE NAME public.training_historicalsubmissiondocument_history_id_seq
    START WITH 1
    INCREMENT BY 1
    NO MINVALUE
    NO MAXVALUE
    CACHE 1
);


--
-- Name: training_historicalsubmissionrequirementtemplate; Type: TABLE; Schema: public; Owner: sims_user
--

CREATE TABLE public.training_historicalsubmissionrequirementtemplate (
    id bigint NOT NULL,
    submission_type character varying(20) NOT NULL,
    code character varying(80) NOT NULL,
    title character varying(255) NOT NULL,
    description text NOT NULL,
    is_required boolean NOT NULL,
    active boolean NOT NULL,
    sort_order integer NOT NULL,
    created_at timestamp with time zone NOT NULL,
    updated_at timestamp with time zone NOT NULL,
    history_id integer NOT NULL,
    history_date timestamp with time zone NOT NULL,
    history_change_reason character varying(100),
    history_type character varying(1) NOT NULL,
    created_by_id bigint,
    department_id bigint,
    history_user_id bigint,
    program_id bigint,
    CONSTRAINT training_historicalsubmissionrequirementtempla_sort_order_check CHECK ((sort_order >= 0))
);


ALTER TABLE public.training_historicalsubmissionrequirementtemplate OWNER TO sims_user;

--
-- Name: training_historicalsubmissionrequirementtemplate_history_id_seq; Type: SEQUENCE; Schema: public; Owner: sims_user
--

ALTER TABLE public.training_historicalsubmissionrequirementtemplate ALTER COLUMN history_id ADD GENERATED BY DEFAULT AS IDENTITY (
    SEQUENCE NAME public.training_historicalsubmissionrequirementtemplate_history_id_seq
    START WITH 1
    INCREMENT BY 1
    NO MINVALUE
    NO MAXVALUE
    CACHE 1
);


--
-- Name: training_historicalsubmissionreview; Type: TABLE; Schema: public; Owner: sims_user
--

CREATE TABLE public.training_historicalsubmissionreview (
    id bigint NOT NULL,
    action character varying(30) NOT NULL,
    comments text NOT NULL,
    created_at timestamp with time zone NOT NULL,
    history_id integer NOT NULL,
    history_date timestamp with time zone NOT NULL,
    history_change_reason character varying(100),
    history_type character varying(1) NOT NULL,
    history_user_id bigint,
    reviewer_id bigint,
    submission_id bigint
);


ALTER TABLE public.training_historicalsubmissionreview OWNER TO sims_user;

--
-- Name: training_historicalsubmissionreview_history_id_seq; Type: SEQUENCE; Schema: public; Owner: sims_user
--

ALTER TABLE public.training_historicalsubmissionreview ALTER COLUMN history_id ADD GENERATED BY DEFAULT AS IDENTITY (
    SEQUENCE NAME public.training_historicalsubmissionreview_history_id_seq
    START WITH 1
    INCREMENT BY 1
    NO MINVALUE
    NO MAXVALUE
    CACHE 1
);


--
-- Name: training_historicaltrainingprogram; Type: TABLE; Schema: public; Owner: sims_user
--

CREATE TABLE public.training_historicaltrainingprogram (
    id bigint NOT NULL,
    name character varying(200) NOT NULL,
    code character varying(30) NOT NULL,
    duration_months integer NOT NULL,
    description text NOT NULL,
    active boolean NOT NULL,
    created_at timestamp with time zone NOT NULL,
    updated_at timestamp with time zone NOT NULL,
    history_id integer NOT NULL,
    history_date timestamp with time zone NOT NULL,
    history_change_reason character varying(100),
    history_type character varying(1) NOT NULL,
    history_user_id bigint,
    degree_type character varying(20) NOT NULL,
    department_id bigint,
    notes text NOT NULL,
    CONSTRAINT training_historicaltrainingprogram_duration_months_check CHECK ((duration_months >= 0))
);


ALTER TABLE public.training_historicaltrainingprogram OWNER TO sims_user;

--
-- Name: training_historicaltrainingprogram_history_id_seq; Type: SEQUENCE; Schema: public; Owner: sims_user
--

ALTER TABLE public.training_historicaltrainingprogram ALTER COLUMN history_id ADD GENERATED BY DEFAULT AS IDENTITY (
    SEQUENCE NAME public.training_historicaltrainingprogram_history_id_seq
    START WITH 1
    INCREMENT BY 1
    NO MINVALUE
    NO MAXVALUE
    CACHE 1
);


--
-- Name: training_historicalworkshop; Type: TABLE; Schema: public; Owner: sims_user
--

CREATE TABLE public.training_historicalworkshop (
    id bigint NOT NULL,
    name character varying(300) NOT NULL,
    code character varying(30) NOT NULL,
    description text NOT NULL,
    is_active boolean NOT NULL,
    created_at timestamp with time zone NOT NULL,
    updated_at timestamp with time zone NOT NULL,
    history_id integer NOT NULL,
    history_date timestamp with time zone NOT NULL,
    history_change_reason character varying(100),
    history_type character varying(1) NOT NULL,
    history_user_id bigint
);


ALTER TABLE public.training_historicalworkshop OWNER TO sims_user;

--
-- Name: training_historicalworkshop_history_id_seq; Type: SEQUENCE; Schema: public; Owner: sims_user
--

ALTER TABLE public.training_historicalworkshop ALTER COLUMN history_id ADD GENERATED BY DEFAULT AS IDENTITY (
    SEQUENCE NAME public.training_historicalworkshop_history_id_seq
    START WITH 1
    INCREMENT BY 1
    NO MINVALUE
    NO MAXVALUE
    CACHE 1
);


--
-- Name: training_historicalworkshopblock; Type: TABLE; Schema: public; Owner: sims_user
--

CREATE TABLE public.training_historicalworkshopblock (
    id bigint NOT NULL,
    name character varying(200) NOT NULL,
    capacity integer NOT NULL,
    created_at timestamp with time zone NOT NULL,
    history_id integer NOT NULL,
    history_date timestamp with time zone NOT NULL,
    history_change_reason character varying(100),
    history_type character varying(1) NOT NULL,
    history_user_id bigint,
    workshop_id bigint,
    CONSTRAINT training_historicalworkshopblock_capacity_check CHECK ((capacity >= 0))
);


ALTER TABLE public.training_historicalworkshopblock OWNER TO sims_user;

--
-- Name: training_historicalworkshopblock_history_id_seq; Type: SEQUENCE; Schema: public; Owner: sims_user
--

ALTER TABLE public.training_historicalworkshopblock ALTER COLUMN history_id ADD GENERATED BY DEFAULT AS IDENTITY (
    SEQUENCE NAME public.training_historicalworkshopblock_history_id_seq
    START WITH 1
    INCREMENT BY 1
    NO MINVALUE
    NO MAXVALUE
    CACHE 1
);


--
-- Name: training_historicalworkshoprun; Type: TABLE; Schema: public; Owner: sims_user
--

CREATE TABLE public.training_historicalworkshoprun (
    id bigint NOT NULL,
    run_date date NOT NULL,
    status character varying(20) NOT NULL,
    notes text NOT NULL,
    created_at timestamp with time zone NOT NULL,
    history_id integer NOT NULL,
    history_date timestamp with time zone NOT NULL,
    history_change_reason character varying(100),
    history_type character varying(1) NOT NULL,
    block_id bigint,
    facilitator_id bigint,
    history_user_id bigint
);


ALTER TABLE public.training_historicalworkshoprun OWNER TO sims_user;

--
-- Name: training_historicalworkshoprun_history_id_seq; Type: SEQUENCE; Schema: public; Owner: sims_user
--

ALTER TABLE public.training_historicalworkshoprun ALTER COLUMN history_id ADD GENERATED BY DEFAULT AS IDENTITY (
    SEQUENCE NAME public.training_historicalworkshoprun_history_id_seq
    START WITH 1
    INCREMENT BY 1
    NO MINVALUE
    NO MAXVALUE
    CACHE 1
);


--
-- Name: training_leaverequest; Type: TABLE; Schema: public; Owner: sims_user
--

CREATE TABLE public.training_leaverequest (
    id bigint NOT NULL,
    leave_type character varying(20) NOT NULL,
    start_date date NOT NULL,
    end_date date NOT NULL,
    reason text NOT NULL,
    status character varying(20) NOT NULL,
    approved_at timestamp with time zone,
    reject_reason text NOT NULL,
    created_at timestamp with time zone NOT NULL,
    updated_at timestamp with time zone NOT NULL,
    approved_by_id bigint,
    resident_training_id bigint NOT NULL,
    CONSTRAINT leave_end_after_start CHECK ((end_date >= start_date))
);


ALTER TABLE public.training_leaverequest OWNER TO sims_user;

--
-- Name: training_leaverequest_id_seq; Type: SEQUENCE; Schema: public; Owner: sims_user
--

ALTER TABLE public.training_leaverequest ALTER COLUMN id ADD GENERATED BY DEFAULT AS IDENTITY (
    SEQUENCE NAME public.training_leaverequest_id_seq
    START WITH 1
    INCREMENT BY 1
    NO MINVALUE
    NO MAXVALUE
    CACHE 1
);


--
-- Name: training_logbookentry; Type: TABLE; Schema: public; Owner: sims_user
--

CREATE TABLE public.training_logbookentry (
    id bigint NOT NULL,
    patient_id_number character varying(120) NOT NULL,
    patient_name character varying(255) NOT NULL,
    age integer,
    gender character varying(50) NOT NULL,
    demographics text NOT NULL,
    disease_area character varying(255) NOT NULL,
    diagnosis text NOT NULL,
    clinical_presentation text NOT NULL,
    management_plan text NOT NULL,
    resident_reflection text NOT NULL,
    patient_seen_at timestamp with time zone NOT NULL,
    status character varying(20) NOT NULL,
    submitted_at timestamp with time zone,
    returned_at timestamp with time zone,
    approved_at timestamp with time zone,
    supervisor_feedback text NOT NULL,
    created_at timestamp with time zone NOT NULL,
    updated_at timestamp with time zone NOT NULL,
    created_by_id bigint,
    resident_training_record_id bigint NOT NULL,
    reviewed_by_id bigint,
    rotation_assignment_id bigint,
    CONSTRAINT training_logbookentry_age_check CHECK ((age >= 0))
);


ALTER TABLE public.training_logbookentry OWNER TO sims_user;

--
-- Name: training_logbookentry_id_seq; Type: SEQUENCE; Schema: public; Owner: sims_user
--

ALTER TABLE public.training_logbookentry ALTER COLUMN id ADD GENERATED BY DEFAULT AS IDENTITY (
    SEQUENCE NAME public.training_logbookentry_id_seq
    START WITH 1
    INCREMENT BY 1
    NO MINVALUE
    NO MAXVALUE
    CACHE 1
);


--
-- Name: training_logbookreview; Type: TABLE; Schema: public; Owner: sims_user
--

CREATE TABLE public.training_logbookreview (
    id bigint NOT NULL,
    action character varying(20) NOT NULL,
    comments text NOT NULL,
    created_at timestamp with time zone NOT NULL,
    entry_id bigint NOT NULL,
    reviewer_id bigint
);


ALTER TABLE public.training_logbookreview OWNER TO sims_user;

--
-- Name: training_logbookreview_id_seq; Type: SEQUENCE; Schema: public; Owner: sims_user
--

ALTER TABLE public.training_logbookreview ALTER COLUMN id ADD GENERATED BY DEFAULT AS IDENTITY (
    SEQUENCE NAME public.training_logbookreview_id_seq
    START WITH 1
    INCREMENT BY 1
    NO MINVALUE
    NO MAXVALUE
    CACHE 1
);


--
-- Name: training_logbookthresholdconfig; Type: TABLE; Schema: public; Owner: sims_user
--

CREATE TABLE public.training_logbookthresholdconfig (
    id bigint NOT NULL,
    name character varying(150) NOT NULL,
    mode character varying(30) NOT NULL,
    min_approved_entries integer NOT NULL,
    period_days integer,
    is_active boolean NOT NULL,
    created_at timestamp with time zone NOT NULL,
    updated_at timestamp with time zone NOT NULL,
    configured_by_id bigint,
    department_id bigint,
    program_id bigint,
    CONSTRAINT training_logbookthresholdconfig_min_approved_entries_check CHECK ((min_approved_entries >= 0)),
    CONSTRAINT training_logbookthresholdconfig_period_days_check CHECK ((period_days >= 0))
);


ALTER TABLE public.training_logbookthresholdconfig OWNER TO sims_user;

--
-- Name: training_logbookthresholdconfig_id_seq; Type: SEQUENCE; Schema: public; Owner: sims_user
--

ALTER TABLE public.training_logbookthresholdconfig ALTER COLUMN id ADD GENERATED BY DEFAULT AS IDENTITY (
    SEQUENCE NAME public.training_logbookthresholdconfig_id_seq
    START WITH 1
    INCREMENT BY 1
    NO MINVALUE
    NO MAXVALUE
    CACHE 1
);


--
-- Name: training_logbookthresholdsnapshot; Type: TABLE; Schema: public; Owner: sims_user
--

CREATE TABLE public.training_logbookthresholdsnapshot (
    id bigint NOT NULL,
    window_start date,
    window_end date,
    approved_entries integer NOT NULL,
    required_entries integer NOT NULL,
    is_met boolean NOT NULL,
    computed_at timestamp with time zone NOT NULL,
    resident_training_record_id bigint NOT NULL,
    rotation_assignment_id bigint,
    threshold_config_id bigint NOT NULL,
    CONSTRAINT training_logbookthresholdsnapshot_approved_entries_check CHECK ((approved_entries >= 0)),
    CONSTRAINT training_logbookthresholdsnapshot_required_entries_check CHECK ((required_entries >= 0))
);


ALTER TABLE public.training_logbookthresholdsnapshot OWNER TO sims_user;

--
-- Name: training_logbookthresholdsnapshot_id_seq; Type: SEQUENCE; Schema: public; Owner: sims_user
--

ALTER TABLE public.training_logbookthresholdsnapshot ALTER COLUMN id ADD GENERATED BY DEFAULT AS IDENTITY (
    SEQUENCE NAME public.training_logbookthresholdsnapshot_id_seq
    START WITH 1
    INCREMENT BY 1
    NO MINVALUE
    NO MAXVALUE
    CACHE 1
);


--
-- Name: training_programmilestone; Type: TABLE; Schema: public; Owner: sims_user
--

CREATE TABLE public.training_programmilestone (
    id bigint NOT NULL,
    code character varying(20) NOT NULL,
    name character varying(200) NOT NULL,
    recommended_month integer,
    is_active boolean NOT NULL,
    created_at timestamp with time zone NOT NULL,
    updated_at timestamp with time zone NOT NULL,
    program_id bigint NOT NULL,
    CONSTRAINT training_programmilestone_recommended_month_check CHECK ((recommended_month >= 0))
);


ALTER TABLE public.training_programmilestone OWNER TO sims_user;

--
-- Name: training_programmilestone_id_seq; Type: SEQUENCE; Schema: public; Owner: sims_user
--

ALTER TABLE public.training_programmilestone ALTER COLUMN id ADD GENERATED BY DEFAULT AS IDENTITY (
    SEQUENCE NAME public.training_programmilestone_id_seq
    START WITH 1
    INCREMENT BY 1
    NO MINVALUE
    NO MAXVALUE
    CACHE 1
);


--
-- Name: training_programmilestonelogbookrequirement; Type: TABLE; Schema: public; Owner: sims_user
--

CREATE TABLE public.training_programmilestonelogbookrequirement (
    id bigint NOT NULL,
    procedure_key character varying(200) NOT NULL,
    category character varying(200) NOT NULL,
    min_entries integer NOT NULL,
    created_at timestamp with time zone NOT NULL,
    milestone_id bigint NOT NULL,
    CONSTRAINT training_programmilestonelogbookrequirement_min_entries_check CHECK ((min_entries >= 0))
);


ALTER TABLE public.training_programmilestonelogbookrequirement OWNER TO sims_user;

--
-- Name: training_programmilestonelogbookrequirement_id_seq; Type: SEQUENCE; Schema: public; Owner: sims_user
--

ALTER TABLE public.training_programmilestonelogbookrequirement ALTER COLUMN id ADD GENERATED BY DEFAULT AS IDENTITY (
    SEQUENCE NAME public.training_programmilestonelogbookrequirement_id_seq
    START WITH 1
    INCREMENT BY 1
    NO MINVALUE
    NO MAXVALUE
    CACHE 1
);


--
-- Name: training_programmilestoneresearchrequirement; Type: TABLE; Schema: public; Owner: sims_user
--

CREATE TABLE public.training_programmilestoneresearchrequirement (
    id bigint NOT NULL,
    requires_synopsis_approved boolean NOT NULL,
    requires_synopsis_submitted_to_university boolean NOT NULL,
    requires_thesis_submitted boolean NOT NULL,
    created_at timestamp with time zone NOT NULL,
    updated_at timestamp with time zone NOT NULL,
    milestone_id bigint NOT NULL
);


ALTER TABLE public.training_programmilestoneresearchrequirement OWNER TO sims_user;

--
-- Name: training_programmilestoneresearchrequirement_id_seq; Type: SEQUENCE; Schema: public; Owner: sims_user
--

ALTER TABLE public.training_programmilestoneresearchrequirement ALTER COLUMN id ADD GENERATED BY DEFAULT AS IDENTITY (
    SEQUENCE NAME public.training_programmilestoneresearchrequirement_id_seq
    START WITH 1
    INCREMENT BY 1
    NO MINVALUE
    NO MAXVALUE
    CACHE 1
);


--
-- Name: training_programmilestoneworkshoprequirement; Type: TABLE; Schema: public; Owner: sims_user
--

CREATE TABLE public.training_programmilestoneworkshoprequirement (
    id bigint NOT NULL,
    required_count integer NOT NULL,
    created_at timestamp with time zone NOT NULL,
    milestone_id bigint NOT NULL,
    workshop_id bigint NOT NULL,
    CONSTRAINT training_programmilestoneworkshoprequireme_required_count_check CHECK ((required_count >= 0))
);


ALTER TABLE public.training_programmilestoneworkshoprequirement OWNER TO sims_user;

--
-- Name: training_programmilestoneworkshoprequirement_id_seq; Type: SEQUENCE; Schema: public; Owner: sims_user
--

ALTER TABLE public.training_programmilestoneworkshoprequirement ALTER COLUMN id ADD GENERATED BY DEFAULT AS IDENTITY (
    SEQUENCE NAME public.training_programmilestoneworkshoprequirement_id_seq
    START WITH 1
    INCREMENT BY 1
    NO MINVALUE
    NO MAXVALUE
    CACHE 1
);


--
-- Name: training_programpolicy; Type: TABLE; Schema: public; Owner: sims_user
--

CREATE TABLE public.training_programpolicy (
    id bigint NOT NULL,
    allow_program_change boolean NOT NULL,
    program_change_requires_restart boolean NOT NULL,
    min_active_months_before_imm integer,
    imm_allowed_from_month integer,
    final_allowed_from_month integer,
    exception_rules_text text NOT NULL,
    created_at timestamp with time zone NOT NULL,
    updated_at timestamp with time zone NOT NULL,
    program_id bigint NOT NULL,
    CONSTRAINT training_programpolicy_final_allowed_from_month_check CHECK ((final_allowed_from_month >= 0)),
    CONSTRAINT training_programpolicy_imm_allowed_from_month_check CHECK ((imm_allowed_from_month >= 0)),
    CONSTRAINT training_programpolicy_min_active_months_before_imm_check CHECK ((min_active_months_before_imm >= 0))
);


ALTER TABLE public.training_programpolicy OWNER TO sims_user;

--
-- Name: training_programpolicy_id_seq; Type: SEQUENCE; Schema: public; Owner: sims_user
--

ALTER TABLE public.training_programpolicy ALTER COLUMN id ADD GENERATED BY DEFAULT AS IDENTITY (
    SEQUENCE NAME public.training_programpolicy_id_seq
    START WITH 1
    INCREMENT BY 1
    NO MINVALUE
    NO MAXVALUE
    CACHE 1
);


--
-- Name: training_programrotationrequirement; Type: TABLE; Schema: public; Owner: sims_user
--

CREATE TABLE public.training_programrotationrequirement (
    id bigint NOT NULL,
    required_duration_weeks integer NOT NULL,
    sequence_order integer NOT NULL,
    is_mandatory boolean NOT NULL,
    notes text NOT NULL,
    created_at timestamp with time zone NOT NULL,
    updated_at timestamp with time zone NOT NULL,
    department_id bigint NOT NULL,
    program_id bigint NOT NULL,
    CONSTRAINT training_programrotationrequireme_required_duration_weeks_check CHECK ((required_duration_weeks >= 0)),
    CONSTRAINT training_programrotationrequirement_sequence_order_check CHECK ((sequence_order >= 0))
);


ALTER TABLE public.training_programrotationrequirement OWNER TO sims_user;

--
-- Name: training_programrotationrequirement_id_seq; Type: SEQUENCE; Schema: public; Owner: sims_user
--

ALTER TABLE public.training_programrotationrequirement ALTER COLUMN id ADD GENERATED BY DEFAULT AS IDENTITY (
    SEQUENCE NAME public.training_programrotationrequirement_id_seq
    START WITH 1
    INCREMENT BY 1
    NO MINVALUE
    NO MAXVALUE
    CACHE 1
);


--
-- Name: training_programrotationtemplate; Type: TABLE; Schema: public; Owner: sims_user
--

CREATE TABLE public.training_programrotationtemplate (
    id bigint NOT NULL,
    name character varying(200) NOT NULL,
    duration_weeks integer NOT NULL,
    required boolean NOT NULL,
    sequence_order integer NOT NULL,
    active boolean NOT NULL,
    created_at timestamp with time zone NOT NULL,
    department_id bigint NOT NULL,
    program_id bigint NOT NULL,
    block_index integer,
    is_mandatory boolean NOT NULL,
    min_duration_weeks integer,
    phase_index integer,
    requirements_json jsonb NOT NULL,
    year_index integer,
    CONSTRAINT training_programrotationtemplate_block_index_check CHECK ((block_index >= 0)),
    CONSTRAINT training_programrotationtemplate_duration_weeks_check CHECK ((duration_weeks >= 0)),
    CONSTRAINT training_programrotationtemplate_min_duration_weeks_check CHECK ((min_duration_weeks >= 0)),
    CONSTRAINT training_programrotationtemplate_phase_index_check CHECK ((phase_index >= 0)),
    CONSTRAINT training_programrotationtemplate_sequence_order_check CHECK ((sequence_order >= 0)),
    CONSTRAINT training_programrotationtemplate_year_index_check CHECK ((year_index >= 0))
);


ALTER TABLE public.training_programrotationtemplate OWNER TO sims_user;

--
-- Name: training_programrotationtemplate_allowed_hospitals; Type: TABLE; Schema: public; Owner: sims_user
--

CREATE TABLE public.training_programrotationtemplate_allowed_hospitals (
    id bigint NOT NULL,
    programrotationtemplate_id bigint NOT NULL,
    hospital_id bigint NOT NULL
);


ALTER TABLE public.training_programrotationtemplate_allowed_hospitals OWNER TO sims_user;

--
-- Name: training_programrotationtemplate_allowed_hospitals_id_seq; Type: SEQUENCE; Schema: public; Owner: sims_user
--

ALTER TABLE public.training_programrotationtemplate_allowed_hospitals ALTER COLUMN id ADD GENERATED BY DEFAULT AS IDENTITY (
    SEQUENCE NAME public.training_programrotationtemplate_allowed_hospitals_id_seq
    START WITH 1
    INCREMENT BY 1
    NO MINVALUE
    NO MAXVALUE
    CACHE 1
);


--
-- Name: training_programrotationtemplate_id_seq; Type: SEQUENCE; Schema: public; Owner: sims_user
--

ALTER TABLE public.training_programrotationtemplate ALTER COLUMN id ADD GENERATED BY DEFAULT AS IDENTITY (
    SEQUENCE NAME public.training_programrotationtemplate_id_seq
    START WITH 1
    INCREMENT BY 1
    NO MINVALUE
    NO MAXVALUE
    CACHE 1
);


--
-- Name: training_residentmilestoneeligibility; Type: TABLE; Schema: public; Owner: sims_user
--

CREATE TABLE public.training_residentmilestoneeligibility (
    id bigint NOT NULL,
    status character varying(20) NOT NULL,
    reasons_json jsonb NOT NULL,
    computed_at timestamp with time zone NOT NULL,
    milestone_id bigint NOT NULL,
    resident_training_record_id bigint NOT NULL
);


ALTER TABLE public.training_residentmilestoneeligibility OWNER TO sims_user;

--
-- Name: training_residentmilestoneeligibility_id_seq; Type: SEQUENCE; Schema: public; Owner: sims_user
--

ALTER TABLE public.training_residentmilestoneeligibility ALTER COLUMN id ADD GENERATED BY DEFAULT AS IDENTITY (
    SEQUENCE NAME public.training_residentmilestoneeligibility_id_seq
    START WITH 1
    INCREMENT BY 1
    NO MINVALUE
    NO MAXVALUE
    CACHE 1
);


--
-- Name: training_residentresearchproject; Type: TABLE; Schema: public; Owner: sims_user
--

CREATE TABLE public.training_residentresearchproject (
    id bigint NOT NULL,
    title character varying(500) NOT NULL,
    topic_area character varying(300) NOT NULL,
    status character varying(40) NOT NULL,
    synopsis_file character varying(100),
    synopsis_approved_at timestamp with time zone,
    supervisor_feedback text NOT NULL,
    university_submission_ref character varying(200),
    submitted_to_supervisor_at timestamp with time zone,
    submitted_to_university_at timestamp with time zone,
    accepted_at timestamp with time zone,
    created_at timestamp with time zone NOT NULL,
    updated_at timestamp with time zone NOT NULL,
    resident_training_record_id bigint NOT NULL,
    supervisor_id bigint
);


ALTER TABLE public.training_residentresearchproject OWNER TO sims_user;

--
-- Name: training_residentresearchproject_id_seq; Type: SEQUENCE; Schema: public; Owner: sims_user
--

ALTER TABLE public.training_residentresearchproject ALTER COLUMN id ADD GENERATED BY DEFAULT AS IDENTITY (
    SEQUENCE NAME public.training_residentresearchproject_id_seq
    START WITH 1
    INCREMENT BY 1
    NO MINVALUE
    NO MAXVALUE
    CACHE 1
);


--
-- Name: training_residentsubmission; Type: TABLE; Schema: public; Owner: sims_user
--

CREATE TABLE public.training_residentsubmission (
    id bigint NOT NULL,
    submission_type character varying(20) NOT NULL,
    status character varying(30) NOT NULL,
    submitted_at timestamp with time zone,
    under_review_at timestamp with time zone,
    returned_at timestamp with time zone,
    verified_at timestamp with time zone,
    certificate_issued_at timestamp with time zone,
    feedback text NOT NULL,
    created_at timestamp with time zone NOT NULL,
    updated_at timestamp with time zone NOT NULL,
    resident_training_record_id bigint NOT NULL,
    reviewed_by_id bigint
);


ALTER TABLE public.training_residentsubmission OWNER TO sims_user;

--
-- Name: training_residentsubmission_id_seq; Type: SEQUENCE; Schema: public; Owner: sims_user
--

ALTER TABLE public.training_residentsubmission ALTER COLUMN id ADD GENERATED BY DEFAULT AS IDENTITY (
    SEQUENCE NAME public.training_residentsubmission_id_seq
    START WITH 1
    INCREMENT BY 1
    NO MINVALUE
    NO MAXVALUE
    CACHE 1
);


--
-- Name: training_residentthesis; Type: TABLE; Schema: public; Owner: sims_user
--

CREATE TABLE public.training_residentthesis (
    id bigint NOT NULL,
    status character varying(20) NOT NULL,
    thesis_file character varying(100),
    submitted_at timestamp with time zone,
    final_submission_ref character varying(200),
    notes text NOT NULL,
    created_at timestamp with time zone NOT NULL,
    updated_at timestamp with time zone NOT NULL,
    resident_training_record_id bigint NOT NULL
);


ALTER TABLE public.training_residentthesis OWNER TO sims_user;

--
-- Name: training_residentthesis_id_seq; Type: SEQUENCE; Schema: public; Owner: sims_user
--

ALTER TABLE public.training_residentthesis ALTER COLUMN id ADD GENERATED BY DEFAULT AS IDENTITY (
    SEQUENCE NAME public.training_residentthesis_id_seq
    START WITH 1
    INCREMENT BY 1
    NO MINVALUE
    NO MAXVALUE
    CACHE 1
);


--
-- Name: training_residenttrainingrecord; Type: TABLE; Schema: public; Owner: sims_user
--

CREATE TABLE public.training_residenttrainingrecord (
    id bigint NOT NULL,
    start_date date NOT NULL,
    expected_end_date date,
    current_level character varying(10) NOT NULL,
    active boolean NOT NULL,
    created_at timestamp with time zone NOT NULL,
    updated_at timestamp with time zone NOT NULL,
    created_by_id bigint,
    program_id bigint NOT NULL,
    resident_user_id bigint NOT NULL,
    locked_program boolean NOT NULL,
    program_change_reason text,
    restart_from_scratch_on_change boolean NOT NULL,
    status character varying(20) NOT NULL,
    has_default_dates boolean NOT NULL
);


ALTER TABLE public.training_residenttrainingrecord OWNER TO sims_user;

--
-- Name: training_residenttrainingrecord_id_seq; Type: SEQUENCE; Schema: public; Owner: sims_user
--

ALTER TABLE public.training_residenttrainingrecord ALTER COLUMN id ADD GENERATED BY DEFAULT AS IDENTITY (
    SEQUENCE NAME public.training_residenttrainingrecord_id_seq
    START WITH 1
    INCREMENT BY 1
    NO MINVALUE
    NO MAXVALUE
    CACHE 1
);


--
-- Name: training_residentworkshopcompletion; Type: TABLE; Schema: public; Owner: sims_user
--

CREATE TABLE public.training_residentworkshopcompletion (
    id bigint NOT NULL,
    completed_at date NOT NULL,
    certificate_file character varying(100),
    source character varying(20) NOT NULL,
    notes text NOT NULL,
    created_at timestamp with time zone NOT NULL,
    updated_at timestamp with time zone NOT NULL,
    resident_training_record_id bigint NOT NULL,
    workshop_id bigint NOT NULL,
    workshop_run_id bigint
);


ALTER TABLE public.training_residentworkshopcompletion OWNER TO sims_user;

--
-- Name: training_residentworkshopcompletion_id_seq; Type: SEQUENCE; Schema: public; Owner: sims_user
--

ALTER TABLE public.training_residentworkshopcompletion ALTER COLUMN id ADD GENERATED BY DEFAULT AS IDENTITY (
    SEQUENCE NAME public.training_residentworkshopcompletion_id_seq
    START WITH 1
    INCREMENT BY 1
    NO MINVALUE
    NO MAXVALUE
    CACHE 1
);


--
-- Name: training_rotationassignment; Type: TABLE; Schema: public; Owner: sims_user
--

CREATE TABLE public.training_rotationassignment (
    id bigint NOT NULL,
    start_date date NOT NULL,
    end_date date NOT NULL,
    status character varying(20) NOT NULL,
    notes text NOT NULL,
    return_reason text NOT NULL,
    reject_reason text NOT NULL,
    submitted_at timestamp with time zone,
    approved_at timestamp with time zone,
    completed_at timestamp with time zone,
    created_at timestamp with time zone NOT NULL,
    updated_at timestamp with time zone NOT NULL,
    approved_by_hod_id bigint,
    approved_by_utrmc_id bigint,
    hospital_department_id bigint NOT NULL,
    requested_by_id bigint,
    resident_training_id bigint NOT NULL,
    template_id bigint,
    CONSTRAINT rotation_assignment_end_after_start CHECK ((end_date > start_date))
);


ALTER TABLE public.training_rotationassignment OWNER TO sims_user;

--
-- Name: training_rotationassignment_id_seq; Type: SEQUENCE; Schema: public; Owner: sims_user
--

ALTER TABLE public.training_rotationassignment ALTER COLUMN id ADD GENERATED BY DEFAULT AS IDENTITY (
    SEQUENCE NAME public.training_rotationassignment_id_seq
    START WITH 1
    INCREMENT BY 1
    NO MINVALUE
    NO MAXVALUE
    CACHE 1
);


--
-- Name: training_rotationcertificate; Type: TABLE; Schema: public; Owner: sims_user
--

CREATE TABLE public.training_rotationcertificate (
    id bigint NOT NULL,
    certificate_number character varying(80) NOT NULL,
    status character varying(20) NOT NULL,
    issued_at timestamp with time zone NOT NULL,
    verified_at timestamp with time zone,
    metadata jsonb NOT NULL,
    completion_id bigint NOT NULL,
    issued_by_id bigint,
    verified_by_id bigint
);


ALTER TABLE public.training_rotationcertificate OWNER TO sims_user;

--
-- Name: training_rotationcertificate_id_seq; Type: SEQUENCE; Schema: public; Owner: sims_user
--

ALTER TABLE public.training_rotationcertificate ALTER COLUMN id ADD GENERATED BY DEFAULT AS IDENTITY (
    SEQUENCE NAME public.training_rotationcertificate_id_seq
    START WITH 1
    INCREMENT BY 1
    NO MINVALUE
    NO MAXVALUE
    CACHE 1
);


--
-- Name: training_rotationcompletion; Type: TABLE; Schema: public; Owner: sims_user
--

CREATE TABLE public.training_rotationcompletion (
    id bigint NOT NULL,
    status character varying(40) NOT NULL,
    confirmed_at timestamp with time zone,
    verification_submitted_at timestamp with time zone,
    verified_at timestamp with time zone,
    notes text NOT NULL,
    confirmed_by_id bigint,
    rotation_id bigint NOT NULL,
    verified_by_id bigint
);


ALTER TABLE public.training_rotationcompletion OWNER TO sims_user;

--
-- Name: training_rotationcompletion_id_seq; Type: SEQUENCE; Schema: public; Owner: sims_user
--

ALTER TABLE public.training_rotationcompletion ALTER COLUMN id ADD GENERATED BY DEFAULT AS IDENTITY (
    SEQUENCE NAME public.training_rotationcompletion_id_seq
    START WITH 1
    INCREMENT BY 1
    NO MINVALUE
    NO MAXVALUE
    CACHE 1
);


--
-- Name: training_submissioncertificate; Type: TABLE; Schema: public; Owner: sims_user
--

CREATE TABLE public.training_submissioncertificate (
    id bigint NOT NULL,
    certificate_number character varying(80) NOT NULL,
    status character varying(20) NOT NULL,
    issued_at timestamp with time zone NOT NULL,
    verified_at timestamp with time zone,
    metadata jsonb NOT NULL,
    issued_by_id bigint,
    submission_id bigint NOT NULL,
    verified_by_id bigint
);


ALTER TABLE public.training_submissioncertificate OWNER TO sims_user;

--
-- Name: training_submissioncertificate_id_seq; Type: SEQUENCE; Schema: public; Owner: sims_user
--

ALTER TABLE public.training_submissioncertificate ALTER COLUMN id ADD GENERATED BY DEFAULT AS IDENTITY (
    SEQUENCE NAME public.training_submissioncertificate_id_seq
    START WITH 1
    INCREMENT BY 1
    NO MINVALUE
    NO MAXVALUE
    CACHE 1
);


--
-- Name: training_submissiondocument; Type: TABLE; Schema: public; Owner: sims_user
--

CREATE TABLE public.training_submissiondocument (
    id bigint NOT NULL,
    file character varying(100) NOT NULL,
    original_filename character varying(255) NOT NULL,
    uploaded_at timestamp with time zone NOT NULL,
    is_active boolean NOT NULL,
    requirement_id bigint,
    submission_id bigint NOT NULL,
    uploaded_by_id bigint
);


ALTER TABLE public.training_submissiondocument OWNER TO sims_user;

--
-- Name: training_submissiondocument_id_seq; Type: SEQUENCE; Schema: public; Owner: sims_user
--

ALTER TABLE public.training_submissiondocument ALTER COLUMN id ADD GENERATED BY DEFAULT AS IDENTITY (
    SEQUENCE NAME public.training_submissiondocument_id_seq
    START WITH 1
    INCREMENT BY 1
    NO MINVALUE
    NO MAXVALUE
    CACHE 1
);


--
-- Name: training_submissionrequirementtemplate; Type: TABLE; Schema: public; Owner: sims_user
--

CREATE TABLE public.training_submissionrequirementtemplate (
    id bigint NOT NULL,
    submission_type character varying(20) NOT NULL,
    code character varying(80) NOT NULL,
    title character varying(255) NOT NULL,
    description text NOT NULL,
    is_required boolean NOT NULL,
    active boolean NOT NULL,
    sort_order integer NOT NULL,
    created_at timestamp with time zone NOT NULL,
    updated_at timestamp with time zone NOT NULL,
    created_by_id bigint,
    department_id bigint,
    program_id bigint,
    CONSTRAINT training_submissionrequirementtemplate_sort_order_check CHECK ((sort_order >= 0))
);


ALTER TABLE public.training_submissionrequirementtemplate OWNER TO sims_user;

--
-- Name: training_submissionrequirementtemplate_id_seq; Type: SEQUENCE; Schema: public; Owner: sims_user
--

ALTER TABLE public.training_submissionrequirementtemplate ALTER COLUMN id ADD GENERATED BY DEFAULT AS IDENTITY (
    SEQUENCE NAME public.training_submissionrequirementtemplate_id_seq
    START WITH 1
    INCREMENT BY 1
    NO MINVALUE
    NO MAXVALUE
    CACHE 1
);


--
-- Name: training_submissionreview; Type: TABLE; Schema: public; Owner: sims_user
--

CREATE TABLE public.training_submissionreview (
    id bigint NOT NULL,
    action character varying(30) NOT NULL,
    comments text NOT NULL,
    created_at timestamp with time zone NOT NULL,
    reviewer_id bigint,
    submission_id bigint NOT NULL
);


ALTER TABLE public.training_submissionreview OWNER TO sims_user;

--
-- Name: training_submissionreview_id_seq; Type: SEQUENCE; Schema: public; Owner: sims_user
--

ALTER TABLE public.training_submissionreview ALTER COLUMN id ADD GENERATED BY DEFAULT AS IDENTITY (
    SEQUENCE NAME public.training_submissionreview_id_seq
    START WITH 1
    INCREMENT BY 1
    NO MINVALUE
    NO MAXVALUE
    CACHE 1
);


--
-- Name: training_trainingprogram; Type: TABLE; Schema: public; Owner: sims_user
--

CREATE TABLE public.training_trainingprogram (
    id bigint NOT NULL,
    name character varying(200) NOT NULL,
    code character varying(30) NOT NULL,
    duration_months integer NOT NULL,
    description text NOT NULL,
    active boolean NOT NULL,
    created_at timestamp with time zone NOT NULL,
    updated_at timestamp with time zone NOT NULL,
    degree_type character varying(20) NOT NULL,
    department_id bigint,
    notes text NOT NULL,
    CONSTRAINT training_trainingprogram_duration_months_check CHECK ((duration_months >= 0))
);


ALTER TABLE public.training_trainingprogram OWNER TO sims_user;

--
-- Name: training_trainingprogram_id_seq; Type: SEQUENCE; Schema: public; Owner: sims_user
--

ALTER TABLE public.training_trainingprogram ALTER COLUMN id ADD GENERATED BY DEFAULT AS IDENTITY (
    SEQUENCE NAME public.training_trainingprogram_id_seq
    START WITH 1
    INCREMENT BY 1
    NO MINVALUE
    NO MAXVALUE
    CACHE 1
);


--
-- Name: training_workshop; Type: TABLE; Schema: public; Owner: sims_user
--

CREATE TABLE public.training_workshop (
    id bigint NOT NULL,
    name character varying(300) NOT NULL,
    code character varying(30) NOT NULL,
    description text NOT NULL,
    is_active boolean NOT NULL,
    created_at timestamp with time zone NOT NULL,
    updated_at timestamp with time zone NOT NULL
);


ALTER TABLE public.training_workshop OWNER TO sims_user;

--
-- Name: training_workshop_id_seq; Type: SEQUENCE; Schema: public; Owner: sims_user
--

ALTER TABLE public.training_workshop ALTER COLUMN id ADD GENERATED BY DEFAULT AS IDENTITY (
    SEQUENCE NAME public.training_workshop_id_seq
    START WITH 1
    INCREMENT BY 1
    NO MINVALUE
    NO MAXVALUE
    CACHE 1
);


--
-- Name: training_workshopblock; Type: TABLE; Schema: public; Owner: sims_user
--

CREATE TABLE public.training_workshopblock (
    id bigint NOT NULL,
    name character varying(200) NOT NULL,
    capacity integer NOT NULL,
    created_at timestamp with time zone NOT NULL,
    workshop_id bigint NOT NULL,
    CONSTRAINT training_workshopblock_capacity_check CHECK ((capacity >= 0))
);


ALTER TABLE public.training_workshopblock OWNER TO sims_user;

--
-- Name: training_workshopblock_id_seq; Type: SEQUENCE; Schema: public; Owner: sims_user
--

ALTER TABLE public.training_workshopblock ALTER COLUMN id ADD GENERATED BY DEFAULT AS IDENTITY (
    SEQUENCE NAME public.training_workshopblock_id_seq
    START WITH 1
    INCREMENT BY 1
    NO MINVALUE
    NO MAXVALUE
    CACHE 1
);


--
-- Name: training_workshoprun; Type: TABLE; Schema: public; Owner: sims_user
--

CREATE TABLE public.training_workshoprun (
    id bigint NOT NULL,
    run_date date NOT NULL,
    status character varying(20) NOT NULL,
    notes text NOT NULL,
    created_at timestamp with time zone NOT NULL,
    block_id bigint NOT NULL,
    facilitator_id bigint
);


ALTER TABLE public.training_workshoprun OWNER TO sims_user;

--
-- Name: training_workshoprun_id_seq; Type: SEQUENCE; Schema: public; Owner: sims_user
--

ALTER TABLE public.training_workshoprun ALTER COLUMN id ADD GENERATED BY DEFAULT AS IDENTITY (
    SEQUENCE NAME public.training_workshoprun_id_seq
    START WITH 1
    INCREMENT BY 1
    NO MINVALUE
    NO MAXVALUE
    CACHE 1
);


--
-- Name: users_datacorrectionaudit; Type: TABLE; Schema: public; Owner: sims_user
--

CREATE TABLE public.users_datacorrectionaudit (
    id bigint NOT NULL,
    entity_type character varying(50) NOT NULL,
    entity_id character varying(64) NOT NULL,
    field_name character varying(100) NOT NULL,
    old_value text NOT NULL,
    new_value text NOT NULL,
    metadata jsonb NOT NULL,
    created_at timestamp with time zone NOT NULL,
    actor_id bigint
);


ALTER TABLE public.users_datacorrectionaudit OWNER TO sims_user;

--
-- Name: users_datacorrectionaudit_id_seq; Type: SEQUENCE; Schema: public; Owner: sims_user
--

ALTER TABLE public.users_datacorrectionaudit ALTER COLUMN id ADD GENERATED BY DEFAULT AS IDENTITY (
    SEQUENCE NAME public.users_datacorrectionaudit_id_seq
    START WITH 1
    INCREMENT BY 1
    NO MINVALUE
    NO MAXVALUE
    CACHE 1
);


--
-- Name: users_departmentmembership; Type: TABLE; Schema: public; Owner: sims_user
--

CREATE TABLE public.users_departmentmembership (
    id bigint NOT NULL,
    member_type character varying(20) NOT NULL,
    is_primary boolean NOT NULL,
    active boolean NOT NULL,
    start_date date NOT NULL,
    end_date date,
    created_at timestamp with time zone NOT NULL,
    updated_at timestamp with time zone NOT NULL,
    created_by_id bigint,
    department_id bigint NOT NULL,
    updated_by_id bigint,
    user_id bigint NOT NULL,
    CONSTRAINT dept_member_dates_valid CHECK (((end_date IS NULL) OR (end_date >= start_date)))
);


ALTER TABLE public.users_departmentmembership OWNER TO sims_user;

--
-- Name: users_departmentmembership_id_seq; Type: SEQUENCE; Schema: public; Owner: sims_user
--

ALTER TABLE public.users_departmentmembership ALTER COLUMN id ADD GENERATED BY DEFAULT AS IDENTITY (
    SEQUENCE NAME public.users_departmentmembership_id_seq
    START WITH 1
    INCREMENT BY 1
    NO MINVALUE
    NO MAXVALUE
    CACHE 1
);


--
-- Name: users_historicaluser; Type: TABLE; Schema: public; Owner: sims_user
--

CREATE TABLE public.users_historicaluser (
    id bigint NOT NULL,
    password character varying(128) NOT NULL,
    last_login timestamp with time zone,
    is_superuser boolean NOT NULL,
    username character varying(150) NOT NULL,
    first_name character varying(150) NOT NULL,
    last_name character varying(150) NOT NULL,
    email character varying(254) NOT NULL,
    is_staff boolean NOT NULL,
    is_active boolean NOT NULL,
    date_joined timestamp with time zone NOT NULL,
    role character varying(20) NOT NULL,
    specialty character varying(100),
    year character varying(10),
    registration_number character varying(50),
    phone_number character varying(15),
    last_login_ip inet,
    is_archived boolean NOT NULL,
    archived_date timestamp with time zone,
    history_id integer NOT NULL,
    history_date timestamp with time zone NOT NULL,
    history_change_reason character varying(100),
    history_type character varying(1) NOT NULL,
    created_by_id bigint,
    history_user_id bigint,
    home_department_id bigint,
    home_hospital_id bigint,
    modified_by_id bigint,
    supervisor_id bigint,
    is_complete_profile boolean NOT NULL,
    has_placeholder_email boolean NOT NULL,
    data_issues jsonb NOT NULL
);


ALTER TABLE public.users_historicaluser OWNER TO sims_user;

--
-- Name: users_historicaluser_history_id_seq; Type: SEQUENCE; Schema: public; Owner: sims_user
--

ALTER TABLE public.users_historicaluser ALTER COLUMN history_id ADD GENERATED BY DEFAULT AS IDENTITY (
    SEQUENCE NAME public.users_historicaluser_history_id_seq
    START WITH 1
    INCREMENT BY 1
    NO MINVALUE
    NO MAXVALUE
    CACHE 1
);


--
-- Name: users_hodassignment; Type: TABLE; Schema: public; Owner: sims_user
--

CREATE TABLE public.users_hodassignment (
    id bigint NOT NULL,
    start_date date NOT NULL,
    end_date date,
    active boolean NOT NULL,
    created_at timestamp with time zone NOT NULL,
    updated_at timestamp with time zone NOT NULL,
    created_by_id bigint,
    department_id bigint NOT NULL,
    hod_user_id bigint NOT NULL,
    updated_by_id bigint,
    CONSTRAINT hod_assignment_dates_valid CHECK (((end_date IS NULL) OR (end_date >= start_date)))
);


ALTER TABLE public.users_hodassignment OWNER TO sims_user;

--
-- Name: users_hodassignment_id_seq; Type: SEQUENCE; Schema: public; Owner: sims_user
--

ALTER TABLE public.users_hodassignment ALTER COLUMN id ADD GENERATED BY DEFAULT AS IDENTITY (
    SEQUENCE NAME public.users_hodassignment_id_seq
    START WITH 1
    INCREMENT BY 1
    NO MINVALUE
    NO MAXVALUE
    CACHE 1
);


--
-- Name: users_hospitalassignment; Type: TABLE; Schema: public; Owner: sims_user
--

CREATE TABLE public.users_hospitalassignment (
    id bigint NOT NULL,
    assignment_type character varying(30) NOT NULL,
    start_date date NOT NULL,
    end_date date,
    active boolean NOT NULL,
    created_at timestamp with time zone NOT NULL,
    updated_at timestamp with time zone NOT NULL,
    created_by_id bigint,
    hospital_department_id bigint NOT NULL,
    updated_by_id bigint,
    user_id bigint NOT NULL,
    CONSTRAINT hospital_assignment_dates_valid CHECK (((end_date IS NULL) OR (end_date >= start_date)))
);


ALTER TABLE public.users_hospitalassignment OWNER TO sims_user;

--
-- Name: users_hospitalassignment_id_seq; Type: SEQUENCE; Schema: public; Owner: sims_user
--

ALTER TABLE public.users_hospitalassignment ALTER COLUMN id ADD GENERATED BY DEFAULT AS IDENTITY (
    SEQUENCE NAME public.users_hospitalassignment_id_seq
    START WITH 1
    INCREMENT BY 1
    NO MINVALUE
    NO MAXVALUE
    CACHE 1
);


--
-- Name: users_residentprofile; Type: TABLE; Schema: public; Owner: sims_user
--

CREATE TABLE public.users_residentprofile (
    id bigint NOT NULL,
    pgr_id character varying(60) NOT NULL,
    training_start date NOT NULL,
    training_end date,
    training_level character varying(50) NOT NULL,
    active boolean NOT NULL,
    created_at timestamp with time zone NOT NULL,
    updated_at timestamp with time zone NOT NULL,
    user_id bigint NOT NULL
);


ALTER TABLE public.users_residentprofile OWNER TO sims_user;

--
-- Name: users_residentprofile_id_seq; Type: SEQUENCE; Schema: public; Owner: sims_user
--

ALTER TABLE public.users_residentprofile ALTER COLUMN id ADD GENERATED BY DEFAULT AS IDENTITY (
    SEQUENCE NAME public.users_residentprofile_id_seq
    START WITH 1
    INCREMENT BY 1
    NO MINVALUE
    NO MAXVALUE
    CACHE 1
);


--
-- Name: users_staffprofile; Type: TABLE; Schema: public; Owner: sims_user
--

CREATE TABLE public.users_staffprofile (
    id bigint NOT NULL,
    designation character varying(120) NOT NULL,
    phone character varying(20) NOT NULL,
    active boolean NOT NULL,
    created_at timestamp with time zone NOT NULL,
    updated_at timestamp with time zone NOT NULL,
    user_id bigint NOT NULL
);


ALTER TABLE public.users_staffprofile OWNER TO sims_user;

--
-- Name: users_staffprofile_id_seq; Type: SEQUENCE; Schema: public; Owner: sims_user
--

ALTER TABLE public.users_staffprofile ALTER COLUMN id ADD GENERATED BY DEFAULT AS IDENTITY (
    SEQUENCE NAME public.users_staffprofile_id_seq
    START WITH 1
    INCREMENT BY 1
    NO MINVALUE
    NO MAXVALUE
    CACHE 1
);


--
-- Name: users_supervisorresidentlink; Type: TABLE; Schema: public; Owner: sims_user
--

CREATE TABLE public.users_supervisorresidentlink (
    id bigint NOT NULL,
    start_date date NOT NULL,
    end_date date,
    active boolean NOT NULL,
    created_at timestamp with time zone NOT NULL,
    updated_at timestamp with time zone NOT NULL,
    created_by_id bigint,
    department_id bigint,
    resident_user_id bigint NOT NULL,
    supervisor_user_id bigint NOT NULL,
    updated_by_id bigint,
    has_default_dates boolean NOT NULL,
    CONSTRAINT supervision_link_dates_valid CHECK (((end_date IS NULL) OR (end_date >= start_date)))
);


ALTER TABLE public.users_supervisorresidentlink OWNER TO sims_user;

--
-- Name: users_supervisorresidentlink_id_seq; Type: SEQUENCE; Schema: public; Owner: sims_user
--

ALTER TABLE public.users_supervisorresidentlink ALTER COLUMN id ADD GENERATED BY DEFAULT AS IDENTITY (
    SEQUENCE NAME public.users_supervisorresidentlink_id_seq
    START WITH 1
    INCREMENT BY 1
    NO MINVALUE
    NO MAXVALUE
    CACHE 1
);


--
-- Name: users_user; Type: TABLE; Schema: public; Owner: sims_user
--

CREATE TABLE public.users_user (
    id bigint NOT NULL,
    password character varying(128) NOT NULL,
    last_login timestamp with time zone,
    is_superuser boolean NOT NULL,
    username character varying(150) NOT NULL,
    first_name character varying(150) NOT NULL,
    last_name character varying(150) NOT NULL,
    email character varying(254) NOT NULL,
    is_staff boolean NOT NULL,
    is_active boolean NOT NULL,
    date_joined timestamp with time zone NOT NULL,
    role character varying(20) NOT NULL,
    specialty character varying(100),
    year character varying(10),
    registration_number character varying(50),
    phone_number character varying(15),
    last_login_ip inet,
    is_archived boolean NOT NULL,
    archived_date timestamp with time zone,
    created_by_id bigint,
    home_department_id bigint,
    home_hospital_id bigint,
    modified_by_id bigint,
    supervisor_id bigint,
    is_complete_profile boolean NOT NULL,
    has_placeholder_email boolean NOT NULL,
    data_issues jsonb NOT NULL
);


ALTER TABLE public.users_user OWNER TO sims_user;

--
-- Name: users_user_groups; Type: TABLE; Schema: public; Owner: sims_user
--

CREATE TABLE public.users_user_groups (
    id bigint NOT NULL,
    user_id bigint NOT NULL,
    group_id integer NOT NULL
);


ALTER TABLE public.users_user_groups OWNER TO sims_user;

--
-- Name: users_user_groups_id_seq; Type: SEQUENCE; Schema: public; Owner: sims_user
--

ALTER TABLE public.users_user_groups ALTER COLUMN id ADD GENERATED BY DEFAULT AS IDENTITY (
    SEQUENCE NAME public.users_user_groups_id_seq
    START WITH 1
    INCREMENT BY 1
    NO MINVALUE
    NO MAXVALUE
    CACHE 1
);


--
-- Name: users_user_id_seq; Type: SEQUENCE; Schema: public; Owner: sims_user
--

ALTER TABLE public.users_user ALTER COLUMN id ADD GENERATED BY DEFAULT AS IDENTITY (
    SEQUENCE NAME public.users_user_id_seq
    START WITH 1
    INCREMENT BY 1
    NO MINVALUE
    NO MAXVALUE
    CACHE 1
);


--
-- Name: users_user_user_permissions; Type: TABLE; Schema: public; Owner: sims_user
--

CREATE TABLE public.users_user_user_permissions (
    id bigint NOT NULL,
    user_id bigint NOT NULL,
    permission_id integer NOT NULL
);


ALTER TABLE public.users_user_user_permissions OWNER TO sims_user;

--
-- Name: users_user_user_permissions_id_seq; Type: SEQUENCE; Schema: public; Owner: sims_user
--

ALTER TABLE public.users_user_user_permissions ALTER COLUMN id ADD GENERATED BY DEFAULT AS IDENTITY (
    SEQUENCE NAME public.users_user_user_permissions_id_seq
    START WITH 1
    INCREMENT BY 1
    NO MINVALUE
    NO MAXVALUE
    CACHE 1
);


--
-- Data for Name: academics_batch; Type: TABLE DATA; Schema: public; Owner: sims_user
--

COPY public.academics_batch (id, name, program, start_date, end_date, capacity, active, created_at, updated_at, coordinator_id, department_id) FROM stdin;
\.


--
-- Data for Name: academics_department; Type: TABLE DATA; Schema: public; Owner: sims_user
--

COPY public.academics_department (id, name, code, description, active, created_at, updated_at, head_id) FROM stdin;
21	Test Dept WF-1778624781510	TD781510		t	2026-05-12 22:26:22.164145+00	2026-05-12 22:26:22.164172+00	\N
22	Department e2e-1778624851512	D51512927		t	2026-05-12 22:27:32.156239+00	2026-05-12 22:27:32.156263+00	\N
23	Department e2e-1778625183928	D83928796		t	2026-05-12 22:33:04.68668+00	2026-05-12 22:33:04.686704+00	\N
1	Medicine	MED		t	2026-05-12 22:04:10.217172+00	2026-05-13 09:28:16.422239+00	\N
3	Pediatrics	PED		t	2026-05-12 22:04:10.2274+00	2026-05-13 09:28:16.426816+00	\N
4	Gynecology & Obstetrics	OBG		t	2026-05-12 22:04:10.233291+00	2026-05-13 09:28:16.431681+00	\N
5	Orthopedics	ORTH		t	2026-05-12 22:04:10.23719+00	2026-05-13 09:28:16.43725+00	\N
24	Department e2e-1778664570350	D70350414		t	2026-05-13 09:29:31.349173+00	2026-05-13 09:29:31.349198+00	\N
6	Ear, Nose & Throat	ENT		t	2026-05-12 22:04:10.240784+00	2026-05-13 09:28:05.15059+00	\N
7	Ophthalmology	OPTH		t	2026-05-12 22:04:10.244525+00	2026-05-13 09:28:05.154898+00	\N
8	Dermatology	DERM		t	2026-05-12 22:04:10.248721+00	2026-05-13 09:28:05.158185+00	\N
9	Psychiatry	PSY		t	2026-05-12 22:04:10.25288+00	2026-05-13 09:28:05.162189+00	\N
10	Neurology	NEURO		t	2026-05-12 22:04:10.256612+00	2026-05-13 09:28:05.165257+00	\N
11	Cardiology	CARD		t	2026-05-12 22:04:10.260518+00	2026-05-13 09:28:05.168278+00	\N
12	Pulmonology	PULM		t	2026-05-12 22:04:10.267245+00	2026-05-13 09:28:05.17139+00	\N
13	Gastroenterology	GASTRO		t	2026-05-12 22:04:10.271164+00	2026-05-13 09:28:05.174285+00	\N
14	Nephrology	NEPH		t	2026-05-12 22:04:10.275303+00	2026-05-13 09:28:05.177298+00	\N
15	Oncology	ONCO		t	2026-05-12 22:04:10.279262+00	2026-05-13 09:28:05.180237+00	\N
16	Pathology	PATH		t	2026-05-12 22:04:10.283088+00	2026-05-13 09:28:05.183224+00	\N
17	Radiology	RADIO		t	2026-05-12 22:04:10.286994+00	2026-05-13 09:28:05.186261+00	\N
18	Anaesthesiology	ANAES		t	2026-05-12 22:04:10.290975+00	2026-05-13 09:28:05.189065+00	\N
19	Emergency Medicine	EMERG		t	2026-05-12 22:04:10.296108+00	2026-05-13 09:28:05.191791+00	\N
20	Intensive Care Unit	ICU		t	2026-05-12 22:04:10.300085+00	2026-05-13 09:28:05.194563+00	\N
2	Surgery	SURG		t	2026-05-12 22:04:10.223001+00	2026-05-13 09:28:16.414891+00	\N
\.


--
-- Data for Name: academics_studentprofile; Type: TABLE DATA; Schema: public; Owner: sims_user
--

COPY public.academics_studentprofile (id, roll_number, admission_date, expected_graduation_date, actual_graduation_date, status, status_updated_at, cgpa, previous_institution, previous_qualification, emergency_contact_name, emergency_contact_phone, emergency_contact_relation, remarks, created_at, updated_at, batch_id, user_id) FROM stdin;
\.


--
-- Data for Name: audit_activitylog; Type: TABLE DATA; Schema: public; Owner: sims_user
--

COPY public.audit_activitylog (id, action, verb, target_object_id, target_repr, metadata, ip_address, is_sensitive, created_at, actor_id, target_content_type_id) FROM stdin;
1	create	HistoricalUser:1			{"history_id": 1, "object_repr": "Pilot Admin (Admin)", "history_date": "2026-05-12T22:04:17.375702+00:00"}	\N	f	2026-05-12 22:04:17.38256+00	\N	\N
2	create	HistoricalUser:2			{"history_id": 2, "object_repr": "Pilot Supervisor (Supervisor)", "history_date": "2026-05-12T22:04:18.459295+00:00"}	\N	f	2026-05-12 22:04:18.462933+00	\N	\N
3	create	HistoricalUser:3			{"history_id": 3, "object_repr": "Pilot UTRMC Admin (UTRMC Admin)", "history_date": "2026-05-12T22:04:20.954193+00:00"}	\N	f	2026-05-12 22:04:20.957549+00	\N	\N
4	create	HistoricalUser:4			{"history_id": 4, "object_repr": "Pilot UTRMC User (UTRMC User)", "history_date": "2026-05-12T22:04:22.833101+00:00"}	\N	f	2026-05-12 22:04:22.836954+00	\N	\N
5	create	HistoricalUser:5			{"history_id": 5, "object_repr": "Pilot PG (Postgraduate)", "history_date": "2026-05-12T22:04:23.707755+00:00"}	\N	f	2026-05-12 22:04:23.711323+00	\N	\N
6	create	HistoricalTrainingProgram:1			{"history_id": 1, "object_repr": "Pilot Baseline Program (PILOT-BASELINE)", "history_date": "2026-05-12T22:04:23.723473+00:00"}	\N	f	2026-05-12 22:04:23.729292+00	\N	\N
7	create	HistoricalResidentTrainingRecord:1			{"history_id": 1, "object_repr": "Pilot PG – PILOT-BASELINE", "history_date": "2026-05-12T22:04:23.750358+00:00"}	\N	f	2026-05-12 22:04:23.756474+00	\N	\N
8	create	HistoricalUser:6			{"history_id": 6, "object_repr": "Pilot Resident (Resident)", "history_date": "2026-05-12T22:04:24.470980+00:00"}	\N	f	2026-05-12 22:04:24.473803+00	\N	\N
9	create	HistoricalResidentTrainingRecord:2			{"history_id": 2, "object_repr": "Pilot Resident – PILOT-BASELINE", "history_date": "2026-05-12T22:04:24.479739+00:00"}	\N	f	2026-05-12 22:04:24.481976+00	\N	\N
10	create	HistoricalTrainingProgram:2			{"history_id": 2, "object_repr": "Active Surface Baseline Programme (ACTIVE-BASELINE)", "history_date": "2026-05-12T22:04:24.507831+00:00"}	\N	f	2026-05-12 22:04:24.510684+00	\N	\N
11	create	HistoricalResidentTrainingRecord:3			{"history_id": 3, "object_repr": "Pilot PG – ACTIVE-BASELINE", "history_date": "2026-05-12T22:04:24.551596+00:00"}	\N	f	2026-05-12 22:04:24.553463+00	\N	\N
12	create	HistoricalResidentTrainingRecord:4			{"history_id": 4, "object_repr": "Pilot Resident – ACTIVE-BASELINE", "history_date": "2026-05-12T22:04:24.585695+00:00"}	\N	f	2026-05-12 22:04:24.587554+00	\N	\N
18	create	HistoricalUser:12			{"history_id": 12, "object_repr": "Feature Supervisor (Supervisor)", "history_date": "2026-05-12T22:04:34.256963+00:00"}	\N	f	2026-05-12 22:04:34.260309+00	\N	\N
19	create	HistoricalUser:13			{"history_id": 13, "object_repr": "Feature HOD (Supervisor)", "history_date": "2026-05-12T22:04:35.011625+00:00"}	\N	f	2026-05-12 22:04:35.014223+00	\N	\N
20	create	HistoricalUser:14			{"history_id": 14, "object_repr": "Feature Resident (Postgraduate)", "history_date": "2026-05-12T22:04:35.673877+00:00"}	\N	f	2026-05-12 22:04:35.676413+00	\N	\N
21	create	HistoricalUser:15			{"history_id": 15, "object_repr": "Feature UTRMC Admin (UTRMC Admin)", "history_date": "2026-05-12T22:04:36.358054+00:00"}	\N	f	2026-05-12 22:04:36.360537+00	\N	\N
22	create	HistoricalUser:16			{"history_id": 16, "object_repr": "Feature UTRMC Staff (UTRMC User)", "history_date": "2026-05-12T22:04:37.037450+00:00"}	\N	f	2026-05-12 22:04:37.039978+00	\N	\N
23	create	HistoricalUser:17			{"history_id": 17, "object_repr": "Feature Negative (Postgraduate)", "history_date": "2026-05-12T22:04:37.680128+00:00"}	\N	f	2026-05-12 22:04:37.682901+00	\N	\N
36	create	HistoricalSubmissionRequirementTemplate:1			{"history_id": 1, "object_repr": "SYNOPSIS:SYN-PROPOSAL", "history_date": "2026-05-12T22:04:38.630507+00:00"}	\N	f	2026-05-12 22:04:38.635588+00	\N	\N
37	create	HistoricalSubmissionRequirementTemplate:2			{"history_id": 2, "object_repr": "SYNOPSIS:SYN-ETHICS", "history_date": "2026-05-12T22:04:38.641592+00:00"}	\N	f	2026-05-12 22:04:38.643523+00	\N	\N
38	create	HistoricalSubmissionRequirementTemplate:3			{"history_id": 3, "object_repr": "THESIS:THS-MANUSCRIPT", "history_date": "2026-05-12T22:04:38.649127+00:00"}	\N	f	2026-05-12 22:04:38.651016+00	\N	\N
39	create	HistoricalSubmissionRequirementTemplate:4			{"history_id": 4, "object_repr": "THESIS:THS-SIMILARITY", "history_date": "2026-05-12T22:04:38.656213+00:00"}	\N	f	2026-05-12 22:04:38.658125+00	\N	\N
40	update	HistoricalUser:18			{"history_id": 18, "object_repr": "Pilot Admin (Admin)", "history_date": "2026-05-12T22:07:23.963711+00:00"}	\N	f	2026-05-12 22:07:23.970523+00	\N	\N
41	update	HistoricalUser:19			{"history_id": 19, "object_repr": "Pilot Supervisor (Supervisor)", "history_date": "2026-05-12T22:07:24.854304+00:00"}	\N	f	2026-05-12 22:07:24.856893+00	\N	\N
42	update	HistoricalUser:20			{"history_id": 20, "object_repr": "Pilot UTRMC Admin (UTRMC Admin)", "history_date": "2026-05-12T22:07:25.559786+00:00"}	\N	f	2026-05-12 22:07:25.563456+00	\N	\N
43	update	HistoricalUser:21			{"history_id": 21, "object_repr": "Pilot UTRMC User (UTRMC User)", "history_date": "2026-05-12T22:07:26.309619+00:00"}	\N	f	2026-05-12 22:07:26.312198+00	\N	\N
44	update	HistoricalUser:22			{"history_id": 22, "object_repr": "Pilot PG (Postgraduate)", "history_date": "2026-05-12T22:07:27.006264+00:00"}	\N	f	2026-05-12 22:07:27.008839+00	\N	\N
45	update	HistoricalUser:23			{"history_id": 23, "object_repr": "Pilot Resident (Resident)", "history_date": "2026-05-12T22:07:27.701933+00:00"}	\N	f	2026-05-12 22:07:27.70433+00	\N	\N
46	update	HistoricalTrainingProgram:4			{"history_id": 4, "object_repr": "Active Surface Baseline Programme (ACTIVE-BASELINE)", "history_date": "2026-05-12T22:07:27.728269+00:00"}	\N	f	2026-05-12 22:07:27.731852+00	\N	\N
47	update	HistoricalResidentTrainingRecord:8			{"history_id": 8, "object_repr": "Pilot PG – ACTIVE-BASELINE", "history_date": "2026-05-12T22:07:27.772364+00:00"}	\N	f	2026-05-12 22:07:27.779322+00	\N	\N
48	update	HistoricalResidentTrainingRecord:9			{"history_id": 9, "object_repr": "Pilot Resident – ACTIVE-BASELINE", "history_date": "2026-05-12T22:07:27.815400+00:00"}	\N	f	2026-05-12 22:07:27.820241+00	\N	\N
49	delete	HistoricalResidentResearchProject:2			{"history_id": 2, "object_repr": "E2E PG – E2E-FCPS – Research: E2E Baseline Research Project", "history_date": "2026-05-12T22:08:14.855984+00:00"}	\N	f	2026-05-12 22:08:14.865864+00	\N	\N
50	delete	HistoricalProgramMilestoneResearchRequirement:3			{"history_id": 3, "object_repr": "Research req: E2E-FCPS – Final Examination", "history_date": "2026-05-12T22:08:14.870723+00:00"}	\N	f	2026-05-12 22:08:14.876303+00	\N	\N
51	delete	HistoricalProgramMilestoneResearchRequirement:4			{"history_id": 4, "object_repr": "Research req: E2E-FCPS – Intermediate Membership (iMM)", "history_date": "2026-05-12T22:08:14.877358+00:00"}	\N	f	2026-05-12 22:08:14.881493+00	\N	\N
52	delete	HistoricalProgramMilestone:3			{"history_id": 3, "object_repr": "E2E-FCPS – Final Examination", "history_date": "2026-05-12T22:08:14.891265+00:00"}	\N	f	2026-05-12 22:08:14.894863+00	\N	\N
53	delete	HistoricalProgramMilestone:4			{"history_id": 4, "object_repr": "E2E-FCPS – Intermediate Membership (iMM)", "history_date": "2026-05-12T22:08:14.895954+00:00"}	\N	f	2026-05-12 22:08:14.898889+00	\N	\N
54	delete	HistoricalResidentTrainingRecord:10			{"history_id": 10, "object_repr": "Feature Negative – E2E-FCPS", "history_date": "2026-05-12T22:08:14.937923+00:00"}	\N	f	2026-05-12 22:08:14.944387+00	\N	\N
55	delete	HistoricalResidentTrainingRecord:11			{"history_id": 11, "object_repr": "Feature Resident – E2E-FCPS", "history_date": "2026-05-12T22:08:14.945543+00:00"}	\N	f	2026-05-12 22:08:14.950929+00	\N	\N
56	delete	HistoricalResidentTrainingRecord:12			{"history_id": 12, "object_repr": "E2E PG – E2E-FCPS", "history_date": "2026-05-12T22:08:14.952205+00:00"}	\N	f	2026-05-12 22:08:14.957239+00	\N	\N
57	delete	HistoricalResidentTrainingRecord:13			{"history_id": 13, "object_repr": "Pilot Resident – ACTIVE-BASELINE", "history_date": "2026-05-12T22:08:14.958292+00:00"}	\N	f	2026-05-12 22:08:14.963148+00	\N	\N
58	delete	HistoricalResidentTrainingRecord:14			{"history_id": 14, "object_repr": "Pilot PG – ACTIVE-BASELINE", "history_date": "2026-05-12T22:08:14.964161+00:00"}	\N	f	2026-05-12 22:08:14.969129+00	\N	\N
59	delete	HistoricalResidentTrainingRecord:15			{"history_id": 15, "object_repr": "Pilot Resident – PILOT-BASELINE", "history_date": "2026-05-12T22:08:14.970159+00:00"}	\N	f	2026-05-12 22:08:14.974964+00	\N	\N
60	delete	HistoricalResidentTrainingRecord:16			{"history_id": 16, "object_repr": "Pilot PG – PILOT-BASELINE", "history_date": "2026-05-12T22:08:14.976004+00:00"}	\N	f	2026-05-12 22:08:14.980751+00	\N	\N
61	delete	HistoricalLogbookThresholdConfig:3			{"history_id": 3, "object_repr": "E2E Logbook Threshold Per 30 Days (PER_PERIOD)", "history_date": "2026-05-12T22:08:15.030765+00:00"}	\N	f	2026-05-12 22:08:15.036817+00	\N	\N
62	delete	HistoricalLogbookThresholdConfig:4			{"history_id": 4, "object_repr": "E2E Logbook Threshold Per Rotation (PER_ROTATION)", "history_date": "2026-05-12T22:08:15.037885+00:00"}	\N	f	2026-05-12 22:08:15.040283+00	\N	\N
63	delete	HistoricalSubmissionRequirementTemplate:5			{"history_id": 5, "object_repr": "THESIS:THS-SIMILARITY", "history_date": "2026-05-12T22:08:15.042279+00:00"}	\N	f	2026-05-12 22:08:15.04684+00	\N	\N
64	delete	HistoricalSubmissionRequirementTemplate:6			{"history_id": 6, "object_repr": "THESIS:THS-MANUSCRIPT", "history_date": "2026-05-12T22:08:15.047900+00:00"}	\N	f	2026-05-12 22:08:15.050348+00	\N	\N
65	delete	HistoricalSubmissionRequirementTemplate:7			{"history_id": 7, "object_repr": "SYNOPSIS:SYN-ETHICS", "history_date": "2026-05-12T22:08:15.051340+00:00"}	\N	f	2026-05-12 22:08:15.053171+00	\N	\N
66	delete	HistoricalSubmissionRequirementTemplate:8			{"history_id": 8, "object_repr": "SYNOPSIS:SYN-PROPOSAL", "history_date": "2026-05-12T22:08:15.054050+00:00"}	\N	f	2026-05-12 22:08:15.056124+00	\N	\N
67	delete	HistoricalProgramRotationRequirement:2			{"history_id": 2, "object_repr": "E2E-FCPS:MED:4w", "history_date": "2026-05-12T22:08:15.058090+00:00"}	\N	f	2026-05-12 22:08:15.064958+00	\N	\N
68	delete	HistoricalTrainingProgram:5			{"history_id": 5, "object_repr": "E2E Baseline FCPS Program (E2E-FCPS)", "history_date": "2026-05-12T22:08:15.067176+00:00"}	\N	f	2026-05-12 22:08:15.069424+00	\N	\N
69	delete	HistoricalUser:24			{"history_id": 24, "object_repr": "Feature Negative (Postgraduate)", "history_date": "2026-05-12T22:08:15.439228+00:00"}	\N	f	2026-05-12 22:08:15.442632+00	\N	\N
70	delete	HistoricalUser:25			{"history_id": 25, "object_repr": "Feature UTRMC Staff (UTRMC User)", "history_date": "2026-05-12T22:08:15.443888+00:00"}	\N	f	2026-05-12 22:08:15.446467+00	\N	\N
71	delete	HistoricalUser:26			{"history_id": 26, "object_repr": "Feature UTRMC Admin (UTRMC Admin)", "history_date": "2026-05-12T22:08:15.447678+00:00"}	\N	f	2026-05-12 22:08:15.449992+00	\N	\N
72	delete	HistoricalUser:27			{"history_id": 27, "object_repr": "Feature Resident (Postgraduate)", "history_date": "2026-05-12T22:08:15.451020+00:00"}	\N	f	2026-05-12 22:08:15.45333+00	\N	\N
73	delete	HistoricalUser:28			{"history_id": 28, "object_repr": "Feature HOD (Supervisor)", "history_date": "2026-05-12T22:08:15.454305+00:00"}	\N	f	2026-05-12 22:08:15.456449+00	\N	\N
74	delete	HistoricalUser:29			{"history_id": 29, "object_repr": "Feature Supervisor (Supervisor)", "history_date": "2026-05-12T22:08:15.457422+00:00"}	\N	f	2026-05-12 22:08:15.459496+00	\N	\N
75	delete	HistoricalUser:30			{"history_id": 30, "object_repr": "E2E PG (Postgraduate)", "history_date": "2026-05-12T22:08:15.460468+00:00"}	\N	f	2026-05-12 22:08:15.462558+00	\N	\N
76	delete	HistoricalUser:31			{"history_id": 31, "object_repr": "E2E Supervisor (Supervisor)", "history_date": "2026-05-12T22:08:15.463417+00:00"}	\N	f	2026-05-12 22:08:15.46547+00	\N	\N
77	delete	HistoricalUser:32			{"history_id": 32, "object_repr": "E2E UTRMC Admin (UTRMC Admin)", "history_date": "2026-05-12T22:08:15.466382+00:00"}	\N	f	2026-05-12 22:08:15.468649+00	\N	\N
78	delete	HistoricalUser:33			{"history_id": 33, "object_repr": "E2E UTRMC User (UTRMC User)", "history_date": "2026-05-12T22:08:15.469515+00:00"}	\N	f	2026-05-12 22:08:15.471451+00	\N	\N
79	delete	HistoricalUser:34			{"history_id": 34, "object_repr": "E2E Admin (Admin)", "history_date": "2026-05-12T22:08:15.472308+00:00"}	\N	f	2026-05-12 22:08:15.474301+00	\N	\N
80	delete	HistoricalUser:35			{"history_id": 35, "object_repr": "Pilot Resident (Resident)", "history_date": "2026-05-12T22:08:15.475163+00:00"}	\N	f	2026-05-12 22:08:15.477207+00	\N	\N
81	delete	HistoricalUser:36			{"history_id": 36, "object_repr": "Pilot PG (Postgraduate)", "history_date": "2026-05-12T22:08:15.478055+00:00"}	\N	f	2026-05-12 22:08:15.47997+00	\N	\N
82	delete	HistoricalUser:37			{"history_id": 37, "object_repr": "Pilot UTRMC User (UTRMC User)", "history_date": "2026-05-12T22:08:15.480827+00:00"}	\N	f	2026-05-12 22:08:15.482835+00	\N	\N
83	delete	HistoricalUser:38			{"history_id": 38, "object_repr": "Pilot UTRMC Admin (UTRMC Admin)", "history_date": "2026-05-12T22:08:15.483669+00:00"}	\N	f	2026-05-12 22:08:15.48561+00	\N	\N
84	delete	HistoricalUser:39			{"history_id": 39, "object_repr": "Pilot Supervisor (Supervisor)", "history_date": "2026-05-12T22:08:15.486428+00:00"}	\N	f	2026-05-12 22:08:15.488327+00	\N	\N
85	update	HistoricalUser:40			{"history_id": 40, "object_repr": "Pilot Admin (Admin)", "history_date": "2026-05-12T22:08:37.355425+00:00"}	\N	f	2026-05-12 22:08:37.361151+00	\N	\N
86	create	HistoricalUser:41			{"history_id": 41, "object_repr": "Pilot Supervisor (Supervisor)", "history_date": "2026-05-12T22:08:38.074897+00:00"}	\N	f	2026-05-12 22:08:38.077637+00	\N	\N
87	create	HistoricalUser:42			{"history_id": 42, "object_repr": "Pilot UTRMC Admin (UTRMC Admin)", "history_date": "2026-05-12T22:08:38.798536+00:00"}	\N	f	2026-05-12 22:08:38.801051+00	\N	\N
88	create	HistoricalUser:43			{"history_id": 43, "object_repr": "Pilot UTRMC User (UTRMC User)", "history_date": "2026-05-12T22:08:39.516242+00:00"}	\N	f	2026-05-12 22:08:39.518836+00	\N	\N
89	create	HistoricalUser:44			{"history_id": 44, "object_repr": "Pilot PG (Postgraduate)", "history_date": "2026-05-12T22:08:40.218918+00:00"}	\N	f	2026-05-12 22:08:40.221579+00	\N	\N
90	create	HistoricalResidentTrainingRecord:17			{"history_id": 17, "object_repr": "Pilot PG – PILOT-BASELINE", "history_date": "2026-05-12T22:08:40.232550+00:00"}	\N	f	2026-05-12 22:08:40.236435+00	\N	\N
91	create	HistoricalUser:45			{"history_id": 45, "object_repr": "Pilot Resident (Resident)", "history_date": "2026-05-12T22:08:40.923425+00:00"}	\N	f	2026-05-12 22:08:40.926009+00	\N	\N
92	create	HistoricalResidentTrainingRecord:18			{"history_id": 18, "object_repr": "Pilot Resident – PILOT-BASELINE", "history_date": "2026-05-12T22:08:40.931713+00:00"}	\N	f	2026-05-12 22:08:40.933636+00	\N	\N
93	update	HistoricalTrainingProgram:6			{"history_id": 6, "object_repr": "Active Surface Baseline Programme (ACTIVE-BASELINE)", "history_date": "2026-05-12T22:08:40.955069+00:00"}	\N	f	2026-05-12 22:08:40.958928+00	\N	\N
94	create	HistoricalResidentTrainingRecord:19			{"history_id": 19, "object_repr": "Pilot PG – ACTIVE-BASELINE", "history_date": "2026-05-12T22:08:40.998884+00:00"}	\N	f	2026-05-12 22:08:41.000951+00	\N	\N
95	create	HistoricalResidentTrainingRecord:20			{"history_id": 20, "object_repr": "Pilot Resident – ACTIVE-BASELINE", "history_date": "2026-05-12T22:08:41.033234+00:00"}	\N	f	2026-05-12 22:08:41.035282+00	\N	\N
96	create	HistoricalUser:46			{"history_id": 46, "object_repr": "E2E Admin (Admin)", "history_date": "2026-05-12T22:21:50.604265+00:00"}	\N	f	2026-05-12 22:21:50.608172+00	\N	\N
97	create	HistoricalUser:47			{"history_id": 47, "object_repr": "E2E UTRMC User (UTRMC User)", "history_date": "2026-05-12T22:21:51.098196+00:00"}	\N	f	2026-05-12 22:21:51.100839+00	\N	\N
98	create	HistoricalUser:48			{"history_id": 48, "object_repr": "E2E UTRMC Admin (UTRMC Admin)", "history_date": "2026-05-12T22:21:51.702296+00:00"}	\N	f	2026-05-12 22:21:51.704864+00	\N	\N
99	create	HistoricalUser:49			{"history_id": 49, "object_repr": "E2E Supervisor (Supervisor)", "history_date": "2026-05-12T22:21:52.181705+00:00"}	\N	f	2026-05-12 22:21:52.183811+00	\N	\N
100	create	HistoricalUser:50			{"history_id": 50, "object_repr": "E2E PG (Postgraduate)", "history_date": "2026-05-12T22:21:52.637731+00:00"}	\N	f	2026-05-12 22:21:52.64027+00	\N	\N
101	create	HistoricalUser:51			{"history_id": 51, "object_repr": "Feature Supervisor (Supervisor)", "history_date": "2026-05-12T22:21:53.182122+00:00"}	\N	f	2026-05-12 22:21:53.184418+00	\N	\N
102	create	HistoricalUser:52			{"history_id": 52, "object_repr": "Feature HOD (Supervisor)", "history_date": "2026-05-12T22:21:53.624319+00:00"}	\N	f	2026-05-12 22:21:53.626398+00	\N	\N
103	create	HistoricalUser:53			{"history_id": 53, "object_repr": "Feature Resident (Postgraduate)", "history_date": "2026-05-12T22:21:54.087649+00:00"}	\N	f	2026-05-12 22:21:54.089715+00	\N	\N
104	create	HistoricalUser:54			{"history_id": 54, "object_repr": "Feature UTRMC Admin (UTRMC Admin)", "history_date": "2026-05-12T22:21:54.540589+00:00"}	\N	f	2026-05-12 22:21:54.543257+00	\N	\N
105	create	HistoricalUser:55			{"history_id": 55, "object_repr": "Feature UTRMC Staff (UTRMC User)", "history_date": "2026-05-12T22:21:54.964437+00:00"}	\N	f	2026-05-12 22:21:54.96679+00	\N	\N
106	create	HistoricalUser:56			{"history_id": 56, "object_repr": "Feature Negative (Postgraduate)", "history_date": "2026-05-12T22:21:55.397625+00:00"}	\N	f	2026-05-12 22:21:55.399607+00	\N	\N
107	create	HistoricalTrainingProgram:7			{"history_id": 7, "object_repr": "E2E Baseline FCPS Program (E2E-FCPS)", "history_date": "2026-05-12T22:21:55.460861+00:00"}	\N	f	2026-05-12 22:21:55.464325+00	\N	\N
108	create	HistoricalProgramMilestone:5			{"history_id": 5, "object_repr": "E2E-FCPS – Intermediate Membership (iMM)", "history_date": "2026-05-12T22:21:55.470805+00:00"}	\N	f	2026-05-12 22:21:55.474124+00	\N	\N
109	create	HistoricalProgramMilestone:6			{"history_id": 6, "object_repr": "E2E-FCPS – Final Examination", "history_date": "2026-05-12T22:21:55.478240+00:00"}	\N	f	2026-05-12 22:21:55.47946+00	\N	\N
110	create	HistoricalProgramMilestoneResearchRequirement:5			{"history_id": 5, "object_repr": "Research req: E2E-FCPS – Intermediate Membership (iMM)", "history_date": "2026-05-12T22:21:55.485483+00:00"}	\N	f	2026-05-12 22:21:55.487833+00	\N	\N
111	create	HistoricalProgramMilestoneResearchRequirement:6			{"history_id": 6, "object_repr": "Research req: E2E-FCPS – Final Examination", "history_date": "2026-05-12T22:21:55.490676+00:00"}	\N	f	2026-05-12 22:21:55.491832+00	\N	\N
112	create	HistoricalResidentTrainingRecord:21			{"history_id": 21, "object_repr": "E2E PG – E2E-FCPS", "history_date": "2026-05-12T22:21:55.504405+00:00"}	\N	f	2026-05-12 22:21:55.507396+00	\N	\N
113	create	HistoricalResidentTrainingRecord:22			{"history_id": 22, "object_repr": "Feature Resident – E2E-FCPS", "history_date": "2026-05-12T22:21:55.511748+00:00"}	\N	f	2026-05-12 22:21:55.513074+00	\N	\N
114	create	HistoricalResidentTrainingRecord:23			{"history_id": 23, "object_repr": "Feature Negative – E2E-FCPS", "history_date": "2026-05-12T22:21:55.517229+00:00"}	\N	f	2026-05-12 22:21:55.518624+00	\N	\N
115	create	HistoricalResidentResearchProject:3			{"history_id": 3, "object_repr": "E2E PG – E2E-FCPS – Research: E2E Baseline Research Project", "history_date": "2026-05-12T22:21:55.548655+00:00"}	\N	f	2026-05-12 22:21:55.552083+00	\N	\N
116	create	HistoricalProgramRotationRequirement:3			{"history_id": 3, "object_repr": "E2E-FCPS:MED:4w", "history_date": "2026-05-12T22:21:55.634103+00:00"}	\N	f	2026-05-12 22:21:55.637065+00	\N	\N
117	create	HistoricalLogbookThresholdConfig:5			{"history_id": 5, "object_repr": "E2E Logbook Threshold Per Rotation (PER_ROTATION)", "history_date": "2026-05-12T22:21:55.641430+00:00"}	\N	f	2026-05-12 22:21:55.644168+00	\N	\N
118	create	HistoricalLogbookThresholdConfig:6			{"history_id": 6, "object_repr": "E2E Logbook Threshold Per 30 Days (PER_PERIOD)", "history_date": "2026-05-12T22:21:55.648466+00:00"}	\N	f	2026-05-12 22:21:55.649758+00	\N	\N
119	create	HistoricalSubmissionRequirementTemplate:9			{"history_id": 9, "object_repr": "SYNOPSIS:SYN-PROPOSAL", "history_date": "2026-05-12T22:21:55.656559+00:00"}	\N	f	2026-05-12 22:21:55.659573+00	\N	\N
120	create	HistoricalSubmissionRequirementTemplate:10			{"history_id": 10, "object_repr": "SYNOPSIS:SYN-ETHICS", "history_date": "2026-05-12T22:21:55.664386+00:00"}	\N	f	2026-05-12 22:21:55.665704+00	\N	\N
121	create	HistoricalSubmissionRequirementTemplate:11			{"history_id": 11, "object_repr": "THESIS:THS-MANUSCRIPT", "history_date": "2026-05-12T22:21:55.669892+00:00"}	\N	f	2026-05-12 22:21:55.671312+00	\N	\N
122	create	HistoricalSubmissionRequirementTemplate:12			{"history_id": 12, "object_repr": "THESIS:THS-SIMILARITY", "history_date": "2026-05-12T22:21:55.674710+00:00"}	\N	f	2026-05-12 22:21:55.675913+00	\N	\N
123	update	HistoricalUser:57			{"history_id": 57, "object_repr": "E2E Admin (Admin)", "history_date": "2026-05-12T22:22:06.849753+00:00"}	\N	f	2026-05-12 22:22:06.856008+00	\N	\N
124	update	HistoricalUser:58			{"history_id": 58, "object_repr": "E2E UTRMC Admin (UTRMC Admin)", "history_date": "2026-05-12T22:22:07.346018+00:00"}	\N	f	2026-05-12 22:22:07.349869+00	\N	\N
125	update	HistoricalUser:59			{"history_id": 59, "object_repr": "E2E UTRMC User (UTRMC User)", "history_date": "2026-05-12T22:22:07.870923+00:00"}	\N	f	2026-05-12 22:22:07.873778+00	\N	\N
126	update	HistoricalUser:60			{"history_id": 60, "object_repr": "E2E Supervisor (Supervisor)", "history_date": "2026-05-12T22:22:08.387236+00:00"}	\N	f	2026-05-12 22:22:08.390812+00	\N	\N
127	update	HistoricalUser:61			{"history_id": 61, "object_repr": "E2E PG (Postgraduate)", "history_date": "2026-05-12T22:22:08.930752+00:00"}	\N	f	2026-05-12 22:22:08.937613+00	\N	\N
128	update	HistoricalUser:62			{"history_id": 62, "object_repr": "E2E UTRMC Admin (UTRMC Admin)", "history_date": "2026-05-12T22:22:18.637358+00:00"}	\N	f	2026-05-12 22:22:18.639976+00	\N	\N
129	update	HistoricalUser:63			{"history_id": 63, "object_repr": "E2E Supervisor (Supervisor)", "history_date": "2026-05-12T22:22:21.639900+00:00"}	\N	f	2026-05-12 22:22:21.645807+00	\N	\N
130	update	HistoricalUser:64			{"history_id": 64, "object_repr": "E2E PG (Postgraduate)", "history_date": "2026-05-12T22:22:23.567233+00:00"}	\N	f	2026-05-12 22:22:23.57343+00	\N	\N
131	update	HistoricalUser:65			{"history_id": 65, "object_repr": "E2E UTRMC Admin (UTRMC Admin)", "history_date": "2026-05-12T22:22:27.182219+00:00"}	\N	f	2026-05-12 22:22:27.186489+00	\N	\N
132	update	HistoricalUser:66			{"history_id": 66, "object_repr": "E2E Supervisor (Supervisor)", "history_date": "2026-05-12T22:22:32.809485+00:00"}	\N	f	2026-05-12 22:22:32.813214+00	\N	\N
133	update	HistoricalUser:67			{"history_id": 67, "object_repr": "E2E PG (Postgraduate)", "history_date": "2026-05-12T22:22:34.502180+00:00"}	\N	f	2026-05-12 22:22:34.505386+00	\N	\N
134	update	HistoricalUser:68			{"history_id": 68, "object_repr": "Pilot Admin (Admin)", "history_date": "2026-05-12T22:22:54.185520+00:00"}	\N	f	2026-05-12 22:22:54.189761+00	\N	\N
135	update	HistoricalUser:69			{"history_id": 69, "object_repr": "Pilot Supervisor (Supervisor)", "history_date": "2026-05-12T22:22:54.695246+00:00"}	\N	f	2026-05-12 22:22:54.699707+00	\N	\N
136	update	HistoricalUser:70			{"history_id": 70, "object_repr": "Pilot UTRMC Admin (UTRMC Admin)", "history_date": "2026-05-12T22:22:55.193730+00:00"}	\N	f	2026-05-12 22:22:55.195986+00	\N	\N
137	update	HistoricalUser:71			{"history_id": 71, "object_repr": "Pilot UTRMC User (UTRMC User)", "history_date": "2026-05-12T22:22:55.702438+00:00"}	\N	f	2026-05-12 22:22:55.704247+00	\N	\N
138	update	HistoricalUser:72			{"history_id": 72, "object_repr": "Pilot PG (Postgraduate)", "history_date": "2026-05-12T22:22:56.195805+00:00"}	\N	f	2026-05-12 22:22:56.197724+00	\N	\N
139	update	HistoricalUser:73			{"history_id": 73, "object_repr": "Pilot Resident (Resident)", "history_date": "2026-05-12T22:22:56.718507+00:00"}	\N	f	2026-05-12 22:22:56.721182+00	\N	\N
140	update	HistoricalTrainingProgram:8			{"history_id": 8, "object_repr": "Active Surface Baseline Programme (ACTIVE-BASELINE)", "history_date": "2026-05-12T22:22:56.745358+00:00"}	\N	f	2026-05-12 22:22:56.748583+00	\N	\N
141	update	HistoricalResidentTrainingRecord:24			{"history_id": 24, "object_repr": "Pilot PG – ACTIVE-BASELINE", "history_date": "2026-05-12T22:22:56.785804+00:00"}	\N	f	2026-05-12 22:22:56.792172+00	\N	\N
142	update	HistoricalResidentTrainingRecord:25			{"history_id": 25, "object_repr": "Pilot Resident – ACTIVE-BASELINE", "history_date": "2026-05-12T22:22:56.824820+00:00"}	\N	f	2026-05-12 22:22:56.828524+00	\N	\N
143	update	HistoricalUser:74			{"history_id": 74, "object_repr": "E2E Admin (Admin)", "history_date": "2026-05-12T22:23:00.775695+00:00"}	\N	f	2026-05-12 22:23:00.780478+00	\N	\N
144	update	HistoricalUser:75			{"history_id": 75, "object_repr": "E2E UTRMC User (UTRMC User)", "history_date": "2026-05-12T22:23:01.270250+00:00"}	\N	f	2026-05-12 22:23:01.272375+00	\N	\N
145	update	HistoricalUser:76			{"history_id": 76, "object_repr": "E2E UTRMC Admin (UTRMC Admin)", "history_date": "2026-05-12T22:23:01.728718+00:00"}	\N	f	2026-05-12 22:23:01.731166+00	\N	\N
146	update	HistoricalUser:77			{"history_id": 77, "object_repr": "E2E Supervisor (Supervisor)", "history_date": "2026-05-12T22:23:02.233990+00:00"}	\N	f	2026-05-12 22:23:02.236153+00	\N	\N
147	update	HistoricalUser:78			{"history_id": 78, "object_repr": "E2E PG (Postgraduate)", "history_date": "2026-05-12T22:23:02.645238+00:00"}	\N	f	2026-05-12 22:23:02.647859+00	\N	\N
148	update	HistoricalUser:79			{"history_id": 79, "object_repr": "Feature Supervisor (Supervisor)", "history_date": "2026-05-12T22:23:03.122495+00:00"}	\N	f	2026-05-12 22:23:03.124711+00	\N	\N
149	update	HistoricalUser:80			{"history_id": 80, "object_repr": "Feature HOD (Supervisor)", "history_date": "2026-05-12T22:23:03.616337+00:00"}	\N	f	2026-05-12 22:23:03.618346+00	\N	\N
150	update	HistoricalUser:81			{"history_id": 81, "object_repr": "Feature Resident (Postgraduate)", "history_date": "2026-05-12T22:23:04.087998+00:00"}	\N	f	2026-05-12 22:23:04.090193+00	\N	\N
151	update	HistoricalUser:82			{"history_id": 82, "object_repr": "Feature UTRMC Admin (UTRMC Admin)", "history_date": "2026-05-12T22:23:04.523257+00:00"}	\N	f	2026-05-12 22:23:04.526135+00	\N	\N
152	update	HistoricalUser:83			{"history_id": 83, "object_repr": "Feature UTRMC Staff (UTRMC User)", "history_date": "2026-05-12T22:23:04.981250+00:00"}	\N	f	2026-05-12 22:23:04.983746+00	\N	\N
153	update	HistoricalUser:84			{"history_id": 84, "object_repr": "Feature Negative (Postgraduate)", "history_date": "2026-05-12T22:23:05.469945+00:00"}	\N	f	2026-05-12 22:23:05.471972+00	\N	\N
154	update	HistoricalTrainingProgram:9			{"history_id": 9, "object_repr": "E2E Baseline FCPS Program (E2E-FCPS)", "history_date": "2026-05-12T22:23:05.524736+00:00"}	\N	f	2026-05-12 22:23:05.527725+00	\N	\N
155	update	HistoricalProgramMilestone:7			{"history_id": 7, "object_repr": "E2E-FCPS – Intermediate Membership (iMM)", "history_date": "2026-05-12T22:23:05.532750+00:00"}	\N	f	2026-05-12 22:23:05.536599+00	\N	\N
156	update	HistoricalProgramMilestone:8			{"history_id": 8, "object_repr": "E2E-FCPS – Final Examination", "history_date": "2026-05-12T22:23:05.540010+00:00"}	\N	f	2026-05-12 22:23:05.542432+00	\N	\N
157	update	HistoricalProgramMilestoneResearchRequirement:7			{"history_id": 7, "object_repr": "Research req: E2E-FCPS – Intermediate Membership (iMM)", "history_date": "2026-05-12T22:23:05.546727+00:00"}	\N	f	2026-05-12 22:23:05.552106+00	\N	\N
158	update	HistoricalProgramMilestoneResearchRequirement:8			{"history_id": 8, "object_repr": "Research req: E2E-FCPS – Final Examination", "history_date": "2026-05-12T22:23:05.555561+00:00"}	\N	f	2026-05-12 22:23:05.559318+00	\N	\N
159	update	HistoricalResidentTrainingRecord:26			{"history_id": 26, "object_repr": "E2E PG – E2E-FCPS", "history_date": "2026-05-12T22:23:05.574724+00:00"}	\N	f	2026-05-12 22:23:05.581605+00	\N	\N
160	update	HistoricalResidentTrainingRecord:27			{"history_id": 27, "object_repr": "Feature Resident – E2E-FCPS", "history_date": "2026-05-12T22:23:05.587090+00:00"}	\N	f	2026-05-12 22:23:05.591745+00	\N	\N
161	update	HistoricalResidentTrainingRecord:28			{"history_id": 28, "object_repr": "Feature Negative – E2E-FCPS", "history_date": "2026-05-12T22:23:05.597158+00:00"}	\N	f	2026-05-12 22:23:05.601764+00	\N	\N
162	update	HistoricalResidentResearchProject:4			{"history_id": 4, "object_repr": "E2E PG – E2E-FCPS – Research: E2E Baseline Research Project", "history_date": "2026-05-12T22:23:05.632573+00:00"}	\N	f	2026-05-12 22:23:05.641214+00	\N	\N
163	update	HistoricalProgramRotationRequirement:4			{"history_id": 4, "object_repr": "E2E-FCPS:MED:4w", "history_date": "2026-05-12T22:23:05.703121+00:00"}	\N	f	2026-05-12 22:23:05.708008+00	\N	\N
164	update	HistoricalLogbookThresholdConfig:7			{"history_id": 7, "object_repr": "E2E Logbook Threshold Per Rotation (PER_ROTATION)", "history_date": "2026-05-12T22:23:05.711742+00:00"}	\N	f	2026-05-12 22:23:05.714318+00	\N	\N
165	update	HistoricalLogbookThresholdConfig:8			{"history_id": 8, "object_repr": "E2E Logbook Threshold Per 30 Days (PER_PERIOD)", "history_date": "2026-05-12T22:23:05.717504+00:00"}	\N	f	2026-05-12 22:23:05.71878+00	\N	\N
166	update	HistoricalSubmissionRequirementTemplate:13			{"history_id": 13, "object_repr": "SYNOPSIS:SYN-PROPOSAL", "history_date": "2026-05-12T22:23:05.725306+00:00"}	\N	f	2026-05-12 22:23:05.72807+00	\N	\N
167	update	HistoricalSubmissionRequirementTemplate:14			{"history_id": 14, "object_repr": "SYNOPSIS:SYN-ETHICS", "history_date": "2026-05-12T22:23:05.732193+00:00"}	\N	f	2026-05-12 22:23:05.733565+00	\N	\N
168	update	HistoricalSubmissionRequirementTemplate:15			{"history_id": 15, "object_repr": "THESIS:THS-MANUSCRIPT", "history_date": "2026-05-12T22:23:05.737358+00:00"}	\N	f	2026-05-12 22:23:05.738629+00	\N	\N
169	update	HistoricalSubmissionRequirementTemplate:16			{"history_id": 16, "object_repr": "THESIS:THS-SIMILARITY", "history_date": "2026-05-12T22:23:05.742182+00:00"}	\N	f	2026-05-12 22:23:05.74342+00	\N	\N
170	update	HistoricalUser:85			{"history_id": 85, "object_repr": "Feature Resident (Postgraduate)", "history_date": "2026-05-12T22:23:12.393309+00:00"}	\N	f	2026-05-12 22:23:12.396262+00	\N	\N
171	update	HistoricalUser:86			{"history_id": 86, "object_repr": "Feature Supervisor (Supervisor)", "history_date": "2026-05-12T22:23:13.509228+00:00"}	\N	f	2026-05-12 22:23:13.512767+00	\N	\N
175	create	HistoricalLogbookEntry:1			{"history_id": 1, "object_repr": "LogbookEntry<13:DRAFT>", "history_date": "2026-05-12T22:23:22.472369+00:00"}	\N	f	2026-05-12 22:23:22.479311+00	30	\N
180	update	HistoricalLogbookEntry:5			{"history_id": 5, "object_repr": "LogbookEntry<13:APPROVED>", "history_date": "2026-05-12T22:23:25.243020+00:00"}	\N	f	2026-05-12 22:23:25.246282+00	28	\N
181	create	HistoricalLogbookReview:2			{"history_id": 2, "object_repr": "LogbookReview<1:APPROVED>", "history_date": "2026-05-12T22:23:25.251185+00:00"}	\N	f	2026-05-12 22:23:25.255418+00	28	\N
172	update	HistoricalUser:87			{"history_id": 87, "object_repr": "Feature HOD (Supervisor)", "history_date": "2026-05-12T22:23:14.620556+00:00"}	\N	f	2026-05-12 22:23:14.624627+00	\N	\N
176	update	HistoricalLogbookEntry:2			{"history_id": 2, "object_repr": "LogbookEntry<13:SUBMITTED>", "history_date": "2026-05-12T22:23:22.861278+00:00"}	\N	f	2026-05-12 22:23:22.866885+00	30	\N
177	update	HistoricalLogbookEntry:3			{"history_id": 3, "object_repr": "LogbookEntry<13:RETURNED>", "history_date": "2026-05-12T22:23:23.740554+00:00"}	\N	f	2026-05-12 22:23:23.744053+00	28	\N
178	create	HistoricalLogbookReview:1			{"history_id": 1, "object_repr": "LogbookReview<1:RETURNED>", "history_date": "2026-05-12T22:23:23.749582+00:00"}	\N	f	2026-05-12 22:23:23.754748+00	28	\N
184	update	HistoricalLogbookEntry:7			{"history_id": 7, "object_repr": "LogbookEntry<14:SUBMITTED>", "history_date": "2026-05-12T22:23:29.400241+00:00"}	\N	f	2026-05-12 22:23:29.403497+00	33	\N
187	update	HistoricalUser:93			{"history_id": 93, "object_repr": "E2E Supervisor (Supervisor)", "history_date": "2026-05-12T22:23:45.849107+00:00"}	\N	f	2026-05-12 22:23:45.852362+00	\N	\N
173	update	HistoricalUser:88			{"history_id": 88, "object_repr": "Feature UTRMC Admin (UTRMC Admin)", "history_date": "2026-05-12T22:23:15.577543+00:00"}	\N	f	2026-05-12 22:23:15.581559+00	\N	\N
174	update	HistoricalUser:89			{"history_id": 89, "object_repr": "Feature UTRMC Staff (UTRMC User)", "history_date": "2026-05-12T22:23:16.828595+00:00"}	\N	f	2026-05-12 22:23:16.834659+00	\N	\N
179	update	HistoricalLogbookEntry:4			{"history_id": 4, "object_repr": "LogbookEntry<13:SUBMITTED>", "history_date": "2026-05-12T22:23:24.592700+00:00"}	\N	f	2026-05-12 22:23:24.598509+00	30	\N
182	update	HistoricalUser:90			{"history_id": 90, "object_repr": "Feature Negative (Postgraduate)", "history_date": "2026-05-12T22:23:28.968694+00:00"}	\N	f	2026-05-12 22:23:28.972097+00	\N	\N
183	create	HistoricalLogbookEntry:6			{"history_id": 6, "object_repr": "LogbookEntry<14:DRAFT>", "history_date": "2026-05-12T22:23:29.344487+00:00"}	\N	f	2026-05-12 22:23:29.351458+00	33	\N
185	update	HistoricalUser:91			{"history_id": 91, "object_repr": "E2E Admin (Admin)", "history_date": "2026-05-12T22:23:40.232058+00:00"}	\N	f	2026-05-12 22:23:40.235049+00	\N	\N
186	update	HistoricalUser:92			{"history_id": 92, "object_repr": "E2E UTRMC Admin (UTRMC Admin)", "history_date": "2026-05-12T22:23:43.886311+00:00"}	\N	f	2026-05-12 22:23:43.890128+00	\N	\N
188	update	HistoricalUser:94			{"history_id": 94, "object_repr": "E2E PG (Postgraduate)", "history_date": "2026-05-12T22:23:47.590830+00:00"}	\N	f	2026-05-12 22:23:47.59382+00	\N	\N
189	update	HistoricalUser:95			{"history_id": 95, "object_repr": "E2E UTRMC Admin (UTRMC Admin)", "history_date": "2026-05-12T22:23:51.274007+00:00"}	\N	f	2026-05-12 22:23:51.277343+00	\N	\N
190	update	HistoricalUser:96			{"history_id": 96, "object_repr": "E2E Supervisor (Supervisor)", "history_date": "2026-05-12T22:23:56.812525+00:00"}	\N	f	2026-05-12 22:23:56.81518+00	\N	\N
191	update	HistoricalUser:97			{"history_id": 97, "object_repr": "E2E PG (Postgraduate)", "history_date": "2026-05-12T22:23:58.238404+00:00"}	\N	f	2026-05-12 22:23:58.241866+00	\N	\N
192	update	HistoricalUser:98			{"history_id": 98, "object_repr": "E2E UTRMC Admin (UTRMC Admin)", "history_date": "2026-05-12T22:24:03.830828+00:00"}	\N	f	2026-05-12 22:24:03.83399+00	\N	\N
193	update	HistoricalUser:99			{"history_id": 99, "object_repr": "E2E PG (Postgraduate)", "history_date": "2026-05-12T22:24:06.635076+00:00"}	\N	f	2026-05-12 22:24:06.637807+00	\N	\N
194	create	HistoricalLeaveRequest:1			{"history_id": 1, "object_repr": "E2E PG – E2E-FCPS | Study Leave 2026-04-10→2026-04-12 [DRAFT]", "history_date": "2026-05-12T22:24:07.562601+00:00"}	\N	f	2026-05-12 22:24:07.573933+00	27	\N
195	update	HistoricalLeaveRequest:2			{"history_id": 2, "object_repr": "E2E PG – E2E-FCPS | Study Leave 2026-04-10→2026-04-12 [SUBMITTED]", "history_date": "2026-05-12T22:24:07.878264+00:00"}	\N	f	2026-05-12 22:24:07.884651+00	27	\N
196	update	HistoricalUser:100			{"history_id": 100, "object_repr": "E2E Supervisor (Supervisor)", "history_date": "2026-05-12T22:24:08.667284+00:00"}	\N	f	2026-05-12 22:24:08.670149+00	\N	\N
197	update	HistoricalLeaveRequest:3			{"history_id": 3, "object_repr": "E2E PG – E2E-FCPS | Study Leave 2026-04-10→2026-04-12 [APPROVED]", "history_date": "2026-05-12T22:24:09.063109+00:00"}	\N	f	2026-05-12 22:24:09.069685+00	26	\N
198	update	HistoricalUser:101			{"history_id": 101, "object_repr": "Feature Resident (Postgraduate)", "history_date": "2026-05-12T22:24:12.101006+00:00"}	\N	f	2026-05-12 22:24:12.104498+00	\N	\N
199	update	HistoricalUser:102			{"history_id": 102, "object_repr": "Feature Supervisor (Supervisor)", "history_date": "2026-05-12T22:24:13.293827+00:00"}	\N	f	2026-05-12 22:24:13.299636+00	\N	\N
200	update	HistoricalUser:103			{"history_id": 103, "object_repr": "Feature HOD (Supervisor)", "history_date": "2026-05-12T22:24:14.407268+00:00"}	\N	f	2026-05-12 22:24:14.411451+00	\N	\N
201	update	HistoricalUser:104			{"history_id": 104, "object_repr": "Feature UTRMC Admin (UTRMC Admin)", "history_date": "2026-05-12T22:24:15.472605+00:00"}	\N	f	2026-05-12 22:24:15.475462+00	\N	\N
202	update	HistoricalUser:105			{"history_id": 105, "object_repr": "Feature UTRMC Staff (UTRMC User)", "history_date": "2026-05-12T22:24:16.620891+00:00"}	\N	f	2026-05-12 22:24:16.623651+00	\N	\N
203	create	HistoricalLogbookEntry:8			{"history_id": 8, "object_repr": "LogbookEntry<13:DRAFT>", "history_date": "2026-05-12T22:24:21.735993+00:00"}	\N	f	2026-05-12 22:24:21.739576+00	30	\N
204	update	HistoricalLogbookEntry:9			{"history_id": 9, "object_repr": "LogbookEntry<13:SUBMITTED>", "history_date": "2026-05-12T22:24:22.066829+00:00"}	\N	f	2026-05-12 22:24:22.070187+00	30	\N
205	update	HistoricalLogbookEntry:10			{"history_id": 10, "object_repr": "LogbookEntry<13:RETURNED>", "history_date": "2026-05-12T22:24:22.849552+00:00"}	\N	f	2026-05-12 22:24:22.853308+00	28	\N
206	create	HistoricalLogbookReview:3			{"history_id": 3, "object_repr": "LogbookReview<3:RETURNED>", "history_date": "2026-05-12T22:24:22.859487+00:00"}	\N	f	2026-05-12 22:24:22.86413+00	28	\N
207	update	HistoricalLogbookEntry:11			{"history_id": 11, "object_repr": "LogbookEntry<13:SUBMITTED>", "history_date": "2026-05-12T22:24:23.823307+00:00"}	\N	f	2026-05-12 22:24:23.828559+00	30	\N
208	update	HistoricalLogbookEntry:12			{"history_id": 12, "object_repr": "LogbookEntry<13:APPROVED>", "history_date": "2026-05-12T22:24:24.438415+00:00"}	\N	f	2026-05-12 22:24:24.442096+00	28	\N
209	create	HistoricalLogbookReview:4			{"history_id": 4, "object_repr": "LogbookReview<3:APPROVED>", "history_date": "2026-05-12T22:24:24.446810+00:00"}	\N	f	2026-05-12 22:24:24.449774+00	28	\N
210	update	HistoricalUser:106			{"history_id": 106, "object_repr": "Feature Negative (Postgraduate)", "history_date": "2026-05-12T22:24:28.129427+00:00"}	\N	f	2026-05-12 22:24:28.133204+00	\N	\N
211	create	HistoricalLogbookEntry:13			{"history_id": 13, "object_repr": "LogbookEntry<14:DRAFT>", "history_date": "2026-05-12T22:24:28.509117+00:00"}	\N	f	2026-05-12 22:24:28.512311+00	33	\N
212	update	HistoricalLogbookEntry:14			{"history_id": 14, "object_repr": "LogbookEntry<14:SUBMITTED>", "history_date": "2026-05-12T22:24:28.577784+00:00"}	\N	f	2026-05-12 22:24:28.581404+00	33	\N
213	update	HistoricalUser:107			{"history_id": 107, "object_repr": "E2E UTRMC Admin (UTRMC Admin)", "history_date": "2026-05-12T22:24:34.167209+00:00"}	\N	f	2026-05-12 22:24:34.170321+00	\N	\N
214	update	HistoricalUser:108			{"history_id": 108, "object_repr": "E2E Supervisor (Supervisor)", "history_date": "2026-05-12T22:24:35.824207+00:00"}	\N	f	2026-05-12 22:24:35.827186+00	\N	\N
215	update	HistoricalUser:109			{"history_id": 109, "object_repr": "E2E PG (Postgraduate)", "history_date": "2026-05-12T22:24:37.140799+00:00"}	\N	f	2026-05-12 22:24:37.144324+00	\N	\N
216	update	HistoricalUser:110			{"history_id": 110, "object_repr": "E2E PG (Postgraduate)", "history_date": "2026-05-12T22:24:45.571518+00:00"}	\N	f	2026-05-12 22:24:45.574824+00	\N	\N
217	update	HistoricalUser:111			{"history_id": 111, "object_repr": "E2E Supervisor (Supervisor)", "history_date": "2026-05-12T22:24:49.336413+00:00"}	\N	f	2026-05-12 22:24:49.339489+00	\N	\N
221	update	HistoricalUser:114			{"history_id": 114, "object_repr": "E2E UTRMC Admin (UTRMC Admin)", "history_date": "2026-05-12T22:25:09.231589+00:00"}	\N	f	2026-05-12 22:25:09.23569+00	\N	\N
224	update	HistoricalUser:117			{"history_id": 117, "object_repr": "E2E UTRMC Admin (UTRMC Admin)", "history_date": "2026-05-12T22:25:28.478397+00:00"}	\N	f	2026-05-12 22:25:28.481348+00	\N	\N
227	update	HistoricalUser:120			{"history_id": 120, "object_repr": "E2E UTRMC User (UTRMC User)", "history_date": "2026-05-12T22:25:43.938193+00:00"}	\N	f	2026-05-12 22:25:43.941689+00	\N	\N
238	create	HistoricalProgramMilestoneResearchRequirement:9			{"history_id": 9, "object_repr": "Research req: PROG-p6-1778624832297 – Intermediate Membership (iMM)", "history_date": "2026-05-12T22:27:13.397290+00:00"}	\N	f	2026-05-12 22:27:13.405266+00	23	\N
239	update	HistoricalProgramMilestoneResearchRequirement:10			{"history_id": 10, "object_repr": "Research req: PROG-p6-1778624832297 – Intermediate Membership (iMM)", "history_date": "2026-05-12T22:27:13.412948+00:00"}	\N	f	2026-05-12 22:27:13.415719+00	23	\N
246	update	HistoricalUser:132			{"history_id": 132, "object_repr": "E2E Supervisor (Supervisor)", "history_date": "2026-05-12T22:27:15.701063+00:00"}	\N	f	2026-05-12 22:27:15.704014+00	\N	\N
247	create	HistoricalTrainingProgram:11			{"history_id": 11, "object_repr": "Policy Test Program pol-1778624836534 (POLI-pol-1778624836534)", "history_date": "2026-05-12T22:27:17.065921+00:00"}	\N	f	2026-05-12 22:27:17.072447+00	23	\N
248	create	HistoricalProgramPolicy:2			{"history_id": 2, "object_repr": "Policy: POLI-pol-1778624836534", "history_date": "2026-05-12T22:27:17.216979+00:00"}	\N	f	2026-05-12 22:27:17.224609+00	23	\N
256	update	HistoricalUser:139			{"history_id": 139, "object_repr": "Res User (Resident)", "history_date": "2026-05-12T22:27:36.001648+00:00"}	\N	f	2026-05-12 22:27:36.004529+00	\N	\N
218	update	HistoricalUser:112			{"history_id": 112, "object_repr": "E2E UTRMC Admin (UTRMC Admin)", "history_date": "2026-05-12T22:24:53.255342+00:00"}	\N	f	2026-05-12 22:24:53.260157+00	\N	\N
219	update	HistoricalUser:113			{"history_id": 113, "object_repr": "E2E UTRMC User (UTRMC User)", "history_date": "2026-05-12T22:24:58.787573+00:00"}	\N	f	2026-05-12 22:24:58.790415+00	\N	\N
220	create	HistoricalProgramPolicy:1			{"history_id": 1, "object_repr": "Policy: ACTIVE-BASELINE", "history_date": "2026-05-12T22:25:06.221286+00:00"}	\N	f	2026-05-12 22:25:06.229565+00	24	\N
222	update	HistoricalUser:115			{"history_id": 115, "object_repr": "E2E Supervisor (Supervisor)", "history_date": "2026-05-12T22:25:19.714727+00:00"}	\N	f	2026-05-12 22:25:19.719318+00	\N	\N
223	update	HistoricalUser:116			{"history_id": 116, "object_repr": "E2E PG (Postgraduate)", "history_date": "2026-05-12T22:25:22.575230+00:00"}	\N	f	2026-05-12 22:25:22.580461+00	\N	\N
225	update	HistoricalUser:118			{"history_id": 118, "object_repr": "E2E Supervisor (Supervisor)", "history_date": "2026-05-12T22:25:36.961484+00:00"}	\N	f	2026-05-12 22:25:36.964578+00	\N	\N
226	update	HistoricalUser:119			{"history_id": 119, "object_repr": "E2E PG (Postgraduate)", "history_date": "2026-05-12T22:25:38.933866+00:00"}	\N	f	2026-05-12 22:25:38.936511+00	\N	\N
229	update	HistoricalUser:122			{"history_id": 122, "object_repr": "E2E PG (Postgraduate)", "history_date": "2026-05-12T22:26:06.673990+00:00"}	\N	f	2026-05-12 22:26:06.676896+00	\N	\N
230	update	HistoricalUser:123			{"history_id": 123, "object_repr": "E2E Supervisor (Supervisor)", "history_date": "2026-05-12T22:26:11.150626+00:00"}	\N	f	2026-05-12 22:26:11.15347+00	\N	\N
231	update	HistoricalUser:124			{"history_id": 124, "object_repr": "E2E Admin (Admin)", "history_date": "2026-05-12T22:26:17.836746+00:00"}	\N	f	2026-05-12 22:26:17.841226+00	\N	\N
232	update	HistoricalUser:125			{"history_id": 125, "object_repr": "E2E UTRMC Admin (UTRMC Admin)", "history_date": "2026-05-12T22:26:23.049726+00:00"}	\N	f	2026-05-12 22:26:23.053175+00	\N	\N
233	update	HistoricalUser:126			{"history_id": 126, "object_repr": "E2E UTRMC Admin (UTRMC Admin)", "history_date": "2026-05-12T22:26:34.518711+00:00"}	\N	f	2026-05-12 22:26:34.521553+00	\N	\N
235	update	HistoricalUser:128			{"history_id": 128, "object_repr": "E2E Supervisor (Supervisor)", "history_date": "2026-05-12T22:26:41.249231+00:00"}	\N	f	2026-05-12 22:26:41.252683+00	\N	\N
236	create	HistoricalTrainingProgram:10			{"history_id": 10, "object_repr": "Test Program p6-1778624832297 (PROG-p6-1778624832297)", "history_date": "2026-05-12T22:27:13.200930+00:00"}	\N	f	2026-05-12 22:27:13.206811+00	23	\N
237	create	HistoricalProgramMilestone:9			{"history_id": 9, "object_repr": "PROG-p6-1778624832297 – Intermediate Membership (iMM)", "history_date": "2026-05-12T22:27:13.279196+00:00"}	\N	f	2026-05-12 22:27:13.288481+00	23	\N
240	create	HistoricalUser:129			{"history_id": 129, "object_repr": "E2E Supervisor (Supervisor)", "history_date": "2026-05-12T22:27:13.902069+00:00"}	\N	f	2026-05-12 22:27:13.905566+00	23	\N
242	create	HistoricalResidentTrainingRecord:29			{"history_id": 29, "object_repr": "E2E Resident – PROG-p6-1778624832297", "history_date": "2026-05-12T22:27:14.617154+00:00"}	\N	f	2026-05-12 22:27:14.622472+00	23	\N
244	create	HistoricalResidentResearchProject:5			{"history_id": 5, "object_repr": "E2E Resident – PROG-p6-1778624832297 – Research: E2E Research p6-1778624832297", "history_date": "2026-05-12T22:27:15.083803+00:00"}	\N	f	2026-05-12 22:27:15.098719+00	35	\N
250	update	HistoricalUser:133			{"history_id": 133, "object_repr": "E2E UTRMC User (UTRMC User)", "history_date": "2026-05-12T22:27:18.948357+00:00"}	\N	f	2026-05-12 22:27:18.951133+00	\N	\N
251	update	HistoricalUser:134			{"history_id": 134, "object_repr": "E2E Supervisor (Supervisor)", "history_date": "2026-05-12T22:27:30.402630+00:00"}	\N	f	2026-05-12 22:27:30.407687+00	\N	\N
252	update	HistoricalUser:135			{"history_id": 135, "object_repr": "E2E Admin (Admin)", "history_date": "2026-05-12T22:27:31.494926+00:00"}	\N	f	2026-05-12 22:27:31.498024+00	\N	\N
253	update	HistoricalUser:136			{"history_id": 136, "object_repr": "E2E UTRMC Admin (UTRMC Admin)", "history_date": "2026-05-12T22:27:32.786650+00:00"}	\N	f	2026-05-12 22:27:32.789833+00	\N	\N
254	create	HistoricalUser:137			{"history_id": 137, "object_repr": "Sup User (Supervisor)", "history_date": "2026-05-12T22:27:33.835580+00:00"}	\N	f	2026-05-12 22:27:33.838596+00	25	\N
255	create	HistoricalUser:138			{"history_id": 138, "object_repr": "Res User (Resident)", "history_date": "2026-05-12T22:27:34.375611+00:00"}	\N	f	2026-05-12 22:27:34.378799+00	25	\N
228	update	HistoricalUser:121			{"history_id": 121, "object_repr": "E2E PG (Postgraduate)", "history_date": "2026-05-12T22:25:47.412728+00:00"}	\N	f	2026-05-12 22:25:47.416628+00	\N	\N
234	update	HistoricalUser:127			{"history_id": 127, "object_repr": "E2E PG (Postgraduate)", "history_date": "2026-05-12T22:26:39.427389+00:00"}	\N	f	2026-05-12 22:26:39.431329+00	\N	\N
241	create	HistoricalUser:130			{"history_id": 130, "object_repr": "E2E Resident (Postgraduate)", "history_date": "2026-05-12T22:27:14.496331+00:00"}	\N	f	2026-05-12 22:27:14.504846+00	23	\N
243	update	HistoricalUser:131			{"history_id": 131, "object_repr": "E2E Resident (Postgraduate)", "history_date": "2026-05-12T22:27:15.051491+00:00"}	\N	f	2026-05-12 22:27:15.054164+00	\N	\N
245	update	HistoricalResidentResearchProject:6			{"history_id": 6, "object_repr": "E2E Resident – PROG-p6-1778624832297 – Research: E2E Research p6-1778624832297", "history_date": "2026-05-12T22:27:15.183292+00:00"}	\N	f	2026-05-12 22:27:15.192982+00	35	\N
249	update	HistoricalProgramPolicy:3			{"history_id": 3, "object_repr": "Policy: POLI-pol-1778624836534", "history_date": "2026-05-12T22:27:17.323001+00:00"}	\N	f	2026-05-12 22:27:17.335244+00	23	\N
257	update	HistoricalUser:140			{"history_id": 140, "object_repr": "E2E Admin (Admin)", "history_date": "2026-05-12T22:32:14.692764+00:00"}	\N	f	2026-05-12 22:32:14.696766+00	\N	\N
258	create	HistoricalTrainingProgram:12			{"history_id": 12, "object_repr": "Test Program p6-1778625164763 (PROG-p6-1778625164763)", "history_date": "2026-05-12T22:32:45.310339+00:00"}	\N	f	2026-05-12 22:32:45.313586+00	23	\N
259	create	HistoricalProgramMilestone:10			{"history_id": 10, "object_repr": "PROG-p6-1778625164763 – Intermediate Membership (iMM)", "history_date": "2026-05-12T22:32:45.576442+00:00"}	\N	f	2026-05-12 22:32:45.583372+00	23	\N
260	create	HistoricalProgramMilestoneResearchRequirement:11			{"history_id": 11, "object_repr": "Research req: PROG-p6-1778625164763 – Intermediate Membership (iMM)", "history_date": "2026-05-12T22:32:45.659853+00:00"}	\N	f	2026-05-12 22:32:45.688316+00	23	\N
261	update	HistoricalProgramMilestoneResearchRequirement:12			{"history_id": 12, "object_repr": "Research req: PROG-p6-1778625164763 – Intermediate Membership (iMM)", "history_date": "2026-05-12T22:32:45.699003+00:00"}	\N	f	2026-05-12 22:32:45.702928+00	23	\N
262	create	HistoricalUser:141			{"history_id": 141, "object_repr": "E2E Supervisor (Supervisor)", "history_date": "2026-05-12T22:32:46.220341+00:00"}	\N	f	2026-05-12 22:32:46.223921+00	23	\N
263	create	HistoricalUser:142			{"history_id": 142, "object_repr": "E2E Resident (Postgraduate)", "history_date": "2026-05-12T22:32:46.775517+00:00"}	\N	f	2026-05-12 22:32:46.778686+00	23	\N
264	create	HistoricalResidentTrainingRecord:30			{"history_id": 30, "object_repr": "E2E Resident – PROG-p6-1778625164763", "history_date": "2026-05-12T22:32:46.827757+00:00"}	\N	f	2026-05-12 22:32:46.832333+00	23	\N
265	update	HistoricalUser:143			{"history_id": 143, "object_repr": "E2E Resident (Postgraduate)", "history_date": "2026-05-12T22:32:47.339426+00:00"}	\N	f	2026-05-12 22:32:47.344418+00	\N	\N
266	create	HistoricalResidentResearchProject:7			{"history_id": 7, "object_repr": "E2E Resident – PROG-p6-1778625164763 – Research: E2E Research p6-1778625164763", "history_date": "2026-05-12T22:32:47.377906+00:00"}	\N	f	2026-05-12 22:32:47.385057+00	39	\N
267	update	HistoricalResidentResearchProject:8			{"history_id": 8, "object_repr": "E2E Resident – PROG-p6-1778625164763 – Research: E2E Research p6-1778625164763", "history_date": "2026-05-12T22:32:47.434970+00:00"}	\N	f	2026-05-12 22:32:47.440003+00	39	\N
268	update	HistoricalUser:144			{"history_id": 144, "object_repr": "E2E Supervisor (Supervisor)", "history_date": "2026-05-12T22:32:48.032584+00:00"}	\N	f	2026-05-12 22:32:48.035393+00	\N	\N
269	create	HistoricalTrainingProgram:13			{"history_id": 13, "object_repr": "Policy Test Program pol-1778625168775 (POLI-pol-1778625168775)", "history_date": "2026-05-12T22:32:49.481184+00:00"}	\N	f	2026-05-12 22:32:49.488661+00	23	\N
270	create	HistoricalProgramPolicy:4			{"history_id": 4, "object_repr": "Policy: POLI-pol-1778625168775", "history_date": "2026-05-12T22:32:49.561835+00:00"}	\N	f	2026-05-12 22:32:49.566297+00	23	\N
271	update	HistoricalProgramPolicy:5			{"history_id": 5, "object_repr": "Policy: POLI-pol-1778625168775", "history_date": "2026-05-12T22:32:49.617531+00:00"}	\N	f	2026-05-12 22:32:49.625622+00	23	\N
272	update	HistoricalUser:145			{"history_id": 145, "object_repr": "E2E UTRMC User (UTRMC User)", "history_date": "2026-05-12T22:32:51.247358+00:00"}	\N	f	2026-05-12 22:32:51.250429+00	\N	\N
273	update	HistoricalUser:146			{"history_id": 146, "object_repr": "E2E Supervisor (Supervisor)", "history_date": "2026-05-12T22:33:02.842269+00:00"}	\N	f	2026-05-12 22:33:02.845645+00	\N	\N
274	update	HistoricalUser:147			{"history_id": 147, "object_repr": "E2E Admin (Admin)", "history_date": "2026-05-12T22:33:03.911107+00:00"}	\N	f	2026-05-12 22:33:03.914177+00	\N	\N
275	update	HistoricalUser:148			{"history_id": 148, "object_repr": "E2E UTRMC Admin (UTRMC Admin)", "history_date": "2026-05-12T22:33:05.441576+00:00"}	\N	f	2026-05-12 22:33:05.444958+00	\N	\N
276	create	HistoricalUser:149			{"history_id": 149, "object_repr": "Sup User (Supervisor)", "history_date": "2026-05-12T22:33:06.531482+00:00"}	\N	f	2026-05-12 22:33:06.535961+00	25	\N
277	create	HistoricalUser:150			{"history_id": 150, "object_repr": "Res User (Resident)", "history_date": "2026-05-12T22:33:07.036313+00:00"}	\N	f	2026-05-12 22:33:07.040446+00	25	\N
278	update	HistoricalUser:151			{"history_id": 151, "object_repr": "Res User (Resident)", "history_date": "2026-05-12T22:33:08.427671+00:00"}	\N	f	2026-05-12 22:33:08.431194+00	\N	\N
279	update	HistoricalUser:152			{"history_id": 152, "object_repr": "Pilot Admin (Admin)", "history_date": "2026-05-13T04:28:05.254107+00:00"}	\N	f	2026-05-13 04:28:05.403984+00	\N	\N
280	update	HistoricalUser:153			{"history_id": 153, "object_repr": "Pilot Supervisor (Supervisor)", "history_date": "2026-05-13T04:28:05.944628+00:00"}	\N	f	2026-05-13 04:28:05.94717+00	\N	\N
281	update	HistoricalUser:154			{"history_id": 154, "object_repr": "Pilot UTRMC Admin (UTRMC Admin)", "history_date": "2026-05-13T04:28:06.501251+00:00"}	\N	f	2026-05-13 04:28:06.503313+00	\N	\N
282	update	HistoricalUser:155			{"history_id": 155, "object_repr": "Pilot UTRMC User (UTRMC User)", "history_date": "2026-05-13T04:28:07.065257+00:00"}	\N	f	2026-05-13 04:28:07.067851+00	\N	\N
283	update	HistoricalUser:156			{"history_id": 156, "object_repr": "Pilot PG (Postgraduate)", "history_date": "2026-05-13T04:28:07.719111+00:00"}	\N	f	2026-05-13 04:28:07.721881+00	\N	\N
284	update	HistoricalUser:157			{"history_id": 157, "object_repr": "Pilot Resident (Resident)", "history_date": "2026-05-13T04:28:08.473682+00:00"}	\N	f	2026-05-13 04:28:08.475591+00	\N	\N
285	update	HistoricalTrainingProgram:14			{"history_id": 14, "object_repr": "Active Surface Baseline Programme (ACTIVE-BASELINE)", "history_date": "2026-05-13T04:28:08.609539+00:00"}	\N	f	2026-05-13 04:28:08.64648+00	\N	\N
286	update	HistoricalResidentTrainingRecord:31			{"history_id": 31, "object_repr": "Pilot PG – ACTIVE-BASELINE", "history_date": "2026-05-13T04:28:08.707467+00:00"}	\N	f	2026-05-13 04:28:08.751124+00	\N	\N
287	update	HistoricalResidentTrainingRecord:32			{"history_id": 32, "object_repr": "Pilot Resident – ACTIVE-BASELINE", "history_date": "2026-05-13T04:28:08.783492+00:00"}	\N	f	2026-05-13 04:28:08.788318+00	\N	\N
288	update	HistoricalUser:158			{"history_id": 158, "object_repr": "E2E Admin (Admin)", "history_date": "2026-05-13T04:28:13.269718+00:00"}	\N	f	2026-05-13 04:28:13.277443+00	\N	\N
289	update	HistoricalUser:159			{"history_id": 159, "object_repr": "E2E UTRMC User (UTRMC User)", "history_date": "2026-05-13T04:28:13.716597+00:00"}	\N	f	2026-05-13 04:28:13.718544+00	\N	\N
290	update	HistoricalUser:160			{"history_id": 160, "object_repr": "E2E UTRMC Admin (UTRMC Admin)", "history_date": "2026-05-13T04:28:14.269775+00:00"}	\N	f	2026-05-13 04:28:14.271798+00	\N	\N
291	update	HistoricalUser:161			{"history_id": 161, "object_repr": "E2E Supervisor (Supervisor)", "history_date": "2026-05-13T04:28:14.705222+00:00"}	\N	f	2026-05-13 04:28:14.707581+00	\N	\N
292	update	HistoricalUser:162			{"history_id": 162, "object_repr": "E2E PG (Postgraduate)", "history_date": "2026-05-13T04:28:15.305726+00:00"}	\N	f	2026-05-13 04:28:15.307931+00	\N	\N
293	update	HistoricalUser:163			{"history_id": 163, "object_repr": "Feature Supervisor (Supervisor)", "history_date": "2026-05-13T04:28:15.754170+00:00"}	\N	f	2026-05-13 04:28:15.757013+00	\N	\N
294	update	HistoricalUser:164			{"history_id": 164, "object_repr": "Feature HOD (Supervisor)", "history_date": "2026-05-13T04:28:16.354728+00:00"}	\N	f	2026-05-13 04:28:16.356722+00	\N	\N
295	update	HistoricalUser:165			{"history_id": 165, "object_repr": "Feature Resident (Postgraduate)", "history_date": "2026-05-13T04:28:17.219148+00:00"}	\N	f	2026-05-13 04:28:17.224547+00	\N	\N
296	update	HistoricalUser:166			{"history_id": 166, "object_repr": "Feature UTRMC Admin (UTRMC Admin)", "history_date": "2026-05-13T04:28:19.050131+00:00"}	\N	f	2026-05-13 04:28:19.054956+00	\N	\N
297	update	HistoricalUser:167			{"history_id": 167, "object_repr": "Feature UTRMC Staff (UTRMC User)", "history_date": "2026-05-13T04:28:20.163177+00:00"}	\N	f	2026-05-13 04:28:20.171506+00	\N	\N
298	update	HistoricalUser:168			{"history_id": 168, "object_repr": "Feature Negative (Postgraduate)", "history_date": "2026-05-13T04:28:21.404116+00:00"}	\N	f	2026-05-13 04:28:21.407947+00	\N	\N
299	update	HistoricalTrainingProgram:15			{"history_id": 15, "object_repr": "E2E Baseline FCPS Program (E2E-FCPS)", "history_date": "2026-05-13T04:28:21.644694+00:00"}	\N	f	2026-05-13 04:28:21.651485+00	\N	\N
300	update	HistoricalProgramMilestone:11			{"history_id": 11, "object_repr": "E2E-FCPS – Intermediate Membership (iMM)", "history_date": "2026-05-13T04:28:21.688184+00:00"}	\N	f	2026-05-13 04:28:21.78868+00	\N	\N
301	update	HistoricalProgramMilestone:12			{"history_id": 12, "object_repr": "E2E-FCPS – Final Examination", "history_date": "2026-05-13T04:28:21.797310+00:00"}	\N	f	2026-05-13 04:28:21.801884+00	\N	\N
302	update	HistoricalProgramMilestoneResearchRequirement:13			{"history_id": 13, "object_repr": "Research req: E2E-FCPS – Intermediate Membership (iMM)", "history_date": "2026-05-13T04:28:21.873488+00:00"}	\N	f	2026-05-13 04:28:21.90579+00	\N	\N
303	update	HistoricalProgramMilestoneResearchRequirement:14			{"history_id": 14, "object_repr": "Research req: E2E-FCPS – Final Examination", "history_date": "2026-05-13T04:28:21.946635+00:00"}	\N	f	2026-05-13 04:28:21.973743+00	\N	\N
304	update	HistoricalResidentTrainingRecord:33			{"history_id": 33, "object_repr": "E2E PG – E2E-FCPS", "history_date": "2026-05-13T04:28:22.125851+00:00"}	\N	f	2026-05-13 04:28:22.157967+00	\N	\N
305	update	HistoricalResidentTrainingRecord:34			{"history_id": 34, "object_repr": "Feature Resident – E2E-FCPS", "history_date": "2026-05-13T04:28:22.177756+00:00"}	\N	f	2026-05-13 04:28:22.189809+00	\N	\N
306	update	HistoricalResidentTrainingRecord:35			{"history_id": 35, "object_repr": "Feature Negative – E2E-FCPS", "history_date": "2026-05-13T04:28:22.228337+00:00"}	\N	f	2026-05-13 04:28:22.249955+00	\N	\N
307	delete	HistoricalLogbookReview:5			{"history_id": 5, "object_repr": "LogbookReview<3:APPROVED>", "history_date": "2026-05-13T04:28:22.396091+00:00"}	\N	f	2026-05-13 04:28:22.452847+00	\N	\N
308	delete	HistoricalLogbookReview:6			{"history_id": 6, "object_repr": "LogbookReview<3:RETURNED>", "history_date": "2026-05-13T04:28:22.457627+00:00"}	\N	f	2026-05-13 04:28:22.459814+00	\N	\N
309	delete	HistoricalLogbookReview:7			{"history_id": 7, "object_repr": "LogbookReview<1:APPROVED>", "history_date": "2026-05-13T04:28:22.460839+00:00"}	\N	f	2026-05-13 04:28:22.464763+00	\N	\N
310	delete	HistoricalLogbookReview:8			{"history_id": 8, "object_repr": "LogbookReview<1:RETURNED>", "history_date": "2026-05-13T04:28:22.465668+00:00"}	\N	f	2026-05-13 04:28:22.467111+00	\N	\N
311	delete	HistoricalLogbookEntry:15			{"history_id": 15, "object_repr": "LogbookEntry<13:APPROVED>", "history_date": "2026-05-13T04:28:22.471368+00:00"}	\N	f	2026-05-13 04:28:22.541323+00	\N	\N
312	delete	HistoricalLogbookEntry:16			{"history_id": 16, "object_repr": "LogbookEntry<13:APPROVED>", "history_date": "2026-05-13T04:28:22.545546+00:00"}	\N	f	2026-05-13 04:28:22.54825+00	\N	\N
313	delete	HistoricalLogbookEntry:17			{"history_id": 17, "object_repr": "LogbookEntry<14:SUBMITTED>", "history_date": "2026-05-13T04:28:22.642643+00:00"}	\N	f	2026-05-13 04:28:22.648328+00	\N	\N
314	delete	HistoricalLogbookEntry:18			{"history_id": 18, "object_repr": "LogbookEntry<14:SUBMITTED>", "history_date": "2026-05-13T04:28:22.649541+00:00"}	\N	f	2026-05-13 04:28:22.651445+00	\N	\N
315	update	HistoricalResidentResearchProject:9			{"history_id": 9, "object_repr": "E2E PG – E2E-FCPS – Research: E2E Baseline Research Project", "history_date": "2026-05-13T04:28:22.669024+00:00"}	\N	f	2026-05-13 04:28:22.706247+00	\N	\N
316	update	HistoricalProgramRotationRequirement:5			{"history_id": 5, "object_repr": "E2E-FCPS:MED:4w", "history_date": "2026-05-13T04:28:23.400574+00:00"}	\N	f	2026-05-13 04:28:23.459511+00	\N	\N
317	update	HistoricalLogbookThresholdConfig:9			{"history_id": 9, "object_repr": "E2E Logbook Threshold Per Rotation (PER_ROTATION)", "history_date": "2026-05-13T04:28:23.478316+00:00"}	\N	f	2026-05-13 04:28:23.50001+00	\N	\N
318	update	HistoricalLogbookThresholdConfig:10			{"history_id": 10, "object_repr": "E2E Logbook Threshold Per 30 Days (PER_PERIOD)", "history_date": "2026-05-13T04:28:23.517917+00:00"}	\N	f	2026-05-13 04:28:23.52198+00	\N	\N
319	update	HistoricalSubmissionRequirementTemplate:17			{"history_id": 17, "object_repr": "SYNOPSIS:SYN-PROPOSAL", "history_date": "2026-05-13T04:28:23.583136+00:00"}	\N	f	2026-05-13 04:28:23.60599+00	\N	\N
320	update	HistoricalSubmissionRequirementTemplate:18			{"history_id": 18, "object_repr": "SYNOPSIS:SYN-ETHICS", "history_date": "2026-05-13T04:28:23.622139+00:00"}	\N	f	2026-05-13 04:28:23.627637+00	\N	\N
321	update	HistoricalSubmissionRequirementTemplate:19			{"history_id": 19, "object_repr": "THESIS:THS-MANUSCRIPT", "history_date": "2026-05-13T04:28:23.636517+00:00"}	\N	f	2026-05-13 04:28:23.6384+00	\N	\N
322	update	HistoricalSubmissionRequirementTemplate:20			{"history_id": 20, "object_repr": "THESIS:THS-SIMILARITY", "history_date": "2026-05-13T04:28:23.645929+00:00"}	\N	f	2026-05-13 04:28:23.650494+00	\N	\N
323	update	HistoricalUser:169			{"history_id": 169, "object_repr": "Pilot Admin (Admin)", "history_date": "2026-05-13T09:26:51.676909+00:00"}	\N	f	2026-05-13 09:26:51.882792+00	\N	\N
324	update	HistoricalUser:170			{"history_id": 170, "object_repr": "Pilot Supervisor (Supervisor)", "history_date": "2026-05-13T09:26:52.511970+00:00"}	\N	f	2026-05-13 09:26:52.514411+00	\N	\N
325	update	HistoricalUser:171			{"history_id": 171, "object_repr": "Pilot UTRMC Admin (UTRMC Admin)", "history_date": "2026-05-13T09:26:53.083713+00:00"}	\N	f	2026-05-13 09:26:53.085901+00	\N	\N
326	update	HistoricalUser:172			{"history_id": 172, "object_repr": "Pilot UTRMC User (UTRMC User)", "history_date": "2026-05-13T09:26:53.687611+00:00"}	\N	f	2026-05-13 09:26:53.689596+00	\N	\N
327	update	HistoricalUser:173			{"history_id": 173, "object_repr": "Pilot PG (Postgraduate)", "history_date": "2026-05-13T09:26:54.187881+00:00"}	\N	f	2026-05-13 09:26:54.189831+00	\N	\N
328	update	HistoricalUser:174			{"history_id": 174, "object_repr": "Pilot Resident (Resident)", "history_date": "2026-05-13T09:26:54.770262+00:00"}	\N	f	2026-05-13 09:26:54.77409+00	\N	\N
329	update	HistoricalTrainingProgram:16			{"history_id": 16, "object_repr": "Active Surface Baseline Programme (ACTIVE-BASELINE)", "history_date": "2026-05-13T09:26:54.868290+00:00"}	\N	f	2026-05-13 09:26:54.898129+00	\N	\N
330	update	HistoricalResidentTrainingRecord:36			{"history_id": 36, "object_repr": "Pilot PG – ACTIVE-BASELINE", "history_date": "2026-05-13T09:26:54.963396+00:00"}	\N	f	2026-05-13 09:26:54.993981+00	\N	\N
331	update	HistoricalResidentTrainingRecord:37			{"history_id": 37, "object_repr": "Pilot Resident – ACTIVE-BASELINE", "history_date": "2026-05-13T09:26:55.022772+00:00"}	\N	f	2026-05-13 09:26:55.027772+00	\N	\N
332	update	HistoricalUser:175			{"history_id": 175, "object_repr": "E2E Admin (Admin)", "history_date": "2026-05-13T09:26:59.646845+00:00"}	\N	f	2026-05-13 09:26:59.653279+00	\N	\N
333	update	HistoricalUser:176			{"history_id": 176, "object_repr": "E2E UTRMC User (UTRMC User)", "history_date": "2026-05-13T09:27:00.169900+00:00"}	\N	f	2026-05-13 09:27:00.172796+00	\N	\N
334	update	HistoricalUser:177			{"history_id": 177, "object_repr": "E2E UTRMC Admin (UTRMC Admin)", "history_date": "2026-05-13T09:27:00.671048+00:00"}	\N	f	2026-05-13 09:27:00.675221+00	\N	\N
335	update	HistoricalUser:178			{"history_id": 178, "object_repr": "E2E Supervisor (Supervisor)", "history_date": "2026-05-13T09:27:01.236976+00:00"}	\N	f	2026-05-13 09:27:01.238981+00	\N	\N
336	update	HistoricalUser:179			{"history_id": 179, "object_repr": "E2E PG (Postgraduate)", "history_date": "2026-05-13T09:27:01.770916+00:00"}	\N	f	2026-05-13 09:27:01.772854+00	\N	\N
337	update	HistoricalUser:180			{"history_id": 180, "object_repr": "Feature Supervisor (Supervisor)", "history_date": "2026-05-13T09:27:02.351518+00:00"}	\N	f	2026-05-13 09:27:02.353557+00	\N	\N
338	update	HistoricalUser:181			{"history_id": 181, "object_repr": "Feature HOD (Supervisor)", "history_date": "2026-05-13T09:27:02.821077+00:00"}	\N	f	2026-05-13 09:27:02.823661+00	\N	\N
339	update	HistoricalUser:182			{"history_id": 182, "object_repr": "Feature Resident (Postgraduate)", "history_date": "2026-05-13T09:27:03.359267+00:00"}	\N	f	2026-05-13 09:27:03.361752+00	\N	\N
340	update	HistoricalUser:183			{"history_id": 183, "object_repr": "Feature UTRMC Admin (UTRMC Admin)", "history_date": "2026-05-13T09:27:03.872783+00:00"}	\N	f	2026-05-13 09:27:03.876061+00	\N	\N
341	update	HistoricalUser:184			{"history_id": 184, "object_repr": "Feature UTRMC Staff (UTRMC User)", "history_date": "2026-05-13T09:27:04.375125+00:00"}	\N	f	2026-05-13 09:27:04.377711+00	\N	\N
342	update	HistoricalUser:185			{"history_id": 185, "object_repr": "Feature Negative (Postgraduate)", "history_date": "2026-05-13T09:27:04.952366+00:00"}	\N	f	2026-05-13 09:27:04.95466+00	\N	\N
343	update	HistoricalTrainingProgram:17			{"history_id": 17, "object_repr": "E2E Baseline FCPS Program (E2E-FCPS)", "history_date": "2026-05-13T09:27:05.105267+00:00"}	\N	f	2026-05-13 09:27:05.108235+00	\N	\N
344	update	HistoricalProgramMilestone:13			{"history_id": 13, "object_repr": "E2E-FCPS – Intermediate Membership (iMM)", "history_date": "2026-05-13T09:27:05.144316+00:00"}	\N	f	2026-05-13 09:27:05.305461+00	\N	\N
345	update	HistoricalProgramMilestone:14			{"history_id": 14, "object_repr": "E2E-FCPS – Final Examination", "history_date": "2026-05-13T09:27:05.309865+00:00"}	\N	f	2026-05-13 09:27:05.312851+00	\N	\N
346	update	HistoricalProgramMilestoneResearchRequirement:15			{"history_id": 15, "object_repr": "Research req: E2E-FCPS – Intermediate Membership (iMM)", "history_date": "2026-05-13T09:27:05.338817+00:00"}	\N	f	2026-05-13 09:27:05.402222+00	\N	\N
347	update	HistoricalProgramMilestoneResearchRequirement:16			{"history_id": 16, "object_repr": "Research req: E2E-FCPS – Final Examination", "history_date": "2026-05-13T09:27:05.405766+00:00"}	\N	f	2026-05-13 09:27:05.409194+00	\N	\N
348	update	HistoricalResidentTrainingRecord:38			{"history_id": 38, "object_repr": "E2E PG – E2E-FCPS", "history_date": "2026-05-13T09:27:05.554568+00:00"}	\N	f	2026-05-13 09:27:05.561696+00	\N	\N
349	update	HistoricalResidentTrainingRecord:39			{"history_id": 39, "object_repr": "Feature Resident – E2E-FCPS", "history_date": "2026-05-13T09:27:05.566880+00:00"}	\N	f	2026-05-13 09:27:05.570732+00	\N	\N
350	update	HistoricalResidentTrainingRecord:40			{"history_id": 40, "object_repr": "Feature Negative – E2E-FCPS", "history_date": "2026-05-13T09:27:05.576060+00:00"}	\N	f	2026-05-13 09:27:05.580491+00	\N	\N
351	update	HistoricalResidentResearchProject:10			{"history_id": 10, "object_repr": "E2E PG – E2E-FCPS – Research: E2E Baseline Research Project", "history_date": "2026-05-13T09:27:05.881128+00:00"}	\N	f	2026-05-13 09:27:05.895751+00	\N	\N
352	update	HistoricalProgramRotationRequirement:6			{"history_id": 6, "object_repr": "E2E-FCPS:MED:4w", "history_date": "2026-05-13T09:27:06.098016+00:00"}	\N	f	2026-05-13 09:27:06.111797+00	\N	\N
353	update	HistoricalLogbookThresholdConfig:11			{"history_id": 11, "object_repr": "E2E Logbook Threshold Per Rotation (PER_ROTATION)", "history_date": "2026-05-13T09:27:06.117177+00:00"}	\N	f	2026-05-13 09:27:06.127759+00	\N	\N
354	update	HistoricalLogbookThresholdConfig:12			{"history_id": 12, "object_repr": "E2E Logbook Threshold Per 30 Days (PER_PERIOD)", "history_date": "2026-05-13T09:27:06.133118+00:00"}	\N	f	2026-05-13 09:27:06.134924+00	\N	\N
355	update	HistoricalSubmissionRequirementTemplate:21			{"history_id": 21, "object_repr": "SYNOPSIS:SYN-PROPOSAL", "history_date": "2026-05-13T09:27:06.151222+00:00"}	\N	f	2026-05-13 09:27:06.162933+00	\N	\N
356	update	HistoricalSubmissionRequirementTemplate:22			{"history_id": 22, "object_repr": "SYNOPSIS:SYN-ETHICS", "history_date": "2026-05-13T09:27:06.168459+00:00"}	\N	f	2026-05-13 09:27:06.170208+00	\N	\N
357	update	HistoricalSubmissionRequirementTemplate:23			{"history_id": 23, "object_repr": "THESIS:THS-MANUSCRIPT", "history_date": "2026-05-13T09:27:06.174276+00:00"}	\N	f	2026-05-13 09:27:06.175692+00	\N	\N
358	update	HistoricalSubmissionRequirementTemplate:24			{"history_id": 24, "object_repr": "THESIS:THS-SIMILARITY", "history_date": "2026-05-13T09:27:06.179866+00:00"}	\N	f	2026-05-13 09:27:06.181588+00	\N	\N
359	update	HistoricalUser:186			{"history_id": 186, "object_repr": "E2E UTRMC Admin (UTRMC Admin)", "history_date": "2026-05-13T09:27:23.627503+00:00"}	\N	f	2026-05-13 09:27:23.63742+00	\N	\N
360	update	HistoricalUser:187			{"history_id": 187, "object_repr": "E2E Supervisor (Supervisor)", "history_date": "2026-05-13T09:27:27.535548+00:00"}	\N	f	2026-05-13 09:27:27.540554+00	\N	\N
361	update	HistoricalUser:188			{"history_id": 188, "object_repr": "E2E PG (Postgraduate)", "history_date": "2026-05-13T09:27:29.886456+00:00"}	\N	f	2026-05-13 09:27:29.889463+00	\N	\N
362	update	HistoricalUser:189			{"history_id": 189, "object_repr": "E2E UTRMC Admin (UTRMC Admin)", "history_date": "2026-05-13T09:27:34.345231+00:00"}	\N	f	2026-05-13 09:27:34.349711+00	\N	\N
363	update	HistoricalUser:190			{"history_id": 190, "object_repr": "E2E Supervisor (Supervisor)", "history_date": "2026-05-13T09:27:41.543265+00:00"}	\N	f	2026-05-13 09:27:41.550614+00	\N	\N
364	update	HistoricalUser:191			{"history_id": 191, "object_repr": "E2E PG (Postgraduate)", "history_date": "2026-05-13T09:27:43.288209+00:00"}	\N	f	2026-05-13 09:27:43.291356+00	\N	\N
365	update	HistoricalUser:192			{"history_id": 192, "object_repr": "Pilot Admin (Admin)", "history_date": "2026-05-13T09:28:09.886421+00:00"}	\N	f	2026-05-13 09:28:09.892247+00	\N	\N
366	update	HistoricalUser:193			{"history_id": 193, "object_repr": "Pilot Supervisor (Supervisor)", "history_date": "2026-05-13T09:28:10.455341+00:00"}	\N	f	2026-05-13 09:28:10.458317+00	\N	\N
367	update	HistoricalUser:194			{"history_id": 194, "object_repr": "Pilot UTRMC Admin (UTRMC Admin)", "history_date": "2026-05-13T09:28:10.893404+00:00"}	\N	f	2026-05-13 09:28:10.895408+00	\N	\N
368	update	HistoricalUser:195			{"history_id": 195, "object_repr": "Pilot UTRMC User (UTRMC User)", "history_date": "2026-05-13T09:28:11.411842+00:00"}	\N	f	2026-05-13 09:28:11.413822+00	\N	\N
369	update	HistoricalUser:196			{"history_id": 196, "object_repr": "Pilot PG (Postgraduate)", "history_date": "2026-05-13T09:28:11.965044+00:00"}	\N	f	2026-05-13 09:28:11.967526+00	\N	\N
370	update	HistoricalUser:197			{"history_id": 197, "object_repr": "Pilot Resident (Resident)", "history_date": "2026-05-13T09:28:12.528609+00:00"}	\N	f	2026-05-13 09:28:12.531331+00	\N	\N
371	update	HistoricalTrainingProgram:18			{"history_id": 18, "object_repr": "Active Surface Baseline Programme (ACTIVE-BASELINE)", "history_date": "2026-05-13T09:28:12.559293+00:00"}	\N	f	2026-05-13 09:28:12.563089+00	\N	\N
372	update	HistoricalResidentTrainingRecord:41			{"history_id": 41, "object_repr": "Pilot PG – ACTIVE-BASELINE", "history_date": "2026-05-13T09:28:12.607752+00:00"}	\N	f	2026-05-13 09:28:12.616482+00	\N	\N
373	update	HistoricalResidentTrainingRecord:42			{"history_id": 42, "object_repr": "Pilot Resident – ACTIVE-BASELINE", "history_date": "2026-05-13T09:28:12.649957+00:00"}	\N	f	2026-05-13 09:28:12.654242+00	\N	\N
374	update	HistoricalUser:198			{"history_id": 198, "object_repr": "E2E Admin (Admin)", "history_date": "2026-05-13T09:28:16.948266+00:00"}	\N	f	2026-05-13 09:28:16.955214+00	\N	\N
375	update	HistoricalUser:199			{"history_id": 199, "object_repr": "E2E UTRMC User (UTRMC User)", "history_date": "2026-05-13T09:28:17.466686+00:00"}	\N	f	2026-05-13 09:28:17.468686+00	\N	\N
376	update	HistoricalUser:200			{"history_id": 200, "object_repr": "E2E UTRMC Admin (UTRMC Admin)", "history_date": "2026-05-13T09:28:17.983480+00:00"}	\N	f	2026-05-13 09:28:17.985471+00	\N	\N
377	update	HistoricalUser:201			{"history_id": 201, "object_repr": "E2E Supervisor (Supervisor)", "history_date": "2026-05-13T09:28:18.548571+00:00"}	\N	f	2026-05-13 09:28:18.550895+00	\N	\N
378	update	HistoricalUser:202			{"history_id": 202, "object_repr": "E2E PG (Postgraduate)", "history_date": "2026-05-13T09:28:19.112894+00:00"}	\N	f	2026-05-13 09:28:19.11535+00	\N	\N
379	update	HistoricalUser:203			{"history_id": 203, "object_repr": "Feature Supervisor (Supervisor)", "history_date": "2026-05-13T09:28:19.642595+00:00"}	\N	f	2026-05-13 09:28:19.645169+00	\N	\N
380	update	HistoricalUser:204			{"history_id": 204, "object_repr": "Feature HOD (Supervisor)", "history_date": "2026-05-13T09:28:20.171637+00:00"}	\N	f	2026-05-13 09:28:20.174271+00	\N	\N
381	update	HistoricalUser:205			{"history_id": 205, "object_repr": "Feature Resident (Postgraduate)", "history_date": "2026-05-13T09:28:20.703254+00:00"}	\N	f	2026-05-13 09:28:20.705252+00	\N	\N
382	update	HistoricalUser:206			{"history_id": 206, "object_repr": "Feature UTRMC Admin (UTRMC Admin)", "history_date": "2026-05-13T09:28:21.242664+00:00"}	\N	f	2026-05-13 09:28:21.244816+00	\N	\N
383	update	HistoricalUser:207			{"history_id": 207, "object_repr": "Feature UTRMC Staff (UTRMC User)", "history_date": "2026-05-13T09:28:21.729078+00:00"}	\N	f	2026-05-13 09:28:21.73171+00	\N	\N
384	update	HistoricalUser:208			{"history_id": 208, "object_repr": "Feature Negative (Postgraduate)", "history_date": "2026-05-13T09:28:22.276515+00:00"}	\N	f	2026-05-13 09:28:22.278512+00	\N	\N
385	update	HistoricalTrainingProgram:19			{"history_id": 19, "object_repr": "E2E Baseline FCPS Program (E2E-FCPS)", "history_date": "2026-05-13T09:28:22.331293+00:00"}	\N	f	2026-05-13 09:28:22.333946+00	\N	\N
386	update	HistoricalProgramMilestone:15			{"history_id": 15, "object_repr": "E2E-FCPS – Intermediate Membership (iMM)", "history_date": "2026-05-13T09:28:22.338416+00:00"}	\N	f	2026-05-13 09:28:22.3418+00	\N	\N
387	update	HistoricalProgramMilestone:16			{"history_id": 16, "object_repr": "E2E-FCPS – Final Examination", "history_date": "2026-05-13T09:28:22.345065+00:00"}	\N	f	2026-05-13 09:28:22.347408+00	\N	\N
388	update	HistoricalProgramMilestoneResearchRequirement:17			{"history_id": 17, "object_repr": "Research req: E2E-FCPS – Intermediate Membership (iMM)", "history_date": "2026-05-13T09:28:22.351330+00:00"}	\N	f	2026-05-13 09:28:22.355383+00	\N	\N
389	update	HistoricalProgramMilestoneResearchRequirement:18			{"history_id": 18, "object_repr": "Research req: E2E-FCPS – Final Examination", "history_date": "2026-05-13T09:28:22.358297+00:00"}	\N	f	2026-05-13 09:28:22.361349+00	\N	\N
390	update	HistoricalResidentTrainingRecord:43			{"history_id": 43, "object_repr": "E2E PG – E2E-FCPS", "history_date": "2026-05-13T09:28:22.376610+00:00"}	\N	f	2026-05-13 09:28:22.385336+00	\N	\N
391	update	HistoricalResidentTrainingRecord:44			{"history_id": 44, "object_repr": "Feature Resident – E2E-FCPS", "history_date": "2026-05-13T09:28:22.390529+00:00"}	\N	f	2026-05-13 09:28:22.395292+00	\N	\N
392	update	HistoricalResidentTrainingRecord:45			{"history_id": 45, "object_repr": "Feature Negative – E2E-FCPS", "history_date": "2026-05-13T09:28:22.400625+00:00"}	\N	f	2026-05-13 09:28:22.40561+00	\N	\N
393	update	HistoricalResidentResearchProject:11			{"history_id": 11, "object_repr": "E2E PG – E2E-FCPS – Research: E2E Baseline Research Project", "history_date": "2026-05-13T09:28:22.435871+00:00"}	\N	f	2026-05-13 09:28:22.443667+00	\N	\N
394	update	HistoricalProgramRotationRequirement:7			{"history_id": 7, "object_repr": "E2E-FCPS:MED:4w", "history_date": "2026-05-13T09:28:22.508919+00:00"}	\N	f	2026-05-13 09:28:22.515403+00	\N	\N
395	update	HistoricalLogbookThresholdConfig:13			{"history_id": 13, "object_repr": "E2E Logbook Threshold Per Rotation (PER_ROTATION)", "history_date": "2026-05-13T09:28:22.519976+00:00"}	\N	f	2026-05-13 09:28:22.523356+00	\N	\N
396	update	HistoricalLogbookThresholdConfig:14			{"history_id": 14, "object_repr": "E2E Logbook Threshold Per 30 Days (PER_PERIOD)", "history_date": "2026-05-13T09:28:22.527567+00:00"}	\N	f	2026-05-13 09:28:22.529276+00	\N	\N
397	update	HistoricalSubmissionRequirementTemplate:25			{"history_id": 25, "object_repr": "SYNOPSIS:SYN-PROPOSAL", "history_date": "2026-05-13T09:28:22.536794+00:00"}	\N	f	2026-05-13 09:28:22.540639+00	\N	\N
398	update	HistoricalSubmissionRequirementTemplate:26			{"history_id": 26, "object_repr": "SYNOPSIS:SYN-ETHICS", "history_date": "2026-05-13T09:28:22.545762+00:00"}	\N	f	2026-05-13 09:28:22.547537+00	\N	\N
399	update	HistoricalSubmissionRequirementTemplate:27			{"history_id": 27, "object_repr": "THESIS:THS-MANUSCRIPT", "history_date": "2026-05-13T09:28:22.552628+00:00"}	\N	f	2026-05-13 09:28:22.554475+00	\N	\N
400	update	HistoricalSubmissionRequirementTemplate:28			{"history_id": 28, "object_repr": "THESIS:THS-SIMILARITY", "history_date": "2026-05-13T09:28:22.560733+00:00"}	\N	f	2026-05-13 09:28:22.562791+00	\N	\N
401	update	HistoricalUser:209			{"history_id": 209, "object_repr": "Feature Resident (Postgraduate)", "history_date": "2026-05-13T09:28:30.869574+00:00"}	\N	f	2026-05-13 09:28:30.875406+00	\N	\N
402	update	HistoricalUser:210			{"history_id": 210, "object_repr": "Feature Supervisor (Supervisor)", "history_date": "2026-05-13T09:28:32.511428+00:00"}	\N	f	2026-05-13 09:28:32.516536+00	\N	\N
403	update	HistoricalUser:211			{"history_id": 211, "object_repr": "Feature HOD (Supervisor)", "history_date": "2026-05-13T09:28:33.737753+00:00"}	\N	f	2026-05-13 09:28:33.74089+00	\N	\N
404	update	HistoricalUser:212			{"history_id": 212, "object_repr": "Feature UTRMC Admin (UTRMC Admin)", "history_date": "2026-05-13T09:28:34.965673+00:00"}	\N	f	2026-05-13 09:28:34.971755+00	\N	\N
405	update	HistoricalUser:213			{"history_id": 213, "object_repr": "Feature UTRMC Staff (UTRMC User)", "history_date": "2026-05-13T09:28:36.713423+00:00"}	\N	f	2026-05-13 09:28:36.716468+00	\N	\N
406	create	HistoricalLogbookEntry:19			{"history_id": 19, "object_repr": "LogbookEntry<13:DRAFT>", "history_date": "2026-05-13T09:28:43.725807+00:00"}	\N	f	2026-05-13 09:28:43.916255+00	30	\N
407	update	HistoricalLogbookEntry:20			{"history_id": 20, "object_repr": "LogbookEntry<13:SUBMITTED>", "history_date": "2026-05-13T09:28:44.335113+00:00"}	\N	f	2026-05-13 09:28:44.340722+00	30	\N
408	update	HistoricalLogbookEntry:21			{"history_id": 21, "object_repr": "LogbookEntry<13:RETURNED>", "history_date": "2026-05-13T09:28:45.653179+00:00"}	\N	f	2026-05-13 09:28:45.656815+00	28	\N
409	create	HistoricalLogbookReview:9			{"history_id": 9, "object_repr": "LogbookReview<5:RETURNED>", "history_date": "2026-05-13T09:28:45.710051+00:00"}	\N	f	2026-05-13 09:28:45.759896+00	28	\N
410	update	HistoricalLogbookEntry:22			{"history_id": 22, "object_repr": "LogbookEntry<13:SUBMITTED>", "history_date": "2026-05-13T09:28:46.751201+00:00"}	\N	f	2026-05-13 09:28:46.754664+00	30	\N
411	update	HistoricalLogbookEntry:23			{"history_id": 23, "object_repr": "LogbookEntry<13:APPROVED>", "history_date": "2026-05-13T09:28:47.600911+00:00"}	\N	f	2026-05-13 09:28:47.607694+00	28	\N
412	create	HistoricalLogbookReview:10			{"history_id": 10, "object_repr": "LogbookReview<5:APPROVED>", "history_date": "2026-05-13T09:28:47.614768+00:00"}	\N	f	2026-05-13 09:28:47.619664+00	28	\N
413	update	HistoricalUser:214			{"history_id": 214, "object_repr": "Feature Negative (Postgraduate)", "history_date": "2026-05-13T09:28:52.961271+00:00"}	\N	f	2026-05-13 09:28:52.968699+00	\N	\N
414	create	HistoricalLogbookEntry:24			{"history_id": 24, "object_repr": "LogbookEntry<14:DRAFT>", "history_date": "2026-05-13T09:28:53.620507+00:00"}	\N	f	2026-05-13 09:28:53.623871+00	33	\N
415	update	HistoricalLogbookEntry:25			{"history_id": 25, "object_repr": "LogbookEntry<14:SUBMITTED>", "history_date": "2026-05-13T09:28:53.660555+00:00"}	\N	f	2026-05-13 09:28:53.663682+00	33	\N
416	update	HistoricalUser:215			{"history_id": 215, "object_repr": "E2E Admin (Admin)", "history_date": "2026-05-13T09:29:05.755417+00:00"}	\N	f	2026-05-13 09:29:05.759002+00	\N	\N
417	create	HistoricalTrainingProgram:20			{"history_id": 20, "object_repr": "Test Program p6-1778664549692 (PROG-p6-1778664549692)", "history_date": "2026-05-13T09:29:10.277284+00:00"}	\N	f	2026-05-13 09:29:10.298994+00	23	\N
418	create	HistoricalProgramMilestone:17			{"history_id": 17, "object_repr": "PROG-p6-1778664549692 – Intermediate Membership (iMM)", "history_date": "2026-05-13T09:29:10.623934+00:00"}	\N	f	2026-05-13 09:29:10.629612+00	23	\N
419	create	HistoricalProgramMilestoneResearchRequirement:19			{"history_id": 19, "object_repr": "Research req: PROG-p6-1778664549692 – Intermediate Membership (iMM)", "history_date": "2026-05-13T09:29:10.811169+00:00"}	\N	f	2026-05-13 09:29:10.816244+00	23	\N
420	update	HistoricalProgramMilestoneResearchRequirement:20			{"history_id": 20, "object_repr": "Research req: PROG-p6-1778664549692 – Intermediate Membership (iMM)", "history_date": "2026-05-13T09:29:10.822737+00:00"}	\N	f	2026-05-13 09:29:10.826527+00	23	\N
421	create	HistoricalUser:216			{"history_id": 216, "object_repr": "E2E Supervisor (Supervisor)", "history_date": "2026-05-13T09:29:11.548497+00:00"}	\N	f	2026-05-13 09:29:11.552448+00	23	\N
422	create	HistoricalUser:217			{"history_id": 217, "object_repr": "E2E Resident (Postgraduate)", "history_date": "2026-05-13T09:29:12.101277+00:00"}	\N	f	2026-05-13 09:29:12.104145+00	23	\N
427	update	HistoricalUser:219			{"history_id": 219, "object_repr": "E2E Supervisor (Supervisor)", "history_date": "2026-05-13T09:29:13.502663+00:00"}	\N	f	2026-05-13 09:29:13.50549+00	\N	\N
429	create	HistoricalProgramPolicy:6			{"history_id": 6, "object_repr": "Policy: POLI-pol-1778664554538", "history_date": "2026-05-13T09:29:15.572946+00:00"}	\N	f	2026-05-13 09:29:15.621868+00	23	\N
432	update	HistoricalUser:221			{"history_id": 221, "object_repr": "E2E Supervisor (Supervisor)", "history_date": "2026-05-13T09:29:28.988735+00:00"}	\N	f	2026-05-13 09:29:28.991723+00	\N	\N
423	create	HistoricalResidentTrainingRecord:46			{"history_id": 46, "object_repr": "E2E Resident – PROG-p6-1778664549692", "history_date": "2026-05-13T09:29:12.166734+00:00"}	\N	f	2026-05-13 09:29:12.171751+00	23	\N
431	update	HistoricalUser:220			{"history_id": 220, "object_repr": "E2E UTRMC User (UTRMC User)", "history_date": "2026-05-13T09:29:17.318998+00:00"}	\N	f	2026-05-13 09:29:17.321881+00	\N	\N
434	update	HistoricalUser:223			{"history_id": 223, "object_repr": "E2E UTRMC Admin (UTRMC Admin)", "history_date": "2026-05-13T09:29:32.287429+00:00"}	\N	f	2026-05-13 09:29:32.290914+00	\N	\N
435	create	HistoricalUser:224			{"history_id": 224, "object_repr": "Sup User (Supervisor)", "history_date": "2026-05-13T09:29:33.666322+00:00"}	\N	f	2026-05-13 09:29:33.670265+00	25	\N
437	update	HistoricalUser:226			{"history_id": 226, "object_repr": "Res User (Resident)", "history_date": "2026-05-13T09:29:36.082642+00:00"}	\N	f	2026-05-13 09:29:36.086176+00	\N	\N
424	update	HistoricalUser:218			{"history_id": 218, "object_repr": "E2E Resident (Postgraduate)", "history_date": "2026-05-13T09:29:12.715591+00:00"}	\N	f	2026-05-13 09:29:12.71873+00	\N	\N
425	create	HistoricalResidentResearchProject:12			{"history_id": 12, "object_repr": "E2E Resident – PROG-p6-1778664549692 – Research: E2E Research p6-1778664549692", "history_date": "2026-05-13T09:29:12.752959+00:00"}	\N	f	2026-05-13 09:29:12.761227+00	43	\N
426	update	HistoricalResidentResearchProject:13			{"history_id": 13, "object_repr": "E2E Resident – PROG-p6-1778664549692 – Research: E2E Research p6-1778664549692", "history_date": "2026-05-13T09:29:12.857527+00:00"}	\N	f	2026-05-13 09:29:12.863719+00	43	\N
430	update	HistoricalProgramPolicy:7			{"history_id": 7, "object_repr": "Policy: POLI-pol-1778664554538", "history_date": "2026-05-13T09:29:15.665929+00:00"}	\N	f	2026-05-13 09:29:15.672209+00	23	\N
433	update	HistoricalUser:222			{"history_id": 222, "object_repr": "E2E Admin (Admin)", "history_date": "2026-05-13T09:29:30.333612+00:00"}	\N	f	2026-05-13 09:29:30.337231+00	\N	\N
428	create	HistoricalTrainingProgram:21			{"history_id": 21, "object_repr": "Policy Test Program pol-1778664554538 (POLI-pol-1778664554538)", "history_date": "2026-05-13T09:29:15.389492+00:00"}	\N	f	2026-05-13 09:29:15.394739+00	23	\N
436	create	HistoricalUser:225			{"history_id": 225, "object_repr": "Res User (Resident)", "history_date": "2026-05-13T09:29:34.267531+00:00"}	\N	f	2026-05-13 09:29:34.27367+00	25	\N
\.


--
-- Data for Name: audit_auditreport; Type: TABLE DATA; Schema: public; Owner: sims_user
--

COPY public.audit_auditreport (id, start, "end", generated_at, payload, created_by_id) FROM stdin;
\.


--
-- Data for Name: audit_historicalauditreport; Type: TABLE DATA; Schema: public; Owner: sims_user
--

COPY public.audit_historicalauditreport (id, start, "end", generated_at, payload, history_id, history_date, history_change_reason, history_type, created_by_id, history_user_id) FROM stdin;
\.


--
-- Data for Name: auth_group; Type: TABLE DATA; Schema: public; Owner: sims_user
--

COPY public.auth_group (id, name) FROM stdin;
\.


--
-- Data for Name: auth_group_permissions; Type: TABLE DATA; Schema: public; Owner: sims_user
--

COPY public.auth_group_permissions (id, group_id, permission_id) FROM stdin;
\.


--
-- Data for Name: auth_permission; Type: TABLE DATA; Schema: public; Owner: sims_user
--

COPY public.auth_permission (id, name, content_type_id, codename) FROM stdin;
1	Can add log entry	1	add_logentry
2	Can change log entry	1	change_logentry
3	Can delete log entry	1	delete_logentry
4	Can view log entry	1	view_logentry
5	Can add permission	2	add_permission
6	Can change permission	2	change_permission
7	Can delete permission	2	delete_permission
8	Can view permission	2	view_permission
9	Can add group	3	add_group
10	Can change group	3	change_group
11	Can delete group	3	delete_group
12	Can view group	3	view_group
13	Can add content type	4	add_contenttype
14	Can change content type	4	change_contenttype
15	Can delete content type	4	delete_contenttype
16	Can view content type	4	view_contenttype
17	Can add session	5	add_session
18	Can change session	5	change_session
19	Can delete session	5	delete_session
20	Can view session	5	view_session
21	Can add crontab	6	add_crontabschedule
22	Can change crontab	6	change_crontabschedule
23	Can delete crontab	6	delete_crontabschedule
24	Can view crontab	6	view_crontabschedule
25	Can add interval	7	add_intervalschedule
26	Can change interval	7	change_intervalschedule
27	Can delete interval	7	delete_intervalschedule
28	Can view interval	7	view_intervalschedule
29	Can add periodic task	8	add_periodictask
30	Can change periodic task	8	change_periodictask
31	Can delete periodic task	8	delete_periodictask
32	Can view periodic task	8	view_periodictask
33	Can add periodic task track	9	add_periodictasks
34	Can change periodic task track	9	change_periodictasks
35	Can delete periodic task track	9	delete_periodictasks
36	Can view periodic task track	9	view_periodictasks
37	Can add solar event	10	add_solarschedule
38	Can change solar event	10	change_solarschedule
39	Can delete solar event	10	delete_solarschedule
40	Can view solar event	10	view_solarschedule
41	Can add clocked	11	add_clockedschedule
42	Can change clocked	11	change_clockedschedule
43	Can delete clocked	11	delete_clockedschedule
44	Can view clocked	11	view_clockedschedule
45	Can add SIMS User	12	add_user
46	Can change SIMS User	12	change_user
47	Can delete SIMS User	12	delete_user
48	Can view SIMS User	12	view_user
49	Can add historical SIMS User	13	add_historicaluser
50	Can change historical SIMS User	13	change_historicaluser
51	Can delete historical SIMS User	13	delete_historicaluser
52	Can view historical SIMS User	13	view_historicaluser
53	Can add staff profile	14	add_staffprofile
54	Can change staff profile	14	change_staffprofile
55	Can delete staff profile	14	delete_staffprofile
56	Can view staff profile	14	view_staffprofile
57	Can add resident profile	15	add_residentprofile
58	Can change resident profile	15	change_residentprofile
59	Can delete resident profile	15	delete_residentprofile
60	Can view resident profile	15	view_residentprofile
61	Can add hospital assignment	16	add_hospitalassignment
62	Can change hospital assignment	16	change_hospitalassignment
63	Can delete hospital assignment	16	delete_hospitalassignment
64	Can view hospital assignment	16	view_hospitalassignment
65	Can add hod assignment	17	add_hodassignment
66	Can change hod assignment	17	change_hodassignment
67	Can delete hod assignment	17	delete_hodassignment
68	Can view hod assignment	17	view_hodassignment
69	Can add department membership	18	add_departmentmembership
70	Can change department membership	18	change_departmentmembership
71	Can delete department membership	18	delete_departmentmembership
72	Can view department membership	18	view_departmentmembership
73	Can add supervisor resident link	19	add_supervisorresidentlink
74	Can change supervisor resident link	19	change_supervisorresidentlink
75	Can delete supervisor resident link	19	delete_supervisorresidentlink
76	Can view supervisor resident link	19	view_supervisorresidentlink
77	Can add data correction audit	20	add_datacorrectionaudit
78	Can change data correction audit	20	change_datacorrectionaudit
79	Can delete data correction audit	20	delete_datacorrectionaudit
80	Can view data correction audit	20	view_datacorrectionaudit
81	Can add Batch	21	add_batch
82	Can change Batch	21	change_batch
83	Can delete Batch	21	delete_batch
84	Can view Batch	21	view_batch
85	Can add Department	22	add_department
86	Can change Department	22	change_department
87	Can delete Department	22	delete_department
88	Can view Department	22	view_department
89	Can add Student Profile	23	add_studentprofile
90	Can change Student Profile	23	change_studentprofile
91	Can delete Student Profile	23	delete_studentprofile
92	Can view Student Profile	23	view_studentprofile
93	Can add Hospital	24	add_hospital
94	Can change Hospital	24	change_hospital
95	Can delete Hospital	24	delete_hospital
96	Can view Hospital	24	view_hospital
97	Can add Hospital Department	25	add_hospitaldepartment
98	Can change Hospital Department	25	change_hospitaldepartment
99	Can delete Hospital Department	25	delete_hospitaldepartment
100	Can view Hospital Department	25	view_hospitaldepartment
101	Can add activity log	26	add_activitylog
102	Can change activity log	26	change_activitylog
103	Can delete activity log	26	delete_activitylog
104	Can view activity log	26	view_activitylog
105	Can add audit report	27	add_auditreport
106	Can change audit report	27	change_auditreport
107	Can delete audit report	27	delete_auditreport
108	Can view audit report	27	view_auditreport
109	Can add historical audit report	28	add_historicalauditreport
110	Can change historical audit report	28	change_historicalauditreport
111	Can delete historical audit report	28	delete_historicalauditreport
112	Can view historical audit report	28	view_historicalauditreport
113	Can add bulk operation	29	add_bulkoperation
114	Can change bulk operation	29	change_bulkoperation
115	Can delete bulk operation	29	delete_bulkoperation
116	Can view bulk operation	29	view_bulkoperation
117	Can add notification	30	add_notification
118	Can change notification	30	change_notification
119	Can delete notification	30	delete_notification
120	Can view notification	30	view_notification
121	Can add Notification Preference	31	add_notificationpreference
122	Can change Notification Preference	31	change_notificationpreference
123	Can delete Notification Preference	31	delete_notificationpreference
124	Can view Notification Preference	31	view_notificationpreference
125	Can add Training Program	32	add_trainingprogram
126	Can change Training Program	32	change_trainingprogram
127	Can delete Training Program	32	delete_trainingprogram
128	Can view Training Program	32	view_trainingprogram
129	Can add Resident Training Record	33	add_residenttrainingrecord
130	Can change Resident Training Record	33	change_residenttrainingrecord
131	Can delete Resident Training Record	33	delete_residenttrainingrecord
132	Can view Resident Training Record	33	view_residenttrainingrecord
133	Can add Rotation Template	34	add_programrotationtemplate
134	Can change Rotation Template	34	change_programrotationtemplate
135	Can delete Rotation Template	34	delete_programrotationtemplate
136	Can view Rotation Template	34	view_programrotationtemplate
137	Can add Leave Request	35	add_leaverequest
138	Can change Leave Request	35	change_leaverequest
139	Can delete Leave Request	35	delete_leaverequest
140	Can view Leave Request	35	view_leaverequest
141	Can add historical Training Program	36	add_historicaltrainingprogram
142	Can change historical Training Program	36	change_historicaltrainingprogram
143	Can delete historical Training Program	36	delete_historicaltrainingprogram
144	Can view historical Training Program	36	view_historicaltrainingprogram
145	Can add historical Rotation Assignment	37	add_historicalrotationassignment
146	Can change historical Rotation Assignment	37	change_historicalrotationassignment
147	Can delete historical Rotation Assignment	37	delete_historicalrotationassignment
148	Can view historical Rotation Assignment	37	view_historicalrotationassignment
149	Can add historical Resident Training Record	38	add_historicalresidenttrainingrecord
150	Can change historical Resident Training Record	38	change_historicalresidenttrainingrecord
151	Can delete historical Resident Training Record	38	delete_historicalresidenttrainingrecord
152	Can view historical Resident Training Record	38	view_historicalresidenttrainingrecord
153	Can add historical Rotation Template	39	add_historicalprogramrotationtemplate
154	Can change historical Rotation Template	39	change_historicalprogramrotationtemplate
155	Can delete historical Rotation Template	39	delete_historicalprogramrotationtemplate
156	Can view historical Rotation Template	39	view_historicalprogramrotationtemplate
157	Can add historical Leave Request	40	add_historicalleaverequest
158	Can change historical Leave Request	40	change_historicalleaverequest
159	Can delete historical Leave Request	40	delete_historicalleaverequest
160	Can view historical Leave Request	40	view_historicalleaverequest
161	Can add historical Deputation/Off-service Posting	41	add_historicaldeputationposting
162	Can change historical Deputation/Off-service Posting	41	change_historicaldeputationposting
163	Can delete historical Deputation/Off-service Posting	41	delete_historicaldeputationposting
164	Can view historical Deputation/Off-service Posting	41	view_historicaldeputationposting
165	Can add Deputation/Off-service Posting	42	add_deputationposting
166	Can change Deputation/Off-service Posting	42	change_deputationposting
167	Can delete Deputation/Off-service Posting	42	delete_deputationposting
168	Can view Deputation/Off-service Posting	42	view_deputationposting
169	Can add Rotation Assignment	43	add_rotationassignment
170	Can change Rotation Assignment	43	change_rotationassignment
171	Can delete Rotation Assignment	43	delete_rotationassignment
172	Can view Rotation Assignment	43	view_rotationassignment
173	Can add Program Milestone	44	add_programmilestone
174	Can change Program Milestone	44	change_programmilestone
175	Can delete Program Milestone	44	delete_programmilestone
176	Can view Program Milestone	44	view_programmilestone
177	Can add Workshop	45	add_workshop
178	Can change Workshop	45	change_workshop
179	Can delete Workshop	45	delete_workshop
180	Can view Workshop	45	view_workshop
181	Can add Workshop Block	46	add_workshopblock
182	Can change Workshop Block	46	change_workshopblock
183	Can delete Workshop Block	46	delete_workshopblock
184	Can view Workshop Block	46	view_workshopblock
185	Can add Workshop Run	47	add_workshoprun
186	Can change Workshop Run	47	change_workshoprun
187	Can delete Workshop Run	47	delete_workshoprun
188	Can view Workshop Run	47	view_workshoprun
189	Can add Resident Thesis	48	add_residentthesis
190	Can change Resident Thesis	48	change_residentthesis
191	Can delete Resident Thesis	48	delete_residentthesis
192	Can view Resident Thesis	48	view_residentthesis
193	Can add Research Project	49	add_residentresearchproject
194	Can change Research Project	49	change_residentresearchproject
195	Can delete Research Project	49	delete_residentresearchproject
196	Can view Research Project	49	view_residentresearchproject
197	Can add Program Policy	50	add_programpolicy
198	Can change Program Policy	50	change_programpolicy
199	Can delete Program Policy	50	delete_programpolicy
200	Can view Program Policy	50	view_programpolicy
201	Can add Milestone Research Requirement	51	add_programmilestoneresearchrequirement
202	Can change Milestone Research Requirement	51	change_programmilestoneresearchrequirement
203	Can delete Milestone Research Requirement	51	delete_programmilestoneresearchrequirement
204	Can view Milestone Research Requirement	51	view_programmilestoneresearchrequirement
205	Can add Milestone Logbook Requirement	52	add_programmilestonelogbookrequirement
206	Can change Milestone Logbook Requirement	52	change_programmilestonelogbookrequirement
207	Can delete Milestone Logbook Requirement	52	delete_programmilestonelogbookrequirement
208	Can view Milestone Logbook Requirement	52	view_programmilestonelogbookrequirement
209	Can add historical Workshop Run	53	add_historicalworkshoprun
210	Can change historical Workshop Run	53	change_historicalworkshoprun
211	Can delete historical Workshop Run	53	delete_historicalworkshoprun
212	Can view historical Workshop Run	53	view_historicalworkshoprun
213	Can add historical Workshop Block	54	add_historicalworkshopblock
214	Can change historical Workshop Block	54	change_historicalworkshopblock
215	Can delete historical Workshop Block	54	delete_historicalworkshopblock
216	Can view historical Workshop Block	54	view_historicalworkshopblock
217	Can add historical Workshop	55	add_historicalworkshop
218	Can change historical Workshop	55	change_historicalworkshop
219	Can delete historical Workshop	55	delete_historicalworkshop
220	Can view historical Workshop	55	view_historicalworkshop
221	Can add historical Workshop Completion	56	add_historicalresidentworkshopcompletion
222	Can change historical Workshop Completion	56	change_historicalresidentworkshopcompletion
223	Can delete historical Workshop Completion	56	delete_historicalresidentworkshopcompletion
224	Can view historical Workshop Completion	56	view_historicalresidentworkshopcompletion
225	Can add historical Resident Thesis	57	add_historicalresidentthesis
226	Can change historical Resident Thesis	57	change_historicalresidentthesis
227	Can delete historical Resident Thesis	57	delete_historicalresidentthesis
228	Can view historical Resident Thesis	57	view_historicalresidentthesis
229	Can add historical Research Project	58	add_historicalresidentresearchproject
230	Can change historical Research Project	58	change_historicalresidentresearchproject
231	Can delete historical Research Project	58	delete_historicalresidentresearchproject
232	Can view historical Research Project	58	view_historicalresidentresearchproject
233	Can add historical Program Policy	59	add_historicalprogrampolicy
234	Can change historical Program Policy	59	change_historicalprogrampolicy
235	Can delete historical Program Policy	59	delete_historicalprogrampolicy
236	Can view historical Program Policy	59	view_historicalprogrampolicy
237	Can add historical Milestone Workshop Requirement	60	add_historicalprogrammilestoneworkshoprequirement
238	Can change historical Milestone Workshop Requirement	60	change_historicalprogrammilestoneworkshoprequirement
239	Can delete historical Milestone Workshop Requirement	60	delete_historicalprogrammilestoneworkshoprequirement
240	Can view historical Milestone Workshop Requirement	60	view_historicalprogrammilestoneworkshoprequirement
241	Can add historical Milestone Research Requirement	61	add_historicalprogrammilestoneresearchrequirement
242	Can change historical Milestone Research Requirement	61	change_historicalprogrammilestoneresearchrequirement
243	Can delete historical Milestone Research Requirement	61	delete_historicalprogrammilestoneresearchrequirement
244	Can view historical Milestone Research Requirement	61	view_historicalprogrammilestoneresearchrequirement
245	Can add historical Milestone Logbook Requirement	62	add_historicalprogrammilestonelogbookrequirement
246	Can change historical Milestone Logbook Requirement	62	change_historicalprogrammilestonelogbookrequirement
247	Can delete historical Milestone Logbook Requirement	62	delete_historicalprogrammilestonelogbookrequirement
248	Can view historical Milestone Logbook Requirement	62	view_historicalprogrammilestonelogbookrequirement
249	Can add historical Program Milestone	63	add_historicalprogrammilestone
250	Can change historical Program Milestone	63	change_historicalprogrammilestone
251	Can delete historical Program Milestone	63	delete_historicalprogrammilestone
252	Can view historical Program Milestone	63	view_historicalprogrammilestone
253	Can add Workshop Completion	64	add_residentworkshopcompletion
254	Can change Workshop Completion	64	change_residentworkshopcompletion
255	Can delete Workshop Completion	64	delete_residentworkshopcompletion
256	Can view Workshop Completion	64	view_residentworkshopcompletion
257	Can add Milestone Eligibility	65	add_residentmilestoneeligibility
258	Can change Milestone Eligibility	65	change_residentmilestoneeligibility
259	Can delete Milestone Eligibility	65	delete_residentmilestoneeligibility
260	Can view Milestone Eligibility	65	view_residentmilestoneeligibility
261	Can add Milestone Workshop Requirement	66	add_programmilestoneworkshoprequirement
262	Can change Milestone Workshop Requirement	66	change_programmilestoneworkshoprequirement
263	Can delete Milestone Workshop Requirement	66	delete_programmilestoneworkshoprequirement
264	Can view Milestone Workshop Requirement	66	view_programmilestoneworkshoprequirement
265	Can add logbook entry	67	add_logbookentry
266	Can change logbook entry	67	change_logbookentry
267	Can delete logbook entry	67	delete_logbookentry
268	Can view logbook entry	67	view_logbookentry
269	Can add logbook threshold config	68	add_logbookthresholdconfig
270	Can change logbook threshold config	68	change_logbookthresholdconfig
271	Can delete logbook threshold config	68	delete_logbookthresholdconfig
272	Can view logbook threshold config	68	view_logbookthresholdconfig
273	Can add resident submission	69	add_residentsubmission
274	Can change resident submission	69	change_residentsubmission
275	Can delete resident submission	69	delete_residentsubmission
276	Can view resident submission	69	view_residentsubmission
277	Can add submission requirement template	70	add_submissionrequirementtemplate
278	Can change submission requirement template	70	change_submissionrequirementtemplate
279	Can delete submission requirement template	70	delete_submissionrequirementtemplate
280	Can view submission requirement template	70	view_submissionrequirementtemplate
281	Can add submission document	71	add_submissiondocument
282	Can change submission document	71	change_submissiondocument
283	Can delete submission document	71	delete_submissiondocument
284	Can view submission document	71	view_submissiondocument
285	Can add submission certificate	72	add_submissioncertificate
286	Can change submission certificate	72	change_submissioncertificate
287	Can delete submission certificate	72	delete_submissioncertificate
288	Can view submission certificate	72	view_submissioncertificate
289	Can add rotation completion	73	add_rotationcompletion
290	Can change rotation completion	73	change_rotationcompletion
291	Can delete rotation completion	73	delete_rotationcompletion
292	Can view rotation completion	73	view_rotationcompletion
293	Can add rotation certificate	74	add_rotationcertificate
294	Can change rotation certificate	74	change_rotationcertificate
295	Can delete rotation certificate	74	delete_rotationcertificate
296	Can view rotation certificate	74	view_rotationcertificate
297	Can add program rotation requirement	75	add_programrotationrequirement
298	Can change program rotation requirement	75	change_programrotationrequirement
299	Can delete program rotation requirement	75	delete_programrotationrequirement
300	Can view program rotation requirement	75	view_programrotationrequirement
301	Can add logbook threshold snapshot	76	add_logbookthresholdsnapshot
302	Can change logbook threshold snapshot	76	change_logbookthresholdsnapshot
303	Can delete logbook threshold snapshot	76	delete_logbookthresholdsnapshot
304	Can view logbook threshold snapshot	76	view_logbookthresholdsnapshot
305	Can add logbook review	77	add_logbookreview
306	Can change logbook review	77	change_logbookreview
307	Can delete logbook review	77	delete_logbookreview
308	Can view logbook review	77	view_logbookreview
309	Can add historical submission review	78	add_historicalsubmissionreview
310	Can change historical submission review	78	change_historicalsubmissionreview
311	Can delete historical submission review	78	delete_historicalsubmissionreview
312	Can view historical submission review	78	view_historicalsubmissionreview
313	Can add historical submission requirement template	79	add_historicalsubmissionrequirementtemplate
314	Can change historical submission requirement template	79	change_historicalsubmissionrequirementtemplate
315	Can delete historical submission requirement template	79	delete_historicalsubmissionrequirementtemplate
316	Can view historical submission requirement template	79	view_historicalsubmissionrequirementtemplate
317	Can add historical submission document	80	add_historicalsubmissiondocument
318	Can change historical submission document	80	change_historicalsubmissiondocument
319	Can delete historical submission document	80	delete_historicalsubmissiondocument
320	Can view historical submission document	80	view_historicalsubmissiondocument
321	Can add historical submission certificate	81	add_historicalsubmissioncertificate
322	Can change historical submission certificate	81	change_historicalsubmissioncertificate
323	Can delete historical submission certificate	81	delete_historicalsubmissioncertificate
324	Can view historical submission certificate	81	view_historicalsubmissioncertificate
325	Can add historical rotation completion	82	add_historicalrotationcompletion
326	Can change historical rotation completion	82	change_historicalrotationcompletion
327	Can delete historical rotation completion	82	delete_historicalrotationcompletion
328	Can view historical rotation completion	82	view_historicalrotationcompletion
329	Can add historical rotation certificate	83	add_historicalrotationcertificate
330	Can change historical rotation certificate	83	change_historicalrotationcertificate
331	Can delete historical rotation certificate	83	delete_historicalrotationcertificate
332	Can view historical rotation certificate	83	view_historicalrotationcertificate
333	Can add historical resident submission	84	add_historicalresidentsubmission
334	Can change historical resident submission	84	change_historicalresidentsubmission
335	Can delete historical resident submission	84	delete_historicalresidentsubmission
336	Can view historical resident submission	84	view_historicalresidentsubmission
337	Can add historical program rotation requirement	85	add_historicalprogramrotationrequirement
338	Can change historical program rotation requirement	85	change_historicalprogramrotationrequirement
339	Can delete historical program rotation requirement	85	delete_historicalprogramrotationrequirement
340	Can view historical program rotation requirement	85	view_historicalprogramrotationrequirement
341	Can add historical logbook threshold config	86	add_historicallogbookthresholdconfig
342	Can change historical logbook threshold config	86	change_historicallogbookthresholdconfig
343	Can delete historical logbook threshold config	86	delete_historicallogbookthresholdconfig
344	Can view historical logbook threshold config	86	view_historicallogbookthresholdconfig
345	Can add historical logbook review	87	add_historicallogbookreview
346	Can change historical logbook review	87	change_historicallogbookreview
347	Can delete historical logbook review	87	delete_historicallogbookreview
348	Can view historical logbook review	87	view_historicallogbookreview
349	Can add historical logbook entry	88	add_historicallogbookentry
350	Can change historical logbook entry	88	change_historicallogbookentry
351	Can delete historical logbook entry	88	delete_historicallogbookentry
352	Can view historical logbook entry	88	view_historicallogbookentry
353	Can add submission review	89	add_submissionreview
354	Can change submission review	89	change_submissionreview
355	Can delete submission review	89	delete_submissionreview
356	Can view submission review	89	view_submissionreview
\.


--
-- Data for Name: bulk_bulkoperation; Type: TABLE DATA; Schema: public; Owner: sims_user
--

COPY public.bulk_bulkoperation (id, operation, status, total_items, success_count, failure_count, details, created_at, completed_at, user_id) FROM stdin;
1	import	completed	1	1	0	{"failures": [], "successes": [{"row": 2, "hospital_code": "WFH", "hospital_name": "Workflow Hospital"}]}	2026-05-12 22:24:05.058833+00	2026-05-12 22:24:05.063387+00	25
\.


--
-- Data for Name: django_admin_log; Type: TABLE DATA; Schema: public; Owner: sims_user
--

COPY public.django_admin_log (id, action_time, object_id, object_repr, action_flag, change_message, content_type_id, user_id) FROM stdin;
\.


--
-- Data for Name: django_celery_beat_clockedschedule; Type: TABLE DATA; Schema: public; Owner: sims_user
--

COPY public.django_celery_beat_clockedschedule (id, clocked_time) FROM stdin;
\.


--
-- Data for Name: django_celery_beat_crontabschedule; Type: TABLE DATA; Schema: public; Owner: sims_user
--

COPY public.django_celery_beat_crontabschedule (id, minute, hour, day_of_week, day_of_month, month_of_year, timezone) FROM stdin;
1	0	4	*	*	*	UTC
\.


--
-- Data for Name: django_celery_beat_intervalschedule; Type: TABLE DATA; Schema: public; Owner: sims_user
--

COPY public.django_celery_beat_intervalschedule (id, every, period) FROM stdin;
\.


--
-- Data for Name: django_celery_beat_periodictask; Type: TABLE DATA; Schema: public; Owner: sims_user
--

COPY public.django_celery_beat_periodictask (id, name, task, args, kwargs, queue, exchange, routing_key, expires, enabled, last_run_at, total_run_count, date_changed, description, crontab_id, interval_id, solar_id, one_off, start_time, priority, headers, clocked_id, expire_seconds) FROM stdin;
1	celery.backend_cleanup	celery.backend_cleanup	[]	{}	\N	\N	\N	\N	t	2026-05-13 04:00:00.00112+00	1	2026-05-13 09:17:37.130427+00		1	\N	\N	f	\N	\N	{}	\N	43200
\.


--
-- Data for Name: django_celery_beat_periodictasks; Type: TABLE DATA; Schema: public; Owner: sims_user
--

COPY public.django_celery_beat_periodictasks (ident, last_update) FROM stdin;
1	2026-05-13 09:17:37.132915+00
\.


--
-- Data for Name: django_celery_beat_solarschedule; Type: TABLE DATA; Schema: public; Owner: sims_user
--

COPY public.django_celery_beat_solarschedule (id, event, latitude, longitude) FROM stdin;
\.


--
-- Data for Name: django_content_type; Type: TABLE DATA; Schema: public; Owner: sims_user
--

COPY public.django_content_type (id, app_label, model) FROM stdin;
1	admin	logentry
2	auth	permission
3	auth	group
4	contenttypes	contenttype
5	sessions	session
6	django_celery_beat	crontabschedule
7	django_celery_beat	intervalschedule
8	django_celery_beat	periodictask
9	django_celery_beat	periodictasks
10	django_celery_beat	solarschedule
11	django_celery_beat	clockedschedule
12	users	user
13	users	historicaluser
14	users	staffprofile
15	users	residentprofile
16	users	hospitalassignment
17	users	hodassignment
18	users	departmentmembership
19	users	supervisorresidentlink
20	users	datacorrectionaudit
21	academics	batch
22	academics	department
23	academics	studentprofile
24	rotations	hospital
25	rotations	hospitaldepartment
26	audit	activitylog
27	audit	auditreport
28	audit	historicalauditreport
29	bulk	bulkoperation
30	notifications	notification
31	notifications	notificationpreference
32	training	trainingprogram
33	training	residenttrainingrecord
34	training	programrotationtemplate
35	training	leaverequest
36	training	historicaltrainingprogram
37	training	historicalrotationassignment
38	training	historicalresidenttrainingrecord
39	training	historicalprogramrotationtemplate
40	training	historicalleaverequest
41	training	historicaldeputationposting
42	training	deputationposting
43	training	rotationassignment
44	training	programmilestone
45	training	workshop
46	training	workshopblock
47	training	workshoprun
48	training	residentthesis
49	training	residentresearchproject
50	training	programpolicy
51	training	programmilestoneresearchrequirement
52	training	programmilestonelogbookrequirement
53	training	historicalworkshoprun
54	training	historicalworkshopblock
55	training	historicalworkshop
56	training	historicalresidentworkshopcompletion
57	training	historicalresidentthesis
58	training	historicalresidentresearchproject
59	training	historicalprogrampolicy
60	training	historicalprogrammilestoneworkshoprequirement
61	training	historicalprogrammilestoneresearchrequirement
62	training	historicalprogrammilestonelogbookrequirement
63	training	historicalprogrammilestone
64	training	residentworkshopcompletion
65	training	residentmilestoneeligibility
66	training	programmilestoneworkshoprequirement
67	training	logbookentry
68	training	logbookthresholdconfig
69	training	residentsubmission
70	training	submissionrequirementtemplate
71	training	submissiondocument
72	training	submissioncertificate
73	training	rotationcompletion
74	training	rotationcertificate
75	training	programrotationrequirement
76	training	logbookthresholdsnapshot
77	training	logbookreview
78	training	historicalsubmissionreview
79	training	historicalsubmissionrequirementtemplate
80	training	historicalsubmissiondocument
81	training	historicalsubmissioncertificate
82	training	historicalrotationcompletion
83	training	historicalrotationcertificate
84	training	historicalresidentsubmission
85	training	historicalprogramrotationrequirement
86	training	historicallogbookthresholdconfig
87	training	historicallogbookreview
88	training	historicallogbookentry
89	training	submissionreview
\.


--
-- Data for Name: django_migrations; Type: TABLE DATA; Schema: public; Owner: sims_user
--

COPY public.django_migrations (id, app, name, applied) FROM stdin;
1	academics	0001_initial	2026-05-12 22:03:31.438365+00
2	rotations	0001_initial	2026-05-12 22:03:31.449402+00
3	rotations	0002_initial	2026-05-12 22:03:31.602566+00
4	contenttypes	0001_initial	2026-05-12 22:03:31.637257+00
5	contenttypes	0002_remove_content_type_name	2026-05-12 22:03:31.699226+00
6	auth	0001_initial	2026-05-12 22:03:32.054365+00
7	auth	0002_alter_permission_name_max_length	2026-05-12 22:03:32.086611+00
8	auth	0003_alter_user_email_max_length	2026-05-12 22:03:32.159788+00
9	auth	0004_alter_user_username_opts	2026-05-12 22:03:32.179972+00
10	auth	0005_alter_user_last_login_null	2026-05-12 22:03:32.194676+00
11	auth	0006_require_contenttypes_0002	2026-05-12 22:03:32.199662+00
12	auth	0007_alter_validators_add_error_messages	2026-05-12 22:03:32.215584+00
13	auth	0008_alter_user_username_max_length	2026-05-12 22:03:32.235386+00
14	auth	0009_alter_user_last_name_max_length	2026-05-12 22:03:32.256135+00
15	auth	0010_alter_group_name_max_length	2026-05-12 22:03:32.280071+00
16	auth	0011_update_proxy_permissions	2026-05-12 22:03:32.312593+00
17	auth	0012_alter_user_first_name_max_length	2026-05-12 22:03:32.348342+00
18	users	0001_initial	2026-05-12 22:03:33.309149+00
19	academics	0002_initial	2026-05-12 22:03:34.199635+00
20	admin	0001_initial	2026-05-12 22:03:34.312906+00
21	admin	0002_logentry_remove_auto_add	2026-05-12 22:03:34.368721+00
22	admin	0003_logentry_add_action_flag_choices	2026-05-12 22:03:34.418891+00
23	audit	0001_initial	2026-05-12 22:03:34.512352+00
24	audit	0002_initial	2026-05-12 22:03:35.154998+00
25	bulk	0001_initial	2026-05-12 22:03:35.199513+00
26	bulk	0002_initial	2026-05-12 22:03:35.373387+00
27	django_celery_beat	0001_initial	2026-05-12 22:03:35.492379+00
28	django_celery_beat	0002_auto_20161118_0346	2026-05-12 22:03:35.544905+00
29	django_celery_beat	0003_auto_20161209_0049	2026-05-12 22:03:35.573721+00
30	django_celery_beat	0004_auto_20170221_0000	2026-05-12 22:03:35.599876+00
31	django_celery_beat	0005_add_solarschedule_events_choices	2026-05-12 22:03:35.645762+00
32	django_celery_beat	0006_auto_20180322_0932	2026-05-12 22:03:35.881819+00
33	django_celery_beat	0007_auto_20180521_0826	2026-05-12 22:03:35.917061+00
34	django_celery_beat	0008_auto_20180914_1922	2026-05-12 22:03:35.974397+00
35	django_celery_beat	0006_auto_20180210_1226	2026-05-12 22:03:36.013194+00
36	django_celery_beat	0006_periodictask_priority	2026-05-12 22:03:36.333408+00
37	django_celery_beat	0009_periodictask_headers	2026-05-12 22:03:36.606112+00
38	django_celery_beat	0010_auto_20190429_0326	2026-05-12 22:03:37.606455+00
39	django_celery_beat	0011_auto_20190508_0153	2026-05-12 22:03:37.804424+00
40	django_celery_beat	0012_periodictask_expire_seconds	2026-05-12 22:03:37.913584+00
41	django_celery_beat	0013_auto_20200609_0727	2026-05-12 22:03:37.963801+00
42	django_celery_beat	0014_remove_clockedschedule_enabled	2026-05-12 22:03:37.992305+00
43	django_celery_beat	0015_edit_solarschedule_events_choices	2026-05-12 22:03:38.015767+00
44	django_celery_beat	0016_alter_crontabschedule_timezone	2026-05-12 22:03:38.06367+00
45	django_celery_beat	0017_alter_crontabschedule_month_of_year	2026-05-12 22:03:38.08876+00
46	django_celery_beat	0018_improve_crontab_helptext	2026-05-12 22:03:38.10749+00
47	django_celery_beat	0019_alter_periodictasks_options	2026-05-12 22:03:38.133562+00
48	notifications	0001_initial	2026-05-12 22:03:38.224285+00
49	notifications	0002_initial	2026-05-12 22:03:39.331621+00
50	sessions	0001_initial	2026-05-12 22:03:39.396964+00
51	training	0001_initial	2026-05-12 22:03:41.381672+00
52	training	0002_phase6_academic_core	2026-05-12 22:03:45.817525+00
53	training	0003_residenttrainingrecord_has_default_dates	2026-05-12 22:03:46.137238+00
54	training	0004_historicalresidenttrainingrecord_has_default_dates	2026-05-12 22:03:46.236716+00
55	training	0005_logbookentry_logbookthresholdconfig_and_more	2026-05-12 22:03:58.560069+00
56	users	0002_alter_historicaluser_role_and_more	2026-05-12 22:04:05.868979+00
57	users	0003_alter_historicaluser_year_alter_user_year	2026-05-12 22:04:06.324826+00
58	users	0004_data_correction_flags	2026-05-12 22:04:09.421399+00
59	users	0005_historicaluser_data_quality_and_index_names	2026-05-12 22:04:10.522581+00
\.


--
-- Data for Name: django_session; Type: TABLE DATA; Schema: public; Owner: sims_user
--

COPY public.django_session (session_key, session_data, expire_date) FROM stdin;
\.


--
-- Data for Name: notifications_notification; Type: TABLE DATA; Schema: public; Owner: sims_user
--

COPY public.notifications_notification (id, verb, title, body, channel, metadata, read_at, scheduled_for, created_at, actor_id, recipient_id) FROM stdin;
\.


--
-- Data for Name: notifications_notificationpreference; Type: TABLE DATA; Schema: public; Owner: sims_user
--

COPY public.notifications_notificationpreference (id, email_enabled, in_app_enabled, quiet_hours_start, quiet_hours_end, user_id) FROM stdin;
\.


--
-- Data for Name: rotations_hospital; Type: TABLE DATA; Schema: public; Owner: sims_user
--

COPY public.rotations_hospital (id, name, code, address, phone, email, website, description, facilities, is_active, created_at, updated_at) FROM stdin;
5	Test Hospital WF-1778624779089	TH779089							f	2026-05-12 22:26:19.889237+00	2026-05-12 22:26:19.88926+00
6	Hospital e2e-1778624851512	H51512927							f	2026-05-12 22:27:32.010373+00	2026-05-12 22:27:32.010393+00
7	Hospital e2e-1778625183928	H83928796							f	2026-05-12 22:33:04.644704+00	2026-05-12 22:33:04.644724+00
1	Allied Hospital	AH							f	2026-05-12 22:04:10.201344+00	2026-05-13 09:28:05.118107+00
2	DHQ Hospital	DHQ							f	2026-05-12 22:04:10.207241+00	2026-05-13 09:28:05.123007+00
3	Govt General Hospital Ghulam Muhammadabad	GGH							f	2026-05-12 22:04:10.211206+00	2026-05-13 09:28:05.126652+00
4	UTRMC Teaching Hospital	UTRMC							t	2026-05-12 22:04:29.731541+00	2026-05-13 09:28:16.40912+00
8	Hospital e2e-1778664570350	H70350414							t	2026-05-13 09:29:31.237106+00	2026-05-13 09:29:31.237133+00
\.


--
-- Data for Name: rotations_hospitaldepartment; Type: TABLE DATA; Schema: public; Owner: sims_user
--

COPY public.rotations_hospitaldepartment (id, is_active, created_at, updated_at, department_id, hospital_id) FROM stdin;
51	t	2026-05-12 22:27:33.300965+00	2026-05-12 22:27:33.300983+00	22	6
52	t	2026-05-12 22:33:06.020831+00	2026-05-12 22:33:06.020856+00	23	7
1	t	2026-05-12 22:04:10.314152+00	2026-05-13 09:28:05.209272+00	1	1
2	t	2026-05-12 22:04:10.322203+00	2026-05-13 09:28:05.216925+00	2	1
3	t	2026-05-12 22:04:10.329672+00	2026-05-13 09:28:05.222299+00	3	1
4	t	2026-05-12 22:04:10.339509+00	2026-05-13 09:28:05.227421+00	4	1
5	t	2026-05-12 22:04:10.346158+00	2026-05-13 09:28:05.23213+00	5	1
6	t	2026-05-12 22:04:10.352719+00	2026-05-13 09:28:05.236845+00	6	1
7	t	2026-05-12 22:04:10.359013+00	2026-05-13 09:28:05.242978+00	7	1
8	t	2026-05-12 22:04:10.3682+00	2026-05-13 09:28:05.248741+00	8	1
9	t	2026-05-12 22:04:10.37595+00	2026-05-13 09:28:05.253449+00	9	1
10	t	2026-05-12 22:04:10.382631+00	2026-05-13 09:28:05.259312+00	10	1
18	t	2026-05-12 22:04:10.432591+00	2026-05-13 09:28:05.30372+00	18	1
19	t	2026-05-12 22:04:10.439233+00	2026-05-13 09:28:05.30845+00	19	1
20	t	2026-05-12 22:04:10.445642+00	2026-05-13 09:28:05.314658+00	20	1
21	t	2026-05-12 22:04:10.454748+00	2026-05-13 09:28:05.320719+00	1	2
22	t	2026-05-12 22:04:10.460918+00	2026-05-13 09:28:05.329934+00	2	2
23	t	2026-05-12 22:04:10.467951+00	2026-05-13 09:28:05.334811+00	3	2
24	t	2026-05-12 22:04:10.47465+00	2026-05-13 09:28:05.341243+00	4	2
25	t	2026-05-12 22:04:10.480911+00	2026-05-13 09:28:05.347698+00	5	2
26	t	2026-05-12 22:04:10.487478+00	2026-05-13 09:28:05.354491+00	6	2
27	t	2026-05-12 22:04:10.493409+00	2026-05-13 09:28:05.359361+00	7	2
28	t	2026-05-12 22:04:10.499552+00	2026-05-13 09:28:05.364219+00	8	2
29	t	2026-05-12 22:04:10.505558+00	2026-05-13 09:28:05.370323+00	9	2
30	t	2026-05-12 22:04:10.511538+00	2026-05-13 09:28:05.375118+00	10	2
31	t	2026-05-12 22:04:10.517815+00	2026-05-13 09:28:05.381874+00	11	2
32	t	2026-05-12 22:04:10.523744+00	2026-05-13 09:28:05.387001+00	12	2
33	t	2026-05-12 22:04:10.529555+00	2026-05-13 09:28:05.391859+00	13	2
34	t	2026-05-12 22:04:10.535348+00	2026-05-13 09:28:05.396585+00	14	2
35	t	2026-05-12 22:04:10.540885+00	2026-05-13 09:28:05.401377+00	15	2
36	t	2026-05-12 22:04:10.546994+00	2026-05-13 09:28:05.406168+00	16	2
37	t	2026-05-12 22:04:10.553339+00	2026-05-13 09:28:05.411561+00	17	2
38	t	2026-05-12 22:04:10.55935+00	2026-05-13 09:28:05.416353+00	18	2
39	t	2026-05-12 22:04:10.565302+00	2026-05-13 09:28:05.421607+00	19	2
40	t	2026-05-12 22:04:10.572095+00	2026-05-13 09:28:05.426483+00	20	2
41	t	2026-05-12 22:04:10.580234+00	2026-05-13 09:28:05.43239+00	1	3
42	t	2026-05-12 22:04:10.589393+00	2026-05-13 09:28:05.436509+00	2	3
43	t	2026-05-12 22:04:10.600113+00	2026-05-13 09:28:05.440824+00	3	3
44	t	2026-05-12 22:04:10.606538+00	2026-05-13 09:28:05.445256+00	4	3
45	t	2026-05-12 22:04:10.612427+00	2026-05-13 09:28:05.451079+00	19	3
46	t	2026-05-12 22:04:29.753644+00	2026-05-13 09:28:16.419578+00	2	4
47	t	2026-05-12 22:04:29.761262+00	2026-05-13 09:28:16.424579+00	1	4
48	t	2026-05-12 22:04:29.768457+00	2026-05-13 09:28:16.42913+00	3	4
49	t	2026-05-12 22:04:29.774172+00	2026-05-13 09:28:16.434536+00	4	4
50	t	2026-05-12 22:04:29.78541+00	2026-05-13 09:28:16.44015+00	5	4
53	t	2026-05-13 09:29:33.077904+00	2026-05-13 09:29:33.077923+00	24	8
11	t	2026-05-12 22:04:10.389245+00	2026-05-13 09:28:05.265639+00	11	1
12	t	2026-05-12 22:04:10.395597+00	2026-05-13 09:28:05.27011+00	12	1
13	t	2026-05-12 22:04:10.401747+00	2026-05-13 09:28:05.2745+00	13	1
14	t	2026-05-12 22:04:10.407927+00	2026-05-13 09:28:05.278944+00	14	1
15	t	2026-05-12 22:04:10.41401+00	2026-05-13 09:28:05.284669+00	15	1
16	t	2026-05-12 22:04:10.420187+00	2026-05-13 09:28:05.290688+00	16	1
17	t	2026-05-12 22:04:10.426378+00	2026-05-13 09:28:05.295187+00	17	1
\.


--
-- Data for Name: training_deputationposting; Type: TABLE DATA; Schema: public; Owner: sims_user
--

COPY public.training_deputationposting (id, posting_type, institution_name, city, start_date, end_date, status, notes, approved_at, reject_reason, created_at, updated_at, approved_by_id, resident_training_id) FROM stdin;
\.


--
-- Data for Name: training_historicaldeputationposting; Type: TABLE DATA; Schema: public; Owner: sims_user
--

COPY public.training_historicaldeputationposting (id, posting_type, institution_name, city, start_date, end_date, status, notes, approved_at, reject_reason, created_at, updated_at, history_id, history_date, history_change_reason, history_type, approved_by_id, history_user_id, resident_training_id) FROM stdin;
\.


--
-- Data for Name: training_historicalleaverequest; Type: TABLE DATA; Schema: public; Owner: sims_user
--

COPY public.training_historicalleaverequest (id, leave_type, start_date, end_date, reason, status, approved_at, reject_reason, created_at, updated_at, history_id, history_date, history_change_reason, history_type, approved_by_id, history_user_id, resident_training_id) FROM stdin;
1	study	2026-04-10	2026-04-12	Workflow leave 1778624646150	DRAFT	\N		2026-05-12 22:24:07.559495+00	2026-05-12 22:24:07.559512+00	1	2026-05-12 22:24:07.562601+00	\N	+	\N	27	12
1	study	2026-04-10	2026-04-12	Workflow leave 1778624646150	SUBMITTED	\N		2026-05-12 22:24:07.559495+00	2026-05-12 22:24:07.875925+00	2	2026-05-12 22:24:07.878264+00	\N	~	\N	27	12
1	study	2026-04-10	2026-04-12	Workflow leave 1778624646150	APPROVED	2026-05-12 22:24:09.060201+00		2026-05-12 22:24:07.559495+00	2026-05-12 22:24:09.060445+00	3	2026-05-12 22:24:09.063109+00	\N	~	26	26	12
\.


--
-- Data for Name: training_historicallogbookentry; Type: TABLE DATA; Schema: public; Owner: sims_user
--

COPY public.training_historicallogbookentry (id, patient_id_number, patient_name, age, gender, demographics, disease_area, diagnosis, clinical_presentation, management_plan, resident_reflection, patient_seen_at, status, submitted_at, returned_at, approved_at, supervisor_feedback, created_at, updated_at, history_id, history_date, history_change_reason, history_type, created_by_id, history_user_id, resident_training_record_id, reviewed_by_id, rotation_assignment_id) FROM stdin;
1	FL-LOG-1778624600796	Feature Layer Patient	42				Complicated appendicitis		Initial conservative management.		2026-06-15 09:30:00+00	DRAFT	\N	\N	\N		2026-05-12 22:23:22.406605+00	2026-05-12 22:23:22.406623+00	1	2026-05-12 22:23:22.472369+00	\N	+	30	30	13	\N	\N
1	FL-LOG-1778624600796	Feature Layer Patient	42				Complicated appendicitis		Initial conservative management.		2026-06-15 09:30:00+00	SUBMITTED	2026-05-12 22:23:22.858563+00	\N	\N		2026-05-12 22:23:22.406605+00	2026-05-12 22:23:22.858772+00	2	2026-05-12 22:23:22.861278+00	\N	~	30	30	13	\N	\N
1	FL-LOG-1778624600796	Feature Layer Patient	42				Complicated appendicitis		Initial conservative management.		2026-06-15 09:30:00+00	RETURNED	2026-05-12 22:23:22.858563+00	2026-05-12 22:23:23.737602+00	\N	Please add clearer management detail.	2026-05-12 22:23:22.406605+00	2026-05-12 22:23:23.737849+00	3	2026-05-12 22:23:23.740554+00	\N	~	30	28	13	28	\N
1	FL-LOG-1778624600796	Feature Layer Patient	42				Complicated appendicitis		Initial conservative management.		2026-06-15 09:30:00+00	SUBMITTED	2026-05-12 22:23:24.588364+00	2026-05-12 22:23:23.737602+00	\N		2026-05-12 22:23:22.406605+00	2026-05-12 22:23:24.588585+00	4	2026-05-12 22:23:24.5927+00	\N	~	30	30	13	28	\N
1	FL-LOG-1778624600796	Feature Layer Patient	42				Complicated appendicitis		Initial conservative management.		2026-06-15 09:30:00+00	APPROVED	2026-05-12 22:23:24.588364+00	2026-05-12 22:23:23.737602+00	2026-05-12 22:23:25.240248+00	Approved after resubmission.	2026-05-12 22:23:22.406605+00	2026-05-12 22:23:25.240483+00	5	2026-05-12 22:23:25.24302+00	\N	~	30	28	13	28	\N
2	FL-PERM-1778624608295	Permission Scope Validation Case	42	M		Medicine	Permission scope validation case	Direct API fixture	Permission boundary fixture	Validate queue isolation.	2026-08-05 11:00:00+00	DRAFT	\N	\N	\N		2026-05-12 22:23:29.339789+00	2026-05-12 22:23:29.339802+00	6	2026-05-12 22:23:29.344487+00	\N	+	33	33	14	\N	\N
2	FL-PERM-1778624608295	Permission Scope Validation Case	42	M		Medicine	Permission scope validation case	Direct API fixture	Permission boundary fixture	Validate queue isolation.	2026-08-05 11:00:00+00	SUBMITTED	2026-05-12 22:23:29.397588+00	\N	\N		2026-05-12 22:23:29.339789+00	2026-05-12 22:23:29.397738+00	7	2026-05-12 22:23:29.400241+00	\N	~	33	33	14	\N	\N
3	FL-LOG-1778624660553	Feature Layer Patient	42				Complicated appendicitis		Initial conservative management.		2026-06-15 09:30:00+00	DRAFT	\N	\N	\N		2026-05-12 22:24:21.732889+00	2026-05-12 22:24:21.732903+00	8	2026-05-12 22:24:21.735993+00	\N	+	30	30	13	\N	\N
3	FL-LOG-1778624660553	Feature Layer Patient	42				Complicated appendicitis		Initial conservative management.		2026-06-15 09:30:00+00	SUBMITTED	2026-05-12 22:24:22.063764+00	\N	\N		2026-05-12 22:24:21.732889+00	2026-05-12 22:24:22.063913+00	9	2026-05-12 22:24:22.066829+00	\N	~	30	30	13	\N	\N
3	FL-LOG-1778624660553	Feature Layer Patient	42				Complicated appendicitis		Initial conservative management.		2026-06-15 09:30:00+00	RETURNED	2026-05-12 22:24:22.063764+00	2026-05-12 22:24:22.844645+00	\N	Please add clearer management detail.	2026-05-12 22:24:21.732889+00	2026-05-12 22:24:22.844972+00	10	2026-05-12 22:24:22.849552+00	\N	~	30	28	13	28	\N
3	FL-LOG-1778624660553	Feature Layer Patient	42				Complicated appendicitis		Initial conservative management.		2026-06-15 09:30:00+00	SUBMITTED	2026-05-12 22:24:23.820357+00	2026-05-12 22:24:22.844645+00	\N		2026-05-12 22:24:21.732889+00	2026-05-12 22:24:23.820529+00	11	2026-05-12 22:24:23.823307+00	\N	~	30	30	13	28	\N
3	FL-LOG-1778624660553	Feature Layer Patient	42				Complicated appendicitis		Initial conservative management.		2026-06-15 09:30:00+00	APPROVED	2026-05-12 22:24:23.820357+00	2026-05-12 22:24:22.844645+00	2026-05-12 22:24:24.435431+00	Approved after resubmission.	2026-05-12 22:24:21.732889+00	2026-05-12 22:24:24.435653+00	12	2026-05-12 22:24:24.438415+00	\N	~	30	28	13	28	\N
4	FL-PERM-1778624667488	Permission Scope Validation Case	42	M		Medicine	Permission scope validation case	Direct API fixture	Permission boundary fixture	Validate queue isolation.	2026-08-05 11:00:00+00	DRAFT	\N	\N	\N		2026-05-12 22:24:28.505861+00	2026-05-12 22:24:28.505874+00	13	2026-05-12 22:24:28.509117+00	\N	+	33	33	14	\N	\N
4	FL-PERM-1778624667488	Permission Scope Validation Case	42	M		Medicine	Permission scope validation case	Direct API fixture	Permission boundary fixture	Validate queue isolation.	2026-08-05 11:00:00+00	SUBMITTED	2026-05-12 22:24:28.574606+00	\N	\N		2026-05-12 22:24:28.505861+00	2026-05-12 22:24:28.574788+00	14	2026-05-12 22:24:28.577784+00	\N	~	33	33	14	\N	\N
3	FL-LOG-1778624660553	Feature Layer Patient	42				Complicated appendicitis		Initial conservative management.		2026-06-15 09:30:00+00	APPROVED	2026-05-12 22:24:23.820357+00	2026-05-12 22:24:22.844645+00	2026-05-12 22:24:24.435431+00	Approved after resubmission.	2026-05-12 22:24:21.732889+00	2026-05-12 22:24:24.435653+00	15	2026-05-13 04:28:22.471368+00	\N	-	30	\N	13	28	\N
1	FL-LOG-1778624600796	Feature Layer Patient	42				Complicated appendicitis		Initial conservative management.		2026-06-15 09:30:00+00	APPROVED	2026-05-12 22:23:24.588364+00	2026-05-12 22:23:23.737602+00	2026-05-12 22:23:25.240248+00	Approved after resubmission.	2026-05-12 22:23:22.406605+00	2026-05-12 22:23:25.240483+00	16	2026-05-13 04:28:22.545546+00	\N	-	30	\N	13	28	\N
4	FL-PERM-1778624667488	Permission Scope Validation Case	42	M		Medicine	Permission scope validation case	Direct API fixture	Permission boundary fixture	Validate queue isolation.	2026-08-05 11:00:00+00	SUBMITTED	2026-05-12 22:24:28.574606+00	\N	\N		2026-05-12 22:24:28.505861+00	2026-05-12 22:24:28.574788+00	17	2026-05-13 04:28:22.642643+00	\N	-	33	\N	14	\N	\N
2	FL-PERM-1778624608295	Permission Scope Validation Case	42	M		Medicine	Permission scope validation case	Direct API fixture	Permission boundary fixture	Validate queue isolation.	2026-08-05 11:00:00+00	SUBMITTED	2026-05-12 22:23:29.397588+00	\N	\N		2026-05-12 22:23:29.339789+00	2026-05-12 22:23:29.397738+00	18	2026-05-13 04:28:22.649541+00	\N	-	33	\N	14	\N	\N
5	FL-LOG-1778664522082	Feature Layer Patient	42				Complicated appendicitis		Initial conservative management.		2026-06-15 09:30:00+00	DRAFT	\N	\N	\N		2026-05-13 09:28:43.687358+00	2026-05-13 09:28:43.687372+00	19	2026-05-13 09:28:43.725807+00	\N	+	30	30	13	\N	\N
5	FL-LOG-1778664522082	Feature Layer Patient	42				Complicated appendicitis		Initial conservative management.		2026-06-15 09:30:00+00	SUBMITTED	2026-05-13 09:28:44.3319+00	\N	\N		2026-05-13 09:28:43.687358+00	2026-05-13 09:28:44.332191+00	20	2026-05-13 09:28:44.335113+00	\N	~	30	30	13	\N	\N
5	FL-LOG-1778664522082	Feature Layer Patient	42				Complicated appendicitis		Initial conservative management.		2026-06-15 09:30:00+00	RETURNED	2026-05-13 09:28:44.3319+00	2026-05-13 09:28:45.64979+00	\N	Please add clearer management detail.	2026-05-13 09:28:43.687358+00	2026-05-13 09:28:45.649991+00	21	2026-05-13 09:28:45.653179+00	\N	~	30	28	13	28	\N
5	FL-LOG-1778664522082	Feature Layer Patient	42				Complicated appendicitis		Initial conservative management.		2026-06-15 09:30:00+00	SUBMITTED	2026-05-13 09:28:46.748553+00	2026-05-13 09:28:45.64979+00	\N		2026-05-13 09:28:43.687358+00	2026-05-13 09:28:46.748736+00	22	2026-05-13 09:28:46.751201+00	\N	~	30	30	13	28	\N
5	FL-LOG-1778664522082	Feature Layer Patient	42				Complicated appendicitis		Initial conservative management.		2026-06-15 09:30:00+00	APPROVED	2026-05-13 09:28:46.748553+00	2026-05-13 09:28:45.64979+00	2026-05-13 09:28:47.597967+00	Approved after resubmission.	2026-05-13 09:28:43.687358+00	2026-05-13 09:28:47.598289+00	23	2026-05-13 09:28:47.600911+00	\N	~	30	28	13	28	\N
6	FL-PERM-1778664532123	Permission Scope Validation Case	42	M		Medicine	Permission scope validation case	Direct API fixture	Permission boundary fixture	Validate queue isolation.	2026-08-05 11:00:00+00	DRAFT	\N	\N	\N		2026-05-13 09:28:53.617587+00	2026-05-13 09:28:53.6176+00	24	2026-05-13 09:28:53.620507+00	\N	+	33	33	14	\N	\N
6	FL-PERM-1778664532123	Permission Scope Validation Case	42	M		Medicine	Permission scope validation case	Direct API fixture	Permission boundary fixture	Validate queue isolation.	2026-08-05 11:00:00+00	SUBMITTED	2026-05-13 09:28:53.657852+00	\N	\N		2026-05-13 09:28:53.617587+00	2026-05-13 09:28:53.658001+00	25	2026-05-13 09:28:53.660555+00	\N	~	33	33	14	\N	\N
\.


--
-- Data for Name: training_historicallogbookreview; Type: TABLE DATA; Schema: public; Owner: sims_user
--

COPY public.training_historicallogbookreview (id, action, comments, created_at, history_id, history_date, history_change_reason, history_type, entry_id, history_user_id, reviewer_id) FROM stdin;
1	RETURNED	Please add clearer management detail.	2026-05-12 22:23:23.746982+00	1	2026-05-12 22:23:23.749582+00	\N	+	1	28	28
2	APPROVED	Approved after resubmission.	2026-05-12 22:23:25.248711+00	2	2026-05-12 22:23:25.251185+00	\N	+	1	28	28
3	RETURNED	Please add clearer management detail.	2026-05-12 22:24:22.857092+00	3	2026-05-12 22:24:22.859487+00	\N	+	3	28	28
4	APPROVED	Approved after resubmission.	2026-05-12 22:24:24.444879+00	4	2026-05-12 22:24:24.44681+00	\N	+	3	28	28
4	APPROVED	Approved after resubmission.	2026-05-12 22:24:24.444879+00	5	2026-05-13 04:28:22.396091+00	\N	-	3	\N	28
3	RETURNED	Please add clearer management detail.	2026-05-12 22:24:22.857092+00	6	2026-05-13 04:28:22.457627+00	\N	-	3	\N	28
2	APPROVED	Approved after resubmission.	2026-05-12 22:23:25.248711+00	7	2026-05-13 04:28:22.460839+00	\N	-	1	\N	28
1	RETURNED	Please add clearer management detail.	2026-05-12 22:23:23.746982+00	8	2026-05-13 04:28:22.465668+00	\N	-	1	\N	28
5	RETURNED	Please add clearer management detail.	2026-05-13 09:28:45.660557+00	9	2026-05-13 09:28:45.710051+00	\N	+	5	28	28
6	APPROVED	Approved after resubmission.	2026-05-13 09:28:47.610567+00	10	2026-05-13 09:28:47.614768+00	\N	+	5	28	28
\.


--
-- Data for Name: training_historicallogbookthresholdconfig; Type: TABLE DATA; Schema: public; Owner: sims_user
--

COPY public.training_historicallogbookthresholdconfig (id, name, mode, min_approved_entries, period_days, is_active, created_at, updated_at, history_id, history_date, history_change_reason, history_type, configured_by_id, department_id, history_user_id, program_id) FROM stdin;
1	E2E Logbook Threshold Per Rotation	PER_ROTATION	1	\N	t	2026-05-12 22:04:38.609123+00	2026-05-12 22:04:38.609142+00	1	2026-05-12 22:04:38.610597+00	\N	+	9	2	\N	3
2	E2E Logbook Threshold Per 30 Days	PER_PERIOD	1	30	t	2026-05-12 22:04:38.61895+00	2026-05-12 22:04:38.618968+00	2	2026-05-12 22:04:38.619721+00	\N	+	9	2	\N	3
2	E2E Logbook Threshold Per 30 Days	PER_PERIOD	1	30	t	2026-05-12 22:04:38.61895+00	2026-05-12 22:04:38.618968+00	3	2026-05-12 22:08:15.030765+00	\N	-	9	2	\N	3
1	E2E Logbook Threshold Per Rotation	PER_ROTATION	1	\N	t	2026-05-12 22:04:38.609123+00	2026-05-12 22:04:38.609142+00	4	2026-05-12 22:08:15.037885+00	\N	-	9	2	\N	3
3	E2E Logbook Threshold Per Rotation	PER_ROTATION	1	\N	t	2026-05-12 22:21:55.640614+00	2026-05-12 22:21:55.640627+00	5	2026-05-12 22:21:55.64143+00	\N	+	25	2	\N	4
4	E2E Logbook Threshold Per 30 Days	PER_PERIOD	1	30	t	2026-05-12 22:21:55.647847+00	2026-05-12 22:21:55.647882+00	6	2026-05-12 22:21:55.648466+00	\N	+	25	2	\N	4
3	E2E Logbook Threshold Per Rotation	PER_ROTATION	1	\N	t	2026-05-12 22:21:55.640614+00	2026-05-12 22:23:05.710811+00	7	2026-05-12 22:23:05.711742+00	\N	~	25	2	\N	4
4	E2E Logbook Threshold Per 30 Days	PER_PERIOD	1	30	t	2026-05-12 22:21:55.647847+00	2026-05-12 22:23:05.7168+00	8	2026-05-12 22:23:05.717504+00	\N	~	25	2	\N	4
3	E2E Logbook Threshold Per Rotation	PER_ROTATION	1	\N	t	2026-05-12 22:21:55.640614+00	2026-05-13 04:28:23.474096+00	9	2026-05-13 04:28:23.478316+00	\N	~	25	2	\N	4
4	E2E Logbook Threshold Per 30 Days	PER_PERIOD	1	30	t	2026-05-12 22:21:55.647847+00	2026-05-13 04:28:23.515638+00	10	2026-05-13 04:28:23.517917+00	\N	~	25	2	\N	4
3	E2E Logbook Threshold Per Rotation	PER_ROTATION	1	\N	t	2026-05-12 22:21:55.640614+00	2026-05-13 09:27:06.115889+00	11	2026-05-13 09:27:06.117177+00	\N	~	25	2	\N	4
4	E2E Logbook Threshold Per 30 Days	PER_PERIOD	1	30	t	2026-05-12 22:21:55.647847+00	2026-05-13 09:27:06.132081+00	12	2026-05-13 09:27:06.133118+00	\N	~	25	2	\N	4
3	E2E Logbook Threshold Per Rotation	PER_ROTATION	1	\N	t	2026-05-12 22:21:55.640614+00	2026-05-13 09:28:22.51887+00	13	2026-05-13 09:28:22.519976+00	\N	~	25	2	\N	4
4	E2E Logbook Threshold Per 30 Days	PER_PERIOD	1	30	t	2026-05-12 22:21:55.647847+00	2026-05-13 09:28:22.526642+00	14	2026-05-13 09:28:22.527567+00	\N	~	25	2	\N	4
\.


--
-- Data for Name: training_historicalprogrammilestone; Type: TABLE DATA; Schema: public; Owner: sims_user
--

COPY public.training_historicalprogrammilestone (id, code, name, recommended_month, is_active, created_at, updated_at, history_id, history_date, history_change_reason, history_type, history_user_id, program_id) FROM stdin;
3	IMM	Intermediate Membership	24	t	2026-05-12 22:21:55.469912+00	2026-05-12 22:21:55.469932+00	5	2026-05-12 22:21:55.470805+00	\N	+	\N	4
4	FINAL	Final Examination	48	t	2026-05-12 22:21:55.477678+00	2026-05-12 22:21:55.477691+00	6	2026-05-12 22:21:55.47824+00	\N	+	\N	4
3	IMM	Intermediate Membership	24	t	2026-05-12 22:21:55.469912+00	2026-05-12 22:23:05.531657+00	7	2026-05-12 22:23:05.53275+00	\N	~	\N	4
4	FINAL	Final Examination	48	t	2026-05-12 22:21:55.477678+00	2026-05-12 22:23:05.539286+00	8	2026-05-12 22:23:05.54001+00	\N	~	\N	4
5	IMM	Intermediate Membership	24	t	2026-05-12 22:27:13.276004+00	2026-05-12 22:27:13.276081+00	9	2026-05-12 22:27:13.279196+00	\N	+	23	5
6	IMM	Intermediate Membership	24	t	2026-05-12 22:32:45.570887+00	2026-05-12 22:32:45.570917+00	10	2026-05-12 22:32:45.576442+00	\N	+	23	7
3	IMM	Intermediate Membership	24	t	2026-05-12 22:21:55.469912+00	2026-05-13 04:28:21.685666+00	11	2026-05-13 04:28:21.688184+00	\N	~	\N	4
4	FINAL	Final Examination	48	t	2026-05-12 22:21:55.477678+00	2026-05-13 04:28:21.795081+00	12	2026-05-13 04:28:21.79731+00	\N	~	\N	4
3	IMM	Intermediate Membership	24	t	2026-05-12 22:21:55.469912+00	2026-05-13 09:27:05.142825+00	13	2026-05-13 09:27:05.144316+00	\N	~	\N	4
4	FINAL	Final Examination	48	t	2026-05-12 22:21:55.477678+00	2026-05-13 09:27:05.308848+00	14	2026-05-13 09:27:05.309865+00	\N	~	\N	4
3	IMM	Intermediate Membership	24	t	2026-05-12 22:21:55.469912+00	2026-05-13 09:28:22.337465+00	15	2026-05-13 09:28:22.338416+00	\N	~	\N	4
4	FINAL	Final Examination	48	t	2026-05-12 22:21:55.477678+00	2026-05-13 09:28:22.344235+00	16	2026-05-13 09:28:22.345065+00	\N	~	\N	4
7	IMM	Intermediate Membership	24	t	2026-05-13 09:29:10.580856+00	2026-05-13 09:29:10.580881+00	17	2026-05-13 09:29:10.623934+00	\N	+	23	9
\.


--
-- Data for Name: training_historicalprogrammilestonelogbookrequirement; Type: TABLE DATA; Schema: public; Owner: sims_user
--

COPY public.training_historicalprogrammilestonelogbookrequirement (id, procedure_key, category, min_entries, created_at, history_id, history_date, history_change_reason, history_type, history_user_id, milestone_id) FROM stdin;
\.


--
-- Data for Name: training_historicalprogrammilestoneresearchrequirement; Type: TABLE DATA; Schema: public; Owner: sims_user
--

COPY public.training_historicalprogrammilestoneresearchrequirement (id, requires_synopsis_approved, requires_synopsis_submitted_to_university, requires_thesis_submitted, created_at, updated_at, history_id, history_date, history_change_reason, history_type, history_user_id, milestone_id) FROM stdin;
1	t	f	f	2026-05-12 22:04:38.041616+00	2026-05-12 22:04:38.041644+00	1	2026-05-12 22:04:38.043165+00	\N	+	\N	1
2	t	f	t	2026-05-12 22:04:38.056443+00	2026-05-12 22:04:38.056491+00	2	2026-05-12 22:04:38.057285+00	\N	+	\N	2
2	t	f	t	2026-05-12 22:04:38.056443+00	2026-05-12 22:04:38.056491+00	3	2026-05-12 22:08:14.870723+00	\N	-	\N	2
1	t	f	f	2026-05-12 22:04:38.041616+00	2026-05-12 22:04:38.041644+00	4	2026-05-12 22:08:14.877358+00	\N	-	\N	1
3	t	f	f	2026-05-12 22:21:55.484467+00	2026-05-12 22:21:55.484518+00	5	2026-05-12 22:21:55.485483+00	\N	+	\N	3
4	t	f	t	2026-05-12 22:21:55.490218+00	2026-05-12 22:21:55.490229+00	6	2026-05-12 22:21:55.490676+00	\N	+	\N	4
3	t	f	f	2026-05-12 22:21:55.484467+00	2026-05-12 22:23:05.545744+00	7	2026-05-12 22:23:05.546727+00	\N	~	\N	3
4	t	f	t	2026-05-12 22:21:55.490218+00	2026-05-12 22:23:05.554732+00	8	2026-05-12 22:23:05.555561+00	\N	~	\N	4
5	f	f	f	2026-05-12 22:27:13.393529+00	2026-05-12 22:27:13.393557+00	9	2026-05-12 22:27:13.39729+00	\N	+	23	5
5	t	f	f	2026-05-12 22:27:13.393529+00	2026-05-12 22:27:13.410933+00	10	2026-05-12 22:27:13.412948+00	\N	~	23	5
6	f	f	f	2026-05-12 22:32:45.657243+00	2026-05-12 22:32:45.657267+00	11	2026-05-12 22:32:45.659853+00	\N	+	23	6
6	t	f	f	2026-05-12 22:32:45.657243+00	2026-05-12 22:32:45.695577+00	12	2026-05-12 22:32:45.699003+00	\N	~	23	6
3	t	f	f	2026-05-12 22:21:55.484467+00	2026-05-13 04:28:21.857635+00	13	2026-05-13 04:28:21.873488+00	\N	~	\N	3
4	t	f	t	2026-05-12 22:21:55.490218+00	2026-05-13 04:28:21.941466+00	14	2026-05-13 04:28:21.946635+00	\N	~	\N	4
3	t	f	f	2026-05-12 22:21:55.484467+00	2026-05-13 09:27:05.337098+00	15	2026-05-13 09:27:05.338817+00	\N	~	\N	3
4	t	f	t	2026-05-12 22:21:55.490218+00	2026-05-13 09:27:05.404921+00	16	2026-05-13 09:27:05.405766+00	\N	~	\N	4
3	t	f	f	2026-05-12 22:21:55.484467+00	2026-05-13 09:28:22.350587+00	17	2026-05-13 09:28:22.35133+00	\N	~	\N	3
4	t	f	t	2026-05-12 22:21:55.490218+00	2026-05-13 09:28:22.357586+00	18	2026-05-13 09:28:22.358297+00	\N	~	\N	4
7	f	f	f	2026-05-13 09:29:10.794245+00	2026-05-13 09:29:10.794267+00	19	2026-05-13 09:29:10.811169+00	\N	+	23	7
7	t	f	f	2026-05-13 09:29:10.794245+00	2026-05-13 09:29:10.820716+00	20	2026-05-13 09:29:10.822737+00	\N	~	23	7
\.


--
-- Data for Name: training_historicalprogrammilestoneworkshoprequirement; Type: TABLE DATA; Schema: public; Owner: sims_user
--

COPY public.training_historicalprogrammilestoneworkshoprequirement (id, required_count, created_at, history_id, history_date, history_change_reason, history_type, history_user_id, milestone_id, workshop_id) FROM stdin;
\.


--
-- Data for Name: training_historicalprogrampolicy; Type: TABLE DATA; Schema: public; Owner: sims_user
--

COPY public.training_historicalprogrampolicy (id, allow_program_change, program_change_requires_restart, min_active_months_before_imm, imm_allowed_from_month, final_allowed_from_month, exception_rules_text, created_at, updated_at, history_id, history_date, history_change_reason, history_type, history_user_id, program_id) FROM stdin;
1	f	t	\N	\N	\N		2026-05-12 22:25:06.218187+00	2026-05-12 22:25:06.218211+00	1	2026-05-12 22:25:06.221286+00	\N	+	24	2
2	f	t	\N	\N	\N		2026-05-12 22:27:17.21443+00	2026-05-12 22:27:17.21445+00	2	2026-05-12 22:27:17.216979+00	\N	+	23	6
2	f	f	12	18	42	No exceptions.	2026-05-12 22:27:17.21443+00	2026-05-12 22:27:17.319484+00	3	2026-05-12 22:27:17.323001+00	\N	~	23	6
3	f	t	\N	\N	\N		2026-05-12 22:32:49.56061+00	2026-05-12 22:32:49.560636+00	4	2026-05-12 22:32:49.561835+00	\N	+	23	8
3	f	f	12	18	42	No exceptions.	2026-05-12 22:32:49.56061+00	2026-05-12 22:32:49.614219+00	5	2026-05-12 22:32:49.617531+00	\N	~	23	8
4	f	t	\N	\N	\N		2026-05-13 09:29:15.569901+00	2026-05-13 09:29:15.569924+00	6	2026-05-13 09:29:15.572946+00	\N	+	23	10
4	f	f	12	18	42	No exceptions.	2026-05-13 09:29:15.569901+00	2026-05-13 09:29:15.663573+00	7	2026-05-13 09:29:15.665929+00	\N	~	23	10
\.


--
-- Data for Name: training_historicalprogramrotationrequirement; Type: TABLE DATA; Schema: public; Owner: sims_user
--

COPY public.training_historicalprogramrotationrequirement (id, required_duration_weeks, sequence_order, is_mandatory, notes, created_at, updated_at, history_id, history_date, history_change_reason, history_type, department_id, history_user_id, program_id) FROM stdin;
1	4	1	t	E2E phase-1 rotational requirement.	2026-05-12 22:04:38.51531+00	2026-05-12 22:04:38.515332+00	1	2026-05-12 22:04:38.598697+00	\N	+	1	\N	3
1	4	1	t	E2E phase-1 rotational requirement.	2026-05-12 22:04:38.51531+00	2026-05-12 22:04:38.515332+00	2	2026-05-12 22:08:15.05809+00	\N	-	1	\N	3
2	4	1	t	E2E phase-1 rotational requirement.	2026-05-12 22:21:55.632383+00	2026-05-12 22:21:55.632404+00	3	2026-05-12 22:21:55.634103+00	\N	+	1	\N	4
2	4	1	t	E2E phase-1 rotational requirement.	2026-05-12 22:21:55.632383+00	2026-05-12 22:23:05.701983+00	4	2026-05-12 22:23:05.703121+00	\N	~	1	\N	4
2	4	1	t	E2E phase-1 rotational requirement.	2026-05-12 22:21:55.632383+00	2026-05-13 04:28:23.394678+00	5	2026-05-13 04:28:23.400574+00	\N	~	1	\N	4
2	4	1	t	E2E phase-1 rotational requirement.	2026-05-12 22:21:55.632383+00	2026-05-13 09:27:06.096949+00	6	2026-05-13 09:27:06.098016+00	\N	~	1	\N	4
2	4	1	t	E2E phase-1 rotational requirement.	2026-05-12 22:21:55.632383+00	2026-05-13 09:28:22.507878+00	7	2026-05-13 09:28:22.508919+00	\N	~	1	\N	4
\.


--
-- Data for Name: training_historicalprogramrotationtemplate; Type: TABLE DATA; Schema: public; Owner: sims_user
--

COPY public.training_historicalprogramrotationtemplate (id, name, duration_weeks, required, sequence_order, active, created_at, history_id, history_date, history_change_reason, history_type, department_id, history_user_id, program_id, block_index, is_mandatory, min_duration_weeks, phase_index, requirements_json, year_index) FROM stdin;
\.


--
-- Data for Name: training_historicalresidentresearchproject; Type: TABLE DATA; Schema: public; Owner: sims_user
--

COPY public.training_historicalresidentresearchproject (id, title, topic_area, status, synopsis_file, synopsis_approved_at, supervisor_feedback, university_submission_ref, submitted_to_supervisor_at, submitted_to_university_at, accepted_at, created_at, updated_at, history_id, history_date, history_change_reason, history_type, history_user_id, resident_training_record_id, supervisor_id) FROM stdin;
2	E2E Baseline Research Project	Clinical Education	SUBMITTED_TO_SUPERVISOR		\N			2026-05-12 22:21:55.545402+00	\N	\N	2026-05-12 22:21:55.547643+00	2026-05-12 22:21:55.547654+00	3	2026-05-12 22:21:55.548655+00	\N	+	\N	12	26
2	E2E Baseline Research Project	Clinical Education	SUBMITTED_TO_SUPERVISOR		\N			2026-05-12 22:23:05.629405+00	\N	\N	2026-05-12 22:21:55.547643+00	2026-05-12 22:23:05.631341+00	4	2026-05-12 22:23:05.632573+00	\N	~	\N	12	26
3	E2E Research p6-1778624832297	Clinical Medicine	DRAFT		\N		\N	\N	\N	\N	2026-05-12 22:27:15.081317+00	2026-05-12 22:27:15.08133+00	5	2026-05-12 22:27:15.083803+00	\N	+	35	15	\N
3	E2E Research p6-1778624832297	Clinical Medicine	SUBMITTED_TO_SUPERVISOR		\N		\N	2026-05-12 22:27:15.179423+00	\N	\N	2026-05-12 22:27:15.081317+00	2026-05-12 22:27:15.179655+00	6	2026-05-12 22:27:15.183292+00	\N	~	35	15	\N
4	E2E Research p6-1778625164763	Clinical Medicine	DRAFT		\N		\N	\N	\N	\N	2026-05-12 22:32:47.375508+00	2026-05-12 22:32:47.375526+00	7	2026-05-12 22:32:47.377906+00	\N	+	39	16	\N
4	E2E Research p6-1778625164763	Clinical Medicine	SUBMITTED_TO_SUPERVISOR		\N		\N	2026-05-12 22:32:47.432946+00	\N	\N	2026-05-12 22:32:47.375508+00	2026-05-12 22:32:47.433104+00	8	2026-05-12 22:32:47.43497+00	\N	~	39	16	\N
2	E2E Baseline Research Project	Clinical Education	SUBMITTED_TO_SUPERVISOR		\N			2026-05-13 04:28:22.66259+00	\N	\N	2026-05-12 22:21:55.547643+00	2026-05-13 04:28:22.667699+00	9	2026-05-13 04:28:22.669024+00	\N	~	\N	12	26
2	E2E Baseline Research Project	Clinical Education	SUBMITTED_TO_SUPERVISOR		\N			2026-05-13 09:27:05.876946+00	\N	\N	2026-05-12 22:21:55.547643+00	2026-05-13 09:27:05.879787+00	10	2026-05-13 09:27:05.881128+00	\N	~	\N	12	26
2	E2E Baseline Research Project	Clinical Education	SUBMITTED_TO_SUPERVISOR		\N			2026-05-13 09:28:22.432756+00	\N	\N	2026-05-12 22:21:55.547643+00	2026-05-13 09:28:22.434637+00	11	2026-05-13 09:28:22.435871+00	\N	~	\N	12	26
5	E2E Research p6-1778664549692	Clinical Medicine	DRAFT		\N		\N	\N	\N	\N	2026-05-13 09:29:12.74972+00	2026-05-13 09:29:12.749737+00	12	2026-05-13 09:29:12.752959+00	\N	+	43	17	\N
5	E2E Research p6-1778664549692	Clinical Medicine	SUBMITTED_TO_SUPERVISOR		\N		\N	2026-05-13 09:29:12.855113+00	\N	\N	2026-05-13 09:29:12.74972+00	2026-05-13 09:29:12.855267+00	13	2026-05-13 09:29:12.857527+00	\N	~	43	17	\N
\.


--
-- Data for Name: training_historicalresidentsubmission; Type: TABLE DATA; Schema: public; Owner: sims_user
--

COPY public.training_historicalresidentsubmission (id, submission_type, status, submitted_at, under_review_at, returned_at, verified_at, certificate_issued_at, feedback, created_at, updated_at, history_id, history_date, history_change_reason, history_type, history_user_id, resident_training_record_id, reviewed_by_id) FROM stdin;
\.


--
-- Data for Name: training_historicalresidentthesis; Type: TABLE DATA; Schema: public; Owner: sims_user
--

COPY public.training_historicalresidentthesis (id, status, thesis_file, submitted_at, final_submission_ref, notes, created_at, updated_at, history_id, history_date, history_change_reason, history_type, history_user_id, resident_training_record_id) FROM stdin;
\.


--
-- Data for Name: training_historicalresidenttrainingrecord; Type: TABLE DATA; Schema: public; Owner: sims_user
--

COPY public.training_historicalresidenttrainingrecord (id, start_date, expected_end_date, current_level, active, created_at, updated_at, history_id, history_date, history_change_reason, history_type, created_by_id, history_user_id, program_id, resident_user_id, locked_program, program_change_reason, restart_from_scratch_on_change, status, has_default_dates) FROM stdin;
8	2026-01-12	2030-04-21	1	t	2026-05-12 22:08:40.231316+00	2026-05-12 22:08:40.231337+00	17	2026-05-12 22:08:40.23255+00	\N	+	21	\N	1	21	t	\N	t	ACTIVE	t
9	2026-01-12	2030-04-21	1	t	2026-05-12 22:08:40.930912+00	2026-05-12 22:08:40.93093+00	18	2026-05-12 22:08:40.931713+00	\N	+	22	\N	1	22	t	\N	t	ACTIVE	t
10	2026-01-12	2029-05-11	y1	t	2026-05-12 22:08:40.998053+00	2026-05-12 22:08:40.998075+00	19	2026-05-12 22:08:40.998884+00	\N	+	1	\N	2	21	t	\N	t	ACTIVE	t
11	2026-01-12	2029-05-11	y1	t	2026-05-12 22:08:41.032346+00	2026-05-12 22:08:41.032365+00	20	2026-05-12 22:08:41.033234+00	\N	+	1	\N	2	22	t	\N	t	ACTIVE	t
12	2025-05-12	2029-05-11	y2	t	2026-05-12 22:21:55.503612+00	2026-05-12 22:21:55.503627+00	21	2026-05-12 22:21:55.504405+00	\N	+	26	\N	4	27	t	\N	t	ACTIVE	f
13	2025-10-04	2029-05-11	y1	t	2026-05-12 22:21:55.511204+00	2026-05-12 22:21:55.511217+00	22	2026-05-12 22:21:55.511748+00	\N	+	28	\N	4	30	t	\N	t	ACTIVE	f
14	2025-12-23	2029-05-11	y1	t	2026-05-12 22:21:55.516686+00	2026-05-12 22:21:55.516697+00	23	2026-05-12 22:21:55.517229+00	\N	+	28	\N	4	33	t	\N	t	ACTIVE	f
10	2026-01-12	2029-05-11	y1	t	2026-05-12 22:08:40.998053+00	2026-05-12 22:22:56.784808+00	24	2026-05-12 22:22:56.785804+00	\N	~	1	\N	2	21	t	\N	t	ACTIVE	t
11	2026-01-12	2029-05-11	y1	t	2026-05-12 22:08:41.032346+00	2026-05-12 22:22:56.823971+00	25	2026-05-12 22:22:56.82482+00	\N	~	1	\N	2	22	t	\N	t	ACTIVE	t
12	2025-05-12	2029-05-11	y2	t	2026-05-12 22:21:55.503612+00	2026-05-12 22:23:05.573191+00	26	2026-05-12 22:23:05.574724+00	\N	~	26	\N	4	27	t	\N	t	ACTIVE	f
13	2025-10-04	2029-05-11	y1	t	2026-05-12 22:21:55.511204+00	2026-05-12 22:23:05.586007+00	27	2026-05-12 22:23:05.58709+00	\N	~	28	\N	4	30	t	\N	t	ACTIVE	f
14	2025-12-23	2029-05-11	y1	t	2026-05-12 22:21:55.516686+00	2026-05-12 22:23:05.59613+00	28	2026-05-12 22:23:05.597158+00	\N	~	28	\N	4	33	t	\N	t	ACTIVE	f
15	2026-05-12	\N		t	2026-05-12 22:27:14.613938+00	2026-05-12 22:27:14.613958+00	29	2026-05-12 22:27:14.617154+00	\N	+	23	23	5	35	t	\N	t	ACTIVE	f
16	2026-05-12	\N		t	2026-05-12 22:32:46.8251+00	2026-05-12 22:32:46.825117+00	30	2026-05-12 22:32:46.827757+00	\N	+	23	23	7	39	t	\N	t	ACTIVE	f
10	2026-01-13	2029-05-12	y1	t	2026-05-12 22:08:40.998053+00	2026-05-13 04:28:08.706577+00	31	2026-05-13 04:28:08.707467+00	\N	~	1	\N	2	21	t	\N	t	ACTIVE	t
11	2026-01-13	2029-05-12	y1	t	2026-05-12 22:08:41.032346+00	2026-05-13 04:28:08.782508+00	32	2026-05-13 04:28:08.783492+00	\N	~	1	\N	2	22	t	\N	t	ACTIVE	t
12	2025-05-13	2029-05-12	y2	t	2026-05-12 22:21:55.503612+00	2026-05-13 04:28:22.118383+00	33	2026-05-13 04:28:22.125851+00	\N	~	26	\N	4	27	t	\N	t	ACTIVE	f
13	2025-10-05	2029-05-12	y1	t	2026-05-12 22:21:55.511204+00	2026-05-13 04:28:22.175749+00	34	2026-05-13 04:28:22.177756+00	\N	~	28	\N	4	30	t	\N	t	ACTIVE	f
14	2025-12-24	2029-05-12	y1	t	2026-05-12 22:21:55.516686+00	2026-05-13 04:28:22.218985+00	35	2026-05-13 04:28:22.228337+00	\N	~	28	\N	4	33	t	\N	t	ACTIVE	f
10	2026-01-13	2029-05-12	y1	t	2026-05-12 22:08:40.998053+00	2026-05-13 09:26:54.962535+00	36	2026-05-13 09:26:54.963396+00	\N	~	1	\N	2	21	t	\N	t	ACTIVE	t
11	2026-01-13	2029-05-12	y1	t	2026-05-12 22:08:41.032346+00	2026-05-13 09:26:55.021577+00	37	2026-05-13 09:26:55.022772+00	\N	~	1	\N	2	22	t	\N	t	ACTIVE	t
12	2025-05-13	2029-05-12	y2	t	2026-05-12 22:21:55.503612+00	2026-05-13 09:27:05.552954+00	38	2026-05-13 09:27:05.554568+00	\N	~	26	\N	4	27	t	\N	t	ACTIVE	f
13	2025-10-05	2029-05-12	y1	t	2026-05-12 22:21:55.511204+00	2026-05-13 09:27:05.565882+00	39	2026-05-13 09:27:05.56688+00	\N	~	28	\N	4	30	t	\N	t	ACTIVE	f
14	2025-12-24	2029-05-12	y1	t	2026-05-12 22:21:55.516686+00	2026-05-13 09:27:05.574959+00	40	2026-05-13 09:27:05.57606+00	\N	~	28	\N	4	33	t	\N	t	ACTIVE	f
10	2026-01-13	2029-05-12	y1	t	2026-05-12 22:08:40.998053+00	2026-05-13 09:28:12.606808+00	41	2026-05-13 09:28:12.607752+00	\N	~	1	\N	2	21	t	\N	t	ACTIVE	t
11	2026-01-13	2029-05-12	y1	t	2026-05-12 22:08:41.032346+00	2026-05-13 09:28:12.649172+00	42	2026-05-13 09:28:12.649957+00	\N	~	1	\N	2	22	t	\N	t	ACTIVE	t
12	2025-05-13	2029-05-12	y2	t	2026-05-12 22:21:55.503612+00	2026-05-13 09:28:22.373475+00	43	2026-05-13 09:28:22.37661+00	\N	~	26	\N	4	27	t	\N	t	ACTIVE	f
13	2025-10-05	2029-05-12	y1	t	2026-05-12 22:21:55.511204+00	2026-05-13 09:28:22.389487+00	44	2026-05-13 09:28:22.390529+00	\N	~	28	\N	4	30	t	\N	t	ACTIVE	f
14	2025-12-24	2029-05-12	y1	t	2026-05-12 22:21:55.516686+00	2026-05-13 09:28:22.399616+00	45	2026-05-13 09:28:22.400625+00	\N	~	28	\N	4	33	t	\N	t	ACTIVE	f
17	2026-05-13	\N		t	2026-05-13 09:29:12.161909+00	2026-05-13 09:29:12.161929+00	46	2026-05-13 09:29:12.166734+00	\N	+	23	23	9	43	t	\N	t	ACTIVE	f
\.


--
-- Data for Name: training_historicalresidentworkshopcompletion; Type: TABLE DATA; Schema: public; Owner: sims_user
--

COPY public.training_historicalresidentworkshopcompletion (id, completed_at, certificate_file, source, notes, created_at, updated_at, history_id, history_date, history_change_reason, history_type, history_user_id, resident_training_record_id, workshop_id, workshop_run_id) FROM stdin;
\.


--
-- Data for Name: training_historicalrotationassignment; Type: TABLE DATA; Schema: public; Owner: sims_user
--

COPY public.training_historicalrotationassignment (id, start_date, end_date, status, notes, return_reason, reject_reason, submitted_at, approved_at, completed_at, created_at, updated_at, history_id, history_date, history_change_reason, history_type, approved_by_hod_id, approved_by_utrmc_id, history_user_id, hospital_department_id, requested_by_id, resident_training_id, template_id) FROM stdin;
\.


--
-- Data for Name: training_historicalrotationcertificate; Type: TABLE DATA; Schema: public; Owner: sims_user
--

COPY public.training_historicalrotationcertificate (id, certificate_number, status, issued_at, verified_at, metadata, history_id, history_date, history_change_reason, history_type, completion_id, history_user_id, issued_by_id, verified_by_id) FROM stdin;
\.


--
-- Data for Name: training_historicalrotationcompletion; Type: TABLE DATA; Schema: public; Owner: sims_user
--

COPY public.training_historicalrotationcompletion (id, status, confirmed_at, verification_submitted_at, verified_at, notes, history_id, history_date, history_change_reason, history_type, confirmed_by_id, history_user_id, rotation_id, verified_by_id) FROM stdin;
\.


--
-- Data for Name: training_historicalsubmissioncertificate; Type: TABLE DATA; Schema: public; Owner: sims_user
--

COPY public.training_historicalsubmissioncertificate (id, certificate_number, status, issued_at, verified_at, metadata, history_id, history_date, history_change_reason, history_type, history_user_id, issued_by_id, submission_id, verified_by_id) FROM stdin;
\.


--
-- Data for Name: training_historicalsubmissiondocument; Type: TABLE DATA; Schema: public; Owner: sims_user
--

COPY public.training_historicalsubmissiondocument (id, file, original_filename, uploaded_at, is_active, history_id, history_date, history_change_reason, history_type, history_user_id, requirement_id, submission_id, uploaded_by_id) FROM stdin;
\.


--
-- Data for Name: training_historicalsubmissionrequirementtemplate; Type: TABLE DATA; Schema: public; Owner: sims_user
--

COPY public.training_historicalsubmissionrequirementtemplate (id, submission_type, code, title, description, is_required, active, sort_order, created_at, updated_at, history_id, history_date, history_change_reason, history_type, created_by_id, department_id, history_user_id, program_id) FROM stdin;
1	SYNOPSIS	SYN-PROPOSAL	Synopsis Proposal	Core synopsis proposal document.	t	t	1	2026-05-12 22:04:38.628847+00	2026-05-12 22:04:38.628866+00	1	2026-05-12 22:04:38.630507+00	\N	+	7	2	\N	3
2	SYNOPSIS	SYN-ETHICS	Synopsis Ethics Sheet	Ethics and compliance attachment.	t	t	2	2026-05-12 22:04:38.640757+00	2026-05-12 22:04:38.640775+00	2	2026-05-12 22:04:38.641592+00	\N	+	7	2	\N	3
3	THESIS	THS-MANUSCRIPT	Thesis Manuscript	Main thesis manuscript for completeness check.	t	t	1	2026-05-12 22:04:38.648282+00	2026-05-12 22:04:38.648301+00	3	2026-05-12 22:04:38.649127+00	\N	+	7	2	\N	3
4	THESIS	THS-SIMILARITY	Similarity Report	Similarity/plagiarism report document.	t	t	2	2026-05-12 22:04:38.655459+00	2026-05-12 22:04:38.655476+00	4	2026-05-12 22:04:38.656213+00	\N	+	7	2	\N	3
4	THESIS	THS-SIMILARITY	Similarity Report	Similarity/plagiarism report document.	t	t	2	2026-05-12 22:04:38.655459+00	2026-05-12 22:04:38.655476+00	5	2026-05-12 22:08:15.042279+00	\N	-	7	2	\N	3
3	THESIS	THS-MANUSCRIPT	Thesis Manuscript	Main thesis manuscript for completeness check.	t	t	1	2026-05-12 22:04:38.648282+00	2026-05-12 22:04:38.648301+00	6	2026-05-12 22:08:15.0479+00	\N	-	7	2	\N	3
2	SYNOPSIS	SYN-ETHICS	Synopsis Ethics Sheet	Ethics and compliance attachment.	t	t	2	2026-05-12 22:04:38.640757+00	2026-05-12 22:04:38.640775+00	7	2026-05-12 22:08:15.05134+00	\N	-	7	2	\N	3
1	SYNOPSIS	SYN-PROPOSAL	Synopsis Proposal	Core synopsis proposal document.	t	t	1	2026-05-12 22:04:38.628847+00	2026-05-12 22:04:38.628866+00	8	2026-05-12 22:08:15.05405+00	\N	-	7	2	\N	3
5	SYNOPSIS	SYN-PROPOSAL	Synopsis Proposal	Core synopsis proposal document.	t	t	1	2026-05-12 22:21:55.655563+00	2026-05-12 22:21:55.655578+00	9	2026-05-12 22:21:55.656559+00	\N	+	23	2	\N	4
6	SYNOPSIS	SYN-ETHICS	Synopsis Ethics Sheet	Ethics and compliance attachment.	t	t	2	2026-05-12 22:21:55.663754+00	2026-05-12 22:21:55.663767+00	10	2026-05-12 22:21:55.664386+00	\N	+	23	2	\N	4
7	THESIS	THS-MANUSCRIPT	Thesis Manuscript	Main thesis manuscript for completeness check.	t	t	1	2026-05-12 22:21:55.669171+00	2026-05-12 22:21:55.669183+00	11	2026-05-12 22:21:55.669892+00	\N	+	23	2	\N	4
8	THESIS	THS-SIMILARITY	Similarity Report	Similarity/plagiarism report document.	t	t	2	2026-05-12 22:21:55.674212+00	2026-05-12 22:21:55.674224+00	12	2026-05-12 22:21:55.67471+00	\N	+	23	2	\N	4
5	SYNOPSIS	SYN-PROPOSAL	Synopsis Proposal	Core synopsis proposal document.	t	t	1	2026-05-12 22:21:55.655563+00	2026-05-12 22:23:05.724258+00	13	2026-05-12 22:23:05.725306+00	\N	~	23	2	\N	4
6	SYNOPSIS	SYN-ETHICS	Synopsis Ethics Sheet	Ethics and compliance attachment.	t	t	2	2026-05-12 22:21:55.663754+00	2026-05-12 22:23:05.731326+00	14	2026-05-12 22:23:05.732193+00	\N	~	23	2	\N	4
7	THESIS	THS-MANUSCRIPT	Thesis Manuscript	Main thesis manuscript for completeness check.	t	t	1	2026-05-12 22:21:55.669171+00	2026-05-12 22:23:05.73654+00	15	2026-05-12 22:23:05.737358+00	\N	~	23	2	\N	4
8	THESIS	THS-SIMILARITY	Similarity Report	Similarity/plagiarism report document.	t	t	2	2026-05-12 22:21:55.674212+00	2026-05-12 22:23:05.741387+00	16	2026-05-12 22:23:05.742182+00	\N	~	23	2	\N	4
5	SYNOPSIS	SYN-PROPOSAL	Synopsis Proposal	Core synopsis proposal document.	t	t	1	2026-05-12 22:21:55.655563+00	2026-05-13 04:28:23.580119+00	17	2026-05-13 04:28:23.583136+00	\N	~	23	2	\N	4
6	SYNOPSIS	SYN-ETHICS	Synopsis Ethics Sheet	Ethics and compliance attachment.	t	t	2	2026-05-12 22:21:55.663754+00	2026-05-13 04:28:23.617146+00	18	2026-05-13 04:28:23.622139+00	\N	~	23	2	\N	4
7	THESIS	THS-MANUSCRIPT	Thesis Manuscript	Main thesis manuscript for completeness check.	t	t	1	2026-05-12 22:21:55.669171+00	2026-05-13 04:28:23.634242+00	19	2026-05-13 04:28:23.636517+00	\N	~	23	2	\N	4
8	THESIS	THS-SIMILARITY	Similarity Report	Similarity/plagiarism report document.	t	t	2	2026-05-12 22:21:55.674212+00	2026-05-13 04:28:23.644265+00	20	2026-05-13 04:28:23.645929+00	\N	~	23	2	\N	4
5	SYNOPSIS	SYN-PROPOSAL	Synopsis Proposal	Core synopsis proposal document.	t	t	1	2026-05-12 22:21:55.655563+00	2026-05-13 09:27:06.149266+00	21	2026-05-13 09:27:06.151222+00	\N	~	23	2	\N	4
6	SYNOPSIS	SYN-ETHICS	Synopsis Ethics Sheet	Ethics and compliance attachment.	t	t	2	2026-05-12 22:21:55.663754+00	2026-05-13 09:27:06.167352+00	22	2026-05-13 09:27:06.168459+00	\N	~	23	2	\N	4
7	THESIS	THS-MANUSCRIPT	Thesis Manuscript	Main thesis manuscript for completeness check.	t	t	1	2026-05-12 22:21:55.669171+00	2026-05-13 09:27:06.173368+00	23	2026-05-13 09:27:06.174276+00	\N	~	23	2	\N	4
8	THESIS	THS-SIMILARITY	Similarity Report	Similarity/plagiarism report document.	t	t	2	2026-05-12 22:21:55.674212+00	2026-05-13 09:27:06.178857+00	24	2026-05-13 09:27:06.179866+00	\N	~	23	2	\N	4
5	SYNOPSIS	SYN-PROPOSAL	Synopsis Proposal	Core synopsis proposal document.	t	t	1	2026-05-12 22:21:55.655563+00	2026-05-13 09:28:22.535534+00	25	2026-05-13 09:28:22.536794+00	\N	~	23	2	\N	4
6	SYNOPSIS	SYN-ETHICS	Synopsis Ethics Sheet	Ethics and compliance attachment.	t	t	2	2026-05-12 22:21:55.663754+00	2026-05-13 09:28:22.544641+00	26	2026-05-13 09:28:22.545762+00	\N	~	23	2	\N	4
7	THESIS	THS-MANUSCRIPT	Thesis Manuscript	Main thesis manuscript for completeness check.	t	t	1	2026-05-12 22:21:55.669171+00	2026-05-13 09:28:22.551505+00	27	2026-05-13 09:28:22.552628+00	\N	~	23	2	\N	4
8	THESIS	THS-SIMILARITY	Similarity Report	Similarity/plagiarism report document.	t	t	2	2026-05-12 22:21:55.674212+00	2026-05-13 09:28:22.558666+00	28	2026-05-13 09:28:22.560733+00	\N	~	23	2	\N	4
\.


--
-- Data for Name: training_historicalsubmissionreview; Type: TABLE DATA; Schema: public; Owner: sims_user
--

COPY public.training_historicalsubmissionreview (id, action, comments, created_at, history_id, history_date, history_change_reason, history_type, history_user_id, reviewer_id, submission_id) FROM stdin;
\.


--
-- Data for Name: training_historicaltrainingprogram; Type: TABLE DATA; Schema: public; Owner: sims_user
--

COPY public.training_historicaltrainingprogram (id, name, code, duration_months, description, active, created_at, updated_at, history_id, history_date, history_change_reason, history_type, history_user_id, degree_type, department_id, notes) FROM stdin;
1	Pilot Baseline Program	PILOT-BASELINE	48	Synthetic program used for clean baseline resident bootstrapping.	t	2026-05-12 22:04:23.721739+00	2026-05-12 22:04:23.721767+00	1	2026-05-12 22:04:23.723473+00	\N	+	\N	FCPS	\N	Managed automatically for pilot baseline users.
2	Active Surface Baseline Programme	ACTIVE-BASELINE	48	Minimal programme used by release-gated active-surface verification.	t	2026-05-12 22:04:24.507072+00	2026-05-12 22:04:24.507096+00	2	2026-05-12 22:04:24.507831+00	\N	+	\N	FCPS	1	
2	Active Surface Baseline Programme	ACTIVE-BASELINE	48	Minimal programme used by release-gated active-surface verification.	t	2026-05-12 22:04:24.507072+00	2026-05-12 22:07:27.726816+00	4	2026-05-12 22:07:27.728269+00	\N	~	\N	FCPS	1	
2	Active Surface Baseline Programme	ACTIVE-BASELINE	48	Minimal programme used by release-gated active-surface verification.	t	2026-05-12 22:04:24.507072+00	2026-05-12 22:08:40.95338+00	6	2026-05-12 22:08:40.955069+00	\N	~	\N	FCPS	1	
4	E2E Baseline FCPS Program	E2E-FCPS	48	Deterministic training baseline for Playwright workflow gate	t	2026-05-12 22:21:55.459819+00	2026-05-12 22:21:55.45984+00	7	2026-05-12 22:21:55.460861+00	\N	+	\N	FCPS	2	Managed by seed_e2e
2	Active Surface Baseline Programme	ACTIVE-BASELINE	48	Minimal programme used by release-gated active-surface verification.	t	2026-05-12 22:04:24.507072+00	2026-05-12 22:22:56.74398+00	8	2026-05-12 22:22:56.745358+00	\N	~	\N	FCPS	1	
4	E2E Baseline FCPS Program	E2E-FCPS	48	Deterministic training baseline for Playwright workflow gate	t	2026-05-12 22:21:55.459819+00	2026-05-12 22:23:05.523495+00	9	2026-05-12 22:23:05.524736+00	\N	~	\N	FCPS	2	Managed by seed_e2e
5	Test Program p6-1778624832297	PROG-p6-1778624832297	48		t	2026-05-12 22:27:13.198601+00	2026-05-12 22:27:13.198626+00	10	2026-05-12 22:27:13.20093+00	\N	+	23	FCPS	\N	Phase 6 E2E test program
6	Policy Test Program pol-1778624836534	POLI-pol-1778624836534	24		t	2026-05-12 22:27:17.061713+00	2026-05-12 22:27:17.061737+00	11	2026-05-12 22:27:17.065921+00	\N	+	23	FCPS	\N	
7	Test Program p6-1778625164763	PROG-p6-1778625164763	48		t	2026-05-12 22:32:45.303303+00	2026-05-12 22:32:45.303326+00	12	2026-05-12 22:32:45.310339+00	\N	+	23	FCPS	\N	Phase 6 E2E test program
8	Policy Test Program pol-1778625168775	POLI-pol-1778625168775	24		t	2026-05-12 22:32:49.461582+00	2026-05-12 22:32:49.461605+00	13	2026-05-12 22:32:49.481184+00	\N	+	23	FCPS	\N	
2	Active Surface Baseline Programme	ACTIVE-BASELINE	48	Minimal programme used by release-gated active-surface verification.	t	2026-05-12 22:04:24.507072+00	2026-05-13 04:28:08.607925+00	14	2026-05-13 04:28:08.609539+00	\N	~	\N	FCPS	1	
4	E2E Baseline FCPS Program	E2E-FCPS	48	Deterministic training baseline for Playwright workflow gate	t	2026-05-12 22:21:55.459819+00	2026-05-13 04:28:21.642975+00	15	2026-05-13 04:28:21.644694+00	\N	~	\N	FCPS	2	Managed by seed_e2e
2	Active Surface Baseline Programme	ACTIVE-BASELINE	48	Minimal programme used by release-gated active-surface verification.	t	2026-05-12 22:04:24.507072+00	2026-05-13 09:26:54.867107+00	16	2026-05-13 09:26:54.86829+00	\N	~	\N	FCPS	1	
4	E2E Baseline FCPS Program	E2E-FCPS	48	Deterministic training baseline for Playwright workflow gate	t	2026-05-12 22:21:55.459819+00	2026-05-13 09:27:05.10411+00	17	2026-05-13 09:27:05.105267+00	\N	~	\N	FCPS	2	Managed by seed_e2e
2	Active Surface Baseline Programme	ACTIVE-BASELINE	48	Minimal programme used by release-gated active-surface verification.	t	2026-05-12 22:04:24.507072+00	2026-05-13 09:28:12.557752+00	18	2026-05-13 09:28:12.559293+00	\N	~	\N	FCPS	1	
4	E2E Baseline FCPS Program	E2E-FCPS	48	Deterministic training baseline for Playwright workflow gate	t	2026-05-12 22:21:55.459819+00	2026-05-13 09:28:22.330181+00	19	2026-05-13 09:28:22.331293+00	\N	~	\N	FCPS	2	Managed by seed_e2e
9	Test Program p6-1778664549692	PROG-p6-1778664549692	48		t	2026-05-13 09:29:10.192879+00	2026-05-13 09:29:10.192902+00	20	2026-05-13 09:29:10.277284+00	\N	+	23	FCPS	\N	Phase 6 E2E test program
10	Policy Test Program pol-1778664554538	POLI-pol-1778664554538	24		t	2026-05-13 09:29:15.387298+00	2026-05-13 09:29:15.387319+00	21	2026-05-13 09:29:15.389492+00	\N	+	23	FCPS	\N	
\.


--
-- Data for Name: training_historicalworkshop; Type: TABLE DATA; Schema: public; Owner: sims_user
--

COPY public.training_historicalworkshop (id, name, code, description, is_active, created_at, updated_at, history_id, history_date, history_change_reason, history_type, history_user_id) FROM stdin;
\.


--
-- Data for Name: training_historicalworkshopblock; Type: TABLE DATA; Schema: public; Owner: sims_user
--

COPY public.training_historicalworkshopblock (id, name, capacity, created_at, history_id, history_date, history_change_reason, history_type, history_user_id, workshop_id) FROM stdin;
\.


--
-- Data for Name: training_historicalworkshoprun; Type: TABLE DATA; Schema: public; Owner: sims_user
--

COPY public.training_historicalworkshoprun (id, run_date, status, notes, created_at, history_id, history_date, history_change_reason, history_type, block_id, facilitator_id, history_user_id) FROM stdin;
\.


--
-- Data for Name: training_leaverequest; Type: TABLE DATA; Schema: public; Owner: sims_user
--

COPY public.training_leaverequest (id, leave_type, start_date, end_date, reason, status, approved_at, reject_reason, created_at, updated_at, approved_by_id, resident_training_id) FROM stdin;
1	study	2026-04-10	2026-04-12	Workflow leave 1778624646150	APPROVED	2026-05-12 22:24:09.060201+00		2026-05-12 22:24:07.559495+00	2026-05-12 22:24:09.060445+00	26	12
\.


--
-- Data for Name: training_logbookentry; Type: TABLE DATA; Schema: public; Owner: sims_user
--

COPY public.training_logbookentry (id, patient_id_number, patient_name, age, gender, demographics, disease_area, diagnosis, clinical_presentation, management_plan, resident_reflection, patient_seen_at, status, submitted_at, returned_at, approved_at, supervisor_feedback, created_at, updated_at, created_by_id, resident_training_record_id, reviewed_by_id, rotation_assignment_id) FROM stdin;
5	FL-LOG-1778664522082	Feature Layer Patient	42				Complicated appendicitis		Initial conservative management.		2026-06-15 09:30:00+00	APPROVED	2026-05-13 09:28:46.748553+00	2026-05-13 09:28:45.64979+00	2026-05-13 09:28:47.597967+00	Approved after resubmission.	2026-05-13 09:28:43.687358+00	2026-05-13 09:28:47.598289+00	30	13	28	\N
6	FL-PERM-1778664532123	Permission Scope Validation Case	42	M		Medicine	Permission scope validation case	Direct API fixture	Permission boundary fixture	Validate queue isolation.	2026-08-05 11:00:00+00	SUBMITTED	2026-05-13 09:28:53.657852+00	\N	\N		2026-05-13 09:28:53.617587+00	2026-05-13 09:28:53.658001+00	33	14	\N	\N
\.


--
-- Data for Name: training_logbookreview; Type: TABLE DATA; Schema: public; Owner: sims_user
--

COPY public.training_logbookreview (id, action, comments, created_at, entry_id, reviewer_id) FROM stdin;
5	RETURNED	Please add clearer management detail.	2026-05-13 09:28:45.660557+00	5	28
6	APPROVED	Approved after resubmission.	2026-05-13 09:28:47.610567+00	5	28
\.


--
-- Data for Name: training_logbookthresholdconfig; Type: TABLE DATA; Schema: public; Owner: sims_user
--

COPY public.training_logbookthresholdconfig (id, name, mode, min_approved_entries, period_days, is_active, created_at, updated_at, configured_by_id, department_id, program_id) FROM stdin;
3	E2E Logbook Threshold Per Rotation	PER_ROTATION	1	\N	t	2026-05-12 22:21:55.640614+00	2026-05-13 09:28:22.51887+00	25	2	4
4	E2E Logbook Threshold Per 30 Days	PER_PERIOD	1	30	t	2026-05-12 22:21:55.647847+00	2026-05-13 09:28:22.526642+00	25	2	4
\.


--
-- Data for Name: training_logbookthresholdsnapshot; Type: TABLE DATA; Schema: public; Owner: sims_user
--

COPY public.training_logbookthresholdsnapshot (id, window_start, window_end, approved_entries, required_entries, is_met, computed_at, resident_training_record_id, rotation_assignment_id, threshold_config_id) FROM stdin;
6	2026-04-14	2026-05-13	1	1	t	2026-05-13 09:28:50.888629+00	13	\N	4
7	\N	\N	0	1	f	2026-05-13 09:28:50.901914+00	13	\N	3
1	2026-04-13	2026-05-12	0	1	f	2026-05-12 22:26:43.221481+00	12	\N	4
5	2026-04-14	2026-05-13	0	1	f	2026-05-13 09:27:43.936545+00	12	\N	4
2	\N	\N	0	1	f	2026-05-13 09:27:43.942732+00	12	\N	3
\.


--
-- Data for Name: training_programmilestone; Type: TABLE DATA; Schema: public; Owner: sims_user
--

COPY public.training_programmilestone (id, code, name, recommended_month, is_active, created_at, updated_at, program_id) FROM stdin;
5	IMM	Intermediate Membership	24	t	2026-05-12 22:27:13.276004+00	2026-05-12 22:27:13.276081+00	5
6	IMM	Intermediate Membership	24	t	2026-05-12 22:32:45.570887+00	2026-05-12 22:32:45.570917+00	7
3	IMM	Intermediate Membership	24	t	2026-05-12 22:21:55.469912+00	2026-05-13 09:28:22.337465+00	4
4	FINAL	Final Examination	48	t	2026-05-12 22:21:55.477678+00	2026-05-13 09:28:22.344235+00	4
7	IMM	Intermediate Membership	24	t	2026-05-13 09:29:10.580856+00	2026-05-13 09:29:10.580881+00	9
\.


--
-- Data for Name: training_programmilestonelogbookrequirement; Type: TABLE DATA; Schema: public; Owner: sims_user
--

COPY public.training_programmilestonelogbookrequirement (id, procedure_key, category, min_entries, created_at, milestone_id) FROM stdin;
\.


--
-- Data for Name: training_programmilestoneresearchrequirement; Type: TABLE DATA; Schema: public; Owner: sims_user
--

COPY public.training_programmilestoneresearchrequirement (id, requires_synopsis_approved, requires_synopsis_submitted_to_university, requires_thesis_submitted, created_at, updated_at, milestone_id) FROM stdin;
5	t	f	f	2026-05-12 22:27:13.393529+00	2026-05-12 22:27:13.410933+00	5
6	t	f	f	2026-05-12 22:32:45.657243+00	2026-05-12 22:32:45.695577+00	6
3	t	f	f	2026-05-12 22:21:55.484467+00	2026-05-13 09:28:22.350587+00	3
4	t	f	t	2026-05-12 22:21:55.490218+00	2026-05-13 09:28:22.357586+00	4
7	t	f	f	2026-05-13 09:29:10.794245+00	2026-05-13 09:29:10.820716+00	7
\.


--
-- Data for Name: training_programmilestoneworkshoprequirement; Type: TABLE DATA; Schema: public; Owner: sims_user
--

COPY public.training_programmilestoneworkshoprequirement (id, required_count, created_at, milestone_id, workshop_id) FROM stdin;
\.


--
-- Data for Name: training_programpolicy; Type: TABLE DATA; Schema: public; Owner: sims_user
--

COPY public.training_programpolicy (id, allow_program_change, program_change_requires_restart, min_active_months_before_imm, imm_allowed_from_month, final_allowed_from_month, exception_rules_text, created_at, updated_at, program_id) FROM stdin;
1	f	t	\N	\N	\N		2026-05-12 22:25:06.218187+00	2026-05-12 22:25:06.218211+00	2
2	f	f	12	18	42	No exceptions.	2026-05-12 22:27:17.21443+00	2026-05-12 22:27:17.319484+00	6
3	f	f	12	18	42	No exceptions.	2026-05-12 22:32:49.56061+00	2026-05-12 22:32:49.614219+00	8
4	f	f	12	18	42	No exceptions.	2026-05-13 09:29:15.569901+00	2026-05-13 09:29:15.663573+00	10
\.


--
-- Data for Name: training_programrotationrequirement; Type: TABLE DATA; Schema: public; Owner: sims_user
--

COPY public.training_programrotationrequirement (id, required_duration_weeks, sequence_order, is_mandatory, notes, created_at, updated_at, department_id, program_id) FROM stdin;
2	4	1	t	E2E phase-1 rotational requirement.	2026-05-12 22:21:55.632383+00	2026-05-13 09:28:22.507878+00	1	4
\.


--
-- Data for Name: training_programrotationtemplate; Type: TABLE DATA; Schema: public; Owner: sims_user
--

COPY public.training_programrotationtemplate (id, name, duration_weeks, required, sequence_order, active, created_at, department_id, program_id, block_index, is_mandatory, min_duration_weeks, phase_index, requirements_json, year_index) FROM stdin;
\.


--
-- Data for Name: training_programrotationtemplate_allowed_hospitals; Type: TABLE DATA; Schema: public; Owner: sims_user
--

COPY public.training_programrotationtemplate_allowed_hospitals (id, programrotationtemplate_id, hospital_id) FROM stdin;
\.


--
-- Data for Name: training_residentmilestoneeligibility; Type: TABLE DATA; Schema: public; Owner: sims_user
--

COPY public.training_residentmilestoneeligibility (id, status, reasons_json, computed_at, milestone_id, resident_training_record_id) FROM stdin;
5	NOT_READY	["Synopsis submission not yet verified", "Thesis submission not yet verified", "Logbook threshold 'E2E Logbook Threshold Per 30 Days' not met: 0/1", "Logbook threshold 'E2E Logbook Threshold Per Rotation' not met: no eligible rotation found", "Verified rotations: 0/1 mandatory completed"]	2026-05-13 09:28:22.594068+00	4	12
6	NOT_READY	["Synopsis submission not yet verified", "Logbook threshold 'E2E Logbook Threshold Per 30 Days' not met: 0/1", "Logbook threshold 'E2E Logbook Threshold Per Rotation' not met: no eligible rotation found"]	2026-05-13 09:28:22.609246+00	3	12
11	NOT_READY	["Synopsis submission not yet verified"]	2026-05-12 22:27:15.26828+00	5	15
7	PARTIALLY_READY	["Synopsis submission not yet verified", "Thesis submission not yet verified", "Logbook threshold 'E2E Logbook Threshold Per Rotation' not met: no eligible rotation found", "Verified rotations: 0/1 mandatory completed"]	2026-05-13 09:28:50.928768+00	4	13
8	PARTIALLY_READY	["Synopsis submission not yet verified", "Logbook threshold 'E2E Logbook Threshold Per Rotation' not met: no eligible rotation found"]	2026-05-13 09:28:50.945665+00	3	13
9	NOT_READY	["Synopsis submission not yet verified", "Thesis submission not yet verified", "Verified rotations: 0/1 mandatory completed"]	2026-05-13 09:28:53.347362+00	4	14
10	NOT_READY	["Synopsis submission not yet verified"]	2026-05-13 09:28:53.358805+00	3	14
12	NOT_READY	["Synopsis submission not yet verified"]	2026-05-12 22:32:47.500466+00	6	16
13	NOT_READY	["Synopsis submission not yet verified"]	2026-05-13 09:29:12.960876+00	7	17
\.


--
-- Data for Name: training_residentresearchproject; Type: TABLE DATA; Schema: public; Owner: sims_user
--

COPY public.training_residentresearchproject (id, title, topic_area, status, synopsis_file, synopsis_approved_at, supervisor_feedback, university_submission_ref, submitted_to_supervisor_at, submitted_to_university_at, accepted_at, created_at, updated_at, resident_training_record_id, supervisor_id) FROM stdin;
3	E2E Research p6-1778624832297	Clinical Medicine	SUBMITTED_TO_SUPERVISOR		\N		\N	2026-05-12 22:27:15.179423+00	\N	\N	2026-05-12 22:27:15.081317+00	2026-05-12 22:27:15.179655+00	15	\N
4	E2E Research p6-1778625164763	Clinical Medicine	SUBMITTED_TO_SUPERVISOR		\N		\N	2026-05-12 22:32:47.432946+00	\N	\N	2026-05-12 22:32:47.375508+00	2026-05-12 22:32:47.433104+00	16	\N
2	E2E Baseline Research Project	Clinical Education	SUBMITTED_TO_SUPERVISOR		\N			2026-05-13 09:28:22.432756+00	\N	\N	2026-05-12 22:21:55.547643+00	2026-05-13 09:28:22.434637+00	12	26
5	E2E Research p6-1778664549692	Clinical Medicine	SUBMITTED_TO_SUPERVISOR		\N		\N	2026-05-13 09:29:12.855113+00	\N	\N	2026-05-13 09:29:12.74972+00	2026-05-13 09:29:12.855267+00	17	\N
\.


--
-- Data for Name: training_residentsubmission; Type: TABLE DATA; Schema: public; Owner: sims_user
--

COPY public.training_residentsubmission (id, submission_type, status, submitted_at, under_review_at, returned_at, verified_at, certificate_issued_at, feedback, created_at, updated_at, resident_training_record_id, reviewed_by_id) FROM stdin;
\.


--
-- Data for Name: training_residentthesis; Type: TABLE DATA; Schema: public; Owner: sims_user
--

COPY public.training_residentthesis (id, status, thesis_file, submitted_at, final_submission_ref, notes, created_at, updated_at, resident_training_record_id) FROM stdin;
\.


--
-- Data for Name: training_residenttrainingrecord; Type: TABLE DATA; Schema: public; Owner: sims_user
--

COPY public.training_residenttrainingrecord (id, start_date, expected_end_date, current_level, active, created_at, updated_at, created_by_id, program_id, resident_user_id, locked_program, program_change_reason, restart_from_scratch_on_change, status, has_default_dates) FROM stdin;
15	2026-05-12	\N		t	2026-05-12 22:27:14.613938+00	2026-05-12 22:27:14.613958+00	23	5	35	t	\N	t	ACTIVE	f
16	2026-05-12	\N		t	2026-05-12 22:32:46.8251+00	2026-05-12 22:32:46.825117+00	23	7	39	t	\N	t	ACTIVE	f
8	2026-01-12	2030-04-21	1	f	2026-05-12 22:08:40.231316+00	2026-05-12 22:08:40.231337+00	21	1	21	t	\N	t	ACTIVE	t
10	2026-01-13	2029-05-12	y1	t	2026-05-12 22:08:40.998053+00	2026-05-13 09:28:12.606808+00	1	2	21	t	\N	t	ACTIVE	t
9	2026-01-12	2030-04-21	1	f	2026-05-12 22:08:40.930912+00	2026-05-12 22:08:40.93093+00	22	1	22	t	\N	t	ACTIVE	t
11	2026-01-13	2029-05-12	y1	t	2026-05-12 22:08:41.032346+00	2026-05-13 09:28:12.649172+00	1	2	22	t	\N	t	ACTIVE	t
12	2025-05-13	2029-05-12	y2	t	2026-05-12 22:21:55.503612+00	2026-05-13 09:28:22.373475+00	26	4	27	t	\N	t	ACTIVE	f
13	2025-10-05	2029-05-12	y1	t	2026-05-12 22:21:55.511204+00	2026-05-13 09:28:22.389487+00	28	4	30	t	\N	t	ACTIVE	f
14	2025-12-24	2029-05-12	y1	t	2026-05-12 22:21:55.516686+00	2026-05-13 09:28:22.399616+00	28	4	33	t	\N	t	ACTIVE	f
17	2026-05-13	\N		t	2026-05-13 09:29:12.161909+00	2026-05-13 09:29:12.161929+00	23	9	43	t	\N	t	ACTIVE	f
\.


--
-- Data for Name: training_residentworkshopcompletion; Type: TABLE DATA; Schema: public; Owner: sims_user
--

COPY public.training_residentworkshopcompletion (id, completed_at, certificate_file, source, notes, created_at, updated_at, resident_training_record_id, workshop_id, workshop_run_id) FROM stdin;
\.


--
-- Data for Name: training_rotationassignment; Type: TABLE DATA; Schema: public; Owner: sims_user
--

COPY public.training_rotationassignment (id, start_date, end_date, status, notes, return_reason, reject_reason, submitted_at, approved_at, completed_at, created_at, updated_at, approved_by_hod_id, approved_by_utrmc_id, hospital_department_id, requested_by_id, resident_training_id, template_id) FROM stdin;
\.


--
-- Data for Name: training_rotationcertificate; Type: TABLE DATA; Schema: public; Owner: sims_user
--

COPY public.training_rotationcertificate (id, certificate_number, status, issued_at, verified_at, metadata, completion_id, issued_by_id, verified_by_id) FROM stdin;
\.


--
-- Data for Name: training_rotationcompletion; Type: TABLE DATA; Schema: public; Owner: sims_user
--

COPY public.training_rotationcompletion (id, status, confirmed_at, verification_submitted_at, verified_at, notes, confirmed_by_id, rotation_id, verified_by_id) FROM stdin;
\.


--
-- Data for Name: training_submissioncertificate; Type: TABLE DATA; Schema: public; Owner: sims_user
--

COPY public.training_submissioncertificate (id, certificate_number, status, issued_at, verified_at, metadata, issued_by_id, submission_id, verified_by_id) FROM stdin;
\.


--
-- Data for Name: training_submissiondocument; Type: TABLE DATA; Schema: public; Owner: sims_user
--

COPY public.training_submissiondocument (id, file, original_filename, uploaded_at, is_active, requirement_id, submission_id, uploaded_by_id) FROM stdin;
\.


--
-- Data for Name: training_submissionrequirementtemplate; Type: TABLE DATA; Schema: public; Owner: sims_user
--

COPY public.training_submissionrequirementtemplate (id, submission_type, code, title, description, is_required, active, sort_order, created_at, updated_at, created_by_id, department_id, program_id) FROM stdin;
5	SYNOPSIS	SYN-PROPOSAL	Synopsis Proposal	Core synopsis proposal document.	t	t	1	2026-05-12 22:21:55.655563+00	2026-05-13 09:28:22.535534+00	23	2	4
6	SYNOPSIS	SYN-ETHICS	Synopsis Ethics Sheet	Ethics and compliance attachment.	t	t	2	2026-05-12 22:21:55.663754+00	2026-05-13 09:28:22.544641+00	23	2	4
7	THESIS	THS-MANUSCRIPT	Thesis Manuscript	Main thesis manuscript for completeness check.	t	t	1	2026-05-12 22:21:55.669171+00	2026-05-13 09:28:22.551505+00	23	2	4
8	THESIS	THS-SIMILARITY	Similarity Report	Similarity/plagiarism report document.	t	t	2	2026-05-12 22:21:55.674212+00	2026-05-13 09:28:22.558666+00	23	2	4
\.


--
-- Data for Name: training_submissionreview; Type: TABLE DATA; Schema: public; Owner: sims_user
--

COPY public.training_submissionreview (id, action, comments, created_at, reviewer_id, submission_id) FROM stdin;
\.


--
-- Data for Name: training_trainingprogram; Type: TABLE DATA; Schema: public; Owner: sims_user
--

COPY public.training_trainingprogram (id, name, code, duration_months, description, active, created_at, updated_at, degree_type, department_id, notes) FROM stdin;
1	Pilot Baseline Program	PILOT-BASELINE	48	Synthetic program used for clean baseline resident bootstrapping.	t	2026-05-12 22:04:23.721739+00	2026-05-12 22:04:23.721767+00	FCPS	\N	Managed automatically for pilot baseline users.
5	Test Program p6-1778624832297	PROG-p6-1778624832297	48		t	2026-05-12 22:27:13.198601+00	2026-05-12 22:27:13.198626+00	FCPS	\N	Phase 6 E2E test program
6	Policy Test Program pol-1778624836534	POLI-pol-1778624836534	24		t	2026-05-12 22:27:17.061713+00	2026-05-12 22:27:17.061737+00	FCPS	\N	
7	Test Program p6-1778625164763	PROG-p6-1778625164763	48		t	2026-05-12 22:32:45.303303+00	2026-05-12 22:32:45.303326+00	FCPS	\N	Phase 6 E2E test program
8	Policy Test Program pol-1778625168775	POLI-pol-1778625168775	24		t	2026-05-12 22:32:49.461582+00	2026-05-12 22:32:49.461605+00	FCPS	\N	
2	Active Surface Baseline Programme	ACTIVE-BASELINE	48	Minimal programme used by release-gated active-surface verification.	t	2026-05-12 22:04:24.507072+00	2026-05-13 09:28:12.557752+00	FCPS	1	
4	E2E Baseline FCPS Program	E2E-FCPS	48	Deterministic training baseline for Playwright workflow gate	t	2026-05-12 22:21:55.459819+00	2026-05-13 09:28:22.330181+00	FCPS	2	Managed by seed_e2e
9	Test Program p6-1778664549692	PROG-p6-1778664549692	48		t	2026-05-13 09:29:10.192879+00	2026-05-13 09:29:10.192902+00	FCPS	\N	Phase 6 E2E test program
10	Policy Test Program pol-1778664554538	POLI-pol-1778664554538	24		t	2026-05-13 09:29:15.387298+00	2026-05-13 09:29:15.387319+00	FCPS	\N	
\.


--
-- Data for Name: training_workshop; Type: TABLE DATA; Schema: public; Owner: sims_user
--

COPY public.training_workshop (id, name, code, description, is_active, created_at, updated_at) FROM stdin;
\.


--
-- Data for Name: training_workshopblock; Type: TABLE DATA; Schema: public; Owner: sims_user
--

COPY public.training_workshopblock (id, name, capacity, created_at, workshop_id) FROM stdin;
\.


--
-- Data for Name: training_workshoprun; Type: TABLE DATA; Schema: public; Owner: sims_user
--

COPY public.training_workshoprun (id, run_date, status, notes, created_at, block_id, facilitator_id) FROM stdin;
\.


--
-- Data for Name: users_datacorrectionaudit; Type: TABLE DATA; Schema: public; Owner: sims_user
--

COPY public.users_datacorrectionaudit (id, entity_type, entity_id, field_name, old_value, new_value, metadata, created_at, actor_id) FROM stdin;
\.


--
-- Data for Name: users_departmentmembership; Type: TABLE DATA; Schema: public; Owner: sims_user
--

COPY public.users_departmentmembership (id, member_type, is_primary, active, start_date, end_date, created_at, updated_at, created_by_id, department_id, updated_by_id, user_id) FROM stdin;
11	supervisor	t	t	2026-05-12	\N	2026-05-12 22:27:34.439183+00	2026-05-12 22:27:34.439204+00	25	22	25	36
12	resident	t	t	2026-05-12	\N	2026-05-12 22:27:34.486147+00	2026-05-12 22:27:34.486163+00	25	22	25	37
13	supervisor	t	t	2026-05-12	\N	2026-05-12 22:33:07.107737+00	2026-05-12 22:33:07.107753+00	25	23	25	40
14	resident	t	t	2026-05-12	\N	2026-05-12 22:33:07.143321+00	2026-05-12 22:33:07.143342+00	25	23	25	41
6	supervisor	t	t	2026-05-13	\N	2026-05-12 22:08:40.949814+00	2026-05-13 09:28:12.554244+00	1	1	\N	18
7	resident	t	t	2026-05-13	\N	2026-05-12 22:08:40.972104+00	2026-05-13 09:28:12.576329+00	1	1	\N	21
8	resident	t	t	2026-05-13	\N	2026-05-12 22:08:41.013578+00	2026-05-13 09:28:12.629843+00	1	1	\N	22
9	supervisor	f	t	2026-05-13	\N	2026-05-12 22:21:55.41333+00	2026-05-13 09:28:22.291439+00	23	2	\N	28
10	supervisor	f	t	2026-05-13	\N	2026-05-12 22:21:55.425071+00	2026-05-13 09:28:22.301011+00	23	2	\N	29
15	supervisor	t	t	2026-05-13	\N	2026-05-13 09:29:34.430937+00	2026-05-13 09:29:34.430953+00	25	24	25	44
16	resident	t	t	2026-05-13	\N	2026-05-13 09:29:34.54336+00	2026-05-13 09:29:34.543384+00	25	24	25	45
\.


--
-- Data for Name: users_historicaluser; Type: TABLE DATA; Schema: public; Owner: sims_user
--

COPY public.users_historicaluser (id, password, last_login, is_superuser, username, first_name, last_name, email, is_staff, is_active, date_joined, role, specialty, year, registration_number, phone_number, last_login_ip, is_archived, archived_date, history_id, history_date, history_change_reason, history_type, created_by_id, history_user_id, home_department_id, home_hospital_id, modified_by_id, supervisor_id, is_complete_profile, has_placeholder_email, data_issues) FROM stdin;
1	pbkdf2_sha256$600000$HIcU2XPzYv2UfTJmrMPxon$P9L4CCJ1PZY4KpHZCBf5tcQliF8ELTLABRztTRTWM/8=	\N	t	admin	Pilot	Admin	admin@pgsims.local	t	t	2026-05-12 22:04:16.625251+00	admin	\N	\N	\N	\N	\N	f	\N	1	2026-05-12 22:04:17.375702+00	\N	+	\N	\N	\N	\N	\N	\N	f	f	[]
1	pbkdf2_sha256$600000$U7E6rZ7PFgXQ7ynTMzi2md$gsi05xrYZXrO3ARDc9jAx+kaIXmY1dSRms+KBr0H3P0=	\N	t	admin	Pilot	Admin	admin@pgsims.local	t	t	2026-05-12 22:04:16.625251+00	admin	\N	\N	\N	\N	\N	f	\N	18	2026-05-12 22:07:23.963711+00	\N	~	\N	\N	\N	\N	\N	\N	f	f	[]
1	pbkdf2_sha256$600000$b6VooHZtwNXySavZSTr7fT$KfjX9cWnLkn6lVMogsxPrb3HWsKwNTng1SwE4SEJKPI=	\N	t	admin	Pilot	Admin	admin@pgsims.local	t	t	2026-05-12 22:04:16.625251+00	admin	\N	\N	\N	\N	\N	f	\N	40	2026-05-12 22:08:37.355425+00	\N	~	\N	\N	\N	\N	\N	\N	f	f	[]
18	pbkdf2_sha256$600000$gSvQM4UIwQ7PBgHQ1TORuT$iAWYk+l+YuUaiSyfNGTnnf877yABN7yWc+1kbHbvKTE=	\N	f	pilot_supervisor	Pilot	Supervisor	pilot_supervisor@pgsims.local	f	t	2026-05-12 22:08:37.387544+00	supervisor	medicine	\N	\N	\N	\N	f	\N	41	2026-05-12 22:08:38.074897+00	\N	+	\N	\N	1	1	\N	\N	f	f	[]
19	pbkdf2_sha256$600000$vXfiAvAnz5ZLsXLMWSUPUv$JFcnzRTgdrmS8g+DX2wK0q3IBCtO13XsoN3iNf0gol8=	\N	f	pilot_utrmc_admin	Pilot	UTRMC Admin	pilot_utrmc_admin@pgsims.local	f	t	2026-05-12 22:08:38.085374+00	utrmc_admin	\N	\N	\N	\N	\N	f	\N	42	2026-05-12 22:08:38.798536+00	\N	+	\N	\N	\N	\N	\N	\N	f	f	[]
20	pbkdf2_sha256$600000$wS3sMZ7wzQM5zHmGqHxSGA$BxVp12DbT8lxrXDO/1uC5tFfzor6trZqG7t6nr+ciAM=	\N	f	pilot_utrmc_user	Pilot	UTRMC User	pilot_utrmc_user@pgsims.local	f	t	2026-05-12 22:08:38.805064+00	utrmc_user	\N	\N	\N	\N	\N	f	\N	43	2026-05-12 22:08:39.516242+00	\N	+	\N	\N	\N	\N	\N	\N	f	f	[]
21	pbkdf2_sha256$600000$nvD5aTYeZZUcMSbMbGCIPt$eByVe/9E7rA8vdVuQ0GASllD/CU9F+kjxD3wvXHr6JI=	\N	f	pilot_pg	Pilot	PG	pilot_pg@pgsims.local	f	t	2026-05-12 22:08:39.523059+00	pg	medicine	1	\N	\N	\N	f	\N	44	2026-05-12 22:08:40.218918+00	\N	+	\N	\N	1	1	\N	18	f	f	[]
22	pbkdf2_sha256$600000$9mx0fmwz98fw7iKN0lbMtC$Vgn4bMeQMZLhZi2qcLfj8fbUaVVg+dna9jlEnkPofz8=	\N	f	pilot_resident	Pilot	Resident	pilot_resident@pgsims.local	f	t	2026-05-12 22:08:40.240457+00	resident	medicine	1	\N	\N	\N	f	\N	45	2026-05-12 22:08:40.923425+00	\N	+	\N	\N	1	1	\N	18	f	f	[]
23	pbkdf2_sha256$600000$ZbIkEAlWQKuLpRzpRIz37E$g9b1Gj3pT+uIicp6FI9XLPm++Xp3/7D9VkJDKwUhdvg=	\N	f	e2e_admin	E2E	Admin	e2e_admin@pgsims.local	f	t	2026-05-12 22:21:50.12741+00	admin	\N	\N	\N	\N	\N	f	\N	46	2026-05-12 22:21:50.604265+00	\N	+	\N	\N	\N	\N	\N	\N	f	f	[]
24	pbkdf2_sha256$600000$KRpcilshDfsg0gmMZcBoRd$O5r82nOSkD+ZVj51rcZT+fKJv/4HxiKOaC5ixBLsA+k=	\N	f	e2e_utrmc_user	E2E	UTRMC User	e2e_utrmc_user@pgsims.local	f	t	2026-05-12 22:21:50.612929+00	utrmc_user	\N	\N	\N	\N	\N	f	\N	47	2026-05-12 22:21:51.098196+00	\N	+	\N	\N	\N	\N	\N	\N	f	f	[]
25	pbkdf2_sha256$600000$c6NKtM5jaohainPexDOYgV$ctJfitVYynIP9JhQ7vEALCFgJKO5k+w2l3ASIvTwvKI=	\N	f	e2e_utrmc_admin	E2E	UTRMC Admin	e2e_utrmc_admin@pgsims.local	f	t	2026-05-12 22:21:51.104929+00	utrmc_admin	\N	\N	\N	\N	\N	f	\N	48	2026-05-12 22:21:51.702296+00	\N	+	\N	\N	\N	\N	\N	\N	f	f	[]
26	pbkdf2_sha256$600000$ucbE5Ynq0AmH4C9nWkLut4$VU4hZPooLESqasetseBC/SK+b5mNZjx6gmrrc5XjwNM=	\N	f	e2e_supervisor	E2E	Supervisor	e2e_supervisor@pgsims.local	f	t	2026-05-12 22:21:51.708209+00	supervisor	surgery	\N	\N	\N	\N	f	\N	49	2026-05-12 22:21:52.181705+00	\N	+	\N	\N	\N	\N	\N	\N	f	f	[]
27	pbkdf2_sha256$600000$73jlhpHL04pkoNeSctDlme$PD7jijgjAZ9CetFQKUrY4+xccnE4AL44ndv8Abrffrw=	\N	f	e2e_pg	E2E	PG	e2e_pg@pgsims.local	f	t	2026-05-12 22:21:52.186786+00	pg	surgery	1	\N	\N	\N	f	\N	50	2026-05-12 22:21:52.637731+00	\N	+	\N	\N	2	4	\N	26	f	f	[]
28	pbkdf2_sha256$600000$0vKzdYLg49ZmLYnSsmRzn3$mJEX/Tqd/99moxbYZ+SboNdnCXGRXmaJpHNX1u+AByo=	\N	f	supervisor_user	Feature	Supervisor	supervisor_user@pgsims.local	f	t	2026-05-12 22:21:52.663301+00	supervisor	surgery	\N	\N	\N	\N	f	\N	51	2026-05-12 22:21:53.182122+00	\N	+	\N	\N	2	4	\N	\N	f	f	[]
29	pbkdf2_sha256$600000$Y8pYig0hJpw2Zx9tL2fS7F$0hbCRkDab9W7Z3n2mpLO5vuPp8frLdQwDNrbsyh6tHM=	\N	f	hod_user	Feature	HOD	hod_user@pgsims.local	f	t	2026-05-12 22:21:53.187978+00	supervisor	surgery	\N	\N	\N	\N	f	\N	52	2026-05-12 22:21:53.624319+00	\N	+	\N	\N	2	4	\N	\N	f	f	[]
30	pbkdf2_sha256$600000$fIhVzRv6EqfMF5IMUNmUni$6hXWTiv1eBZf9IesOOFOL3T/whoddwBN5G65HLtw/gI=	\N	f	resident_user	Feature	Resident	resident_user@pgsims.local	f	t	2026-05-12 22:21:53.629888+00	pg	surgery	1	\N	\N	\N	f	\N	53	2026-05-12 22:21:54.087649+00	\N	+	\N	\N	2	4	\N	28	f	f	[]
31	pbkdf2_sha256$600000$imAvwB09pOvJk250nRFwQv$GYKZuSBoBp41grBJ9fhXP/kgWS+hnz9L8qZEh2qD89s=	\N	f	utrmc_admin_user	Feature	UTRMC Admin	utrmc_admin_user@pgsims.local	f	t	2026-05-12 22:21:54.092769+00	utrmc_admin	\N	\N	\N	\N	\N	f	\N	54	2026-05-12 22:21:54.540589+00	\N	+	\N	\N	\N	\N	\N	\N	f	f	[]
32	pbkdf2_sha256$600000$fJ5CLDBXlYIWlDk9PBNL2M$/AU6jLlxm7xf6cdcov3vn9Q5Vze5vHlhGmCcJVO0DEY=	\N	f	utrmc_staff_user	Feature	UTRMC Staff	utrmc_staff_user@pgsims.local	f	t	2026-05-12 22:21:54.547376+00	utrmc_user	\N	\N	\N	\N	\N	f	\N	55	2026-05-12 22:21:54.964437+00	\N	+	\N	\N	\N	\N	\N	\N	f	f	[]
33	pbkdf2_sha256$600000$R8g1OHzQGmxEJP40OS5VGb$N8zzp2yQc9SSHzgRdGJcGnb1x9Y0cgbZ/MIAMWe6Wo8=	\N	f	negative_role_user	Feature	Negative	negative_role_user@pgsims.local	f	t	2026-05-12 22:21:54.970499+00	pg	medicine	1	\N	\N	\N	f	\N	56	2026-05-12 22:21:55.397625+00	\N	+	\N	\N	1	4	\N	\N	f	f	[]
23	pbkdf2_sha256$600000$ZbIkEAlWQKuLpRzpRIz37E$g9b1Gj3pT+uIicp6FI9XLPm++Xp3/7D9VkJDKwUhdvg=	2026-05-12 22:22:06.842916+00	f	e2e_admin	E2E	Admin	e2e_admin@pgsims.local	f	t	2026-05-12 22:21:50.12741+00	admin	\N	\N	\N	\N	\N	f	\N	57	2026-05-12 22:22:06.849753+00	\N	~	\N	\N	\N	\N	\N	\N	f	f	[]
25	pbkdf2_sha256$600000$c6NKtM5jaohainPexDOYgV$ctJfitVYynIP9JhQ7vEALCFgJKO5k+w2l3ASIvTwvKI=	2026-05-12 22:22:07.3434+00	f	e2e_utrmc_admin	E2E	UTRMC Admin	e2e_utrmc_admin@pgsims.local	f	t	2026-05-12 22:21:51.104929+00	utrmc_admin	\N	\N	\N	\N	\N	f	\N	58	2026-05-12 22:22:07.346018+00	\N	~	\N	\N	\N	\N	\N	\N	f	f	[]
24	pbkdf2_sha256$600000$KRpcilshDfsg0gmMZcBoRd$O5r82nOSkD+ZVj51rcZT+fKJv/4HxiKOaC5ixBLsA+k=	2026-05-12 22:22:07.868473+00	f	e2e_utrmc_user	E2E	UTRMC User	e2e_utrmc_user@pgsims.local	f	t	2026-05-12 22:21:50.612929+00	utrmc_user	\N	\N	\N	\N	\N	f	\N	59	2026-05-12 22:22:07.870923+00	\N	~	\N	\N	\N	\N	\N	\N	f	f	[]
26	pbkdf2_sha256$600000$ucbE5Ynq0AmH4C9nWkLut4$VU4hZPooLESqasetseBC/SK+b5mNZjx6gmrrc5XjwNM=	2026-05-12 22:22:08.384419+00	f	e2e_supervisor	E2E	Supervisor	e2e_supervisor@pgsims.local	f	t	2026-05-12 22:21:51.708209+00	supervisor	surgery	\N	\N	\N	\N	f	\N	60	2026-05-12 22:22:08.387236+00	\N	~	\N	\N	\N	\N	\N	\N	f	f	[]
27	pbkdf2_sha256$600000$73jlhpHL04pkoNeSctDlme$PD7jijgjAZ9CetFQKUrY4+xccnE4AL44ndv8Abrffrw=	2026-05-12 22:22:08.923806+00	f	e2e_pg	E2E	PG	e2e_pg@pgsims.local	f	t	2026-05-12 22:21:52.186786+00	pg	surgery	1	\N	\N	\N	f	\N	61	2026-05-12 22:22:08.930752+00	\N	~	\N	\N	2	4	\N	26	f	f	[]
25	pbkdf2_sha256$600000$c6NKtM5jaohainPexDOYgV$ctJfitVYynIP9JhQ7vEALCFgJKO5k+w2l3ASIvTwvKI=	2026-05-12 22:22:18.634915+00	f	e2e_utrmc_admin	E2E	UTRMC Admin	e2e_utrmc_admin@pgsims.local	f	t	2026-05-12 22:21:51.104929+00	utrmc_admin	\N	\N	\N	\N	\N	f	\N	62	2026-05-12 22:22:18.637358+00	\N	~	\N	\N	\N	\N	\N	\N	f	f	[]
26	pbkdf2_sha256$600000$ucbE5Ynq0AmH4C9nWkLut4$VU4hZPooLESqasetseBC/SK+b5mNZjx6gmrrc5XjwNM=	2026-05-12 22:22:21.634192+00	f	e2e_supervisor	E2E	Supervisor	e2e_supervisor@pgsims.local	f	t	2026-05-12 22:21:51.708209+00	supervisor	surgery	\N	\N	\N	\N	f	\N	63	2026-05-12 22:22:21.6399+00	\N	~	\N	\N	\N	\N	\N	\N	f	f	[]
27	pbkdf2_sha256$600000$73jlhpHL04pkoNeSctDlme$PD7jijgjAZ9CetFQKUrY4+xccnE4AL44ndv8Abrffrw=	2026-05-12 22:22:23.561642+00	f	e2e_pg	E2E	PG	e2e_pg@pgsims.local	f	t	2026-05-12 22:21:52.186786+00	pg	surgery	1	\N	\N	\N	f	\N	64	2026-05-12 22:22:23.567233+00	\N	~	\N	\N	2	4	\N	26	f	f	[]
25	pbkdf2_sha256$600000$c6NKtM5jaohainPexDOYgV$ctJfitVYynIP9JhQ7vEALCFgJKO5k+w2l3ASIvTwvKI=	2026-05-12 22:22:27.1788+00	f	e2e_utrmc_admin	E2E	UTRMC Admin	e2e_utrmc_admin@pgsims.local	f	t	2026-05-12 22:21:51.104929+00	utrmc_admin	\N	\N	\N	\N	\N	f	\N	65	2026-05-12 22:22:27.182219+00	\N	~	\N	\N	\N	\N	\N	\N	f	f	[]
27	pbkdf2_sha256$600000$73jlhpHL04pkoNeSctDlme$PD7jijgjAZ9CetFQKUrY4+xccnE4AL44ndv8Abrffrw=	2026-05-12 22:22:34.499627+00	f	e2e_pg	E2E	PG	e2e_pg@pgsims.local	f	t	2026-05-12 22:21:52.186786+00	pg	surgery	1	\N	\N	\N	f	\N	67	2026-05-12 22:22:34.50218+00	\N	~	\N	\N	2	4	\N	26	f	f	[]
30	pbkdf2_sha256$600000$LfiQkzO5NcuQxjXsM9lksO$MVg7NVN1gftkC3i3p3NPBSSr4iyjeCjasLcbofdFCdk=	2026-05-12 22:23:12.390821+00	f	resident_user	Feature	Resident	resident_user@pgsims.local	f	t	2026-05-12 22:21:53.629888+00	pg	surgery	1	\N	\N	\N	f	\N	85	2026-05-12 22:23:12.393309+00	\N	~	\N	\N	2	4	\N	28	f	f	[]
28	pbkdf2_sha256$600000$UtXlD8jm3uFTcPLNi07Pp5$mO6mrJ56M9OFoBWISBZpqY+rth+8DEzSdyP7Ew5/0ek=	2026-05-12 22:23:13.506902+00	f	supervisor_user	Feature	Supervisor	supervisor_user@pgsims.local	f	t	2026-05-12 22:21:52.663301+00	supervisor	surgery	\N	\N	\N	\N	f	\N	86	2026-05-12 22:23:13.509228+00	\N	~	\N	\N	2	4	\N	\N	f	f	[]
31	pbkdf2_sha256$600000$4ftapvq9BecMQ5trghY9ND$28MxtfYecXbRKdbe/txN9dploB4YGs3YHinpSbswa6c=	2026-05-12 22:23:15.574508+00	f	utrmc_admin_user	Feature	UTRMC Admin	utrmc_admin_user@pgsims.local	f	t	2026-05-12 22:21:54.092769+00	utrmc_admin	\N	\N	\N	\N	\N	f	\N	88	2026-05-12 22:23:15.577543+00	\N	~	\N	\N	\N	\N	\N	\N	f	f	[]
26	pbkdf2_sha256$600000$DdP9RJwv2CElv2nKVgk6nq$oPRv+0cCe23Jowvvtdb1xZyeDwHMpMA4f2M1S5UKGpk=	2026-05-12 22:23:56.810264+00	f	e2e_supervisor	E2E	Supervisor	e2e_supervisor@pgsims.local	f	t	2026-05-12 22:21:51.708209+00	supervisor	surgery	\N	\N	\N	\N	f	\N	96	2026-05-12 22:23:56.812525+00	\N	~	\N	\N	\N	\N	\N	\N	f	f	[]
27	pbkdf2_sha256$600000$ydrOKwpDgp62reMOmLDrbw$jqmOBFgTjfvNG1FPPaVImEx+3Sw9CHn1fDf98zaJDvw=	2026-05-12 22:23:58.235625+00	f	e2e_pg	E2E	PG	e2e_pg@pgsims.local	f	t	2026-05-12 22:21:52.186786+00	pg	surgery	1	\N	\N	\N	f	\N	97	2026-05-12 22:23:58.238404+00	\N	~	\N	\N	2	4	\N	26	f	f	[]
25	pbkdf2_sha256$600000$JKshF8nISrdFnhcQf6jJvQ$PzGNWeffLdjxzs+KFZM0udaIc9wo97ui9ZnQnc3Pj+4=	2026-05-12 22:24:03.828179+00	f	e2e_utrmc_admin	E2E	UTRMC Admin	e2e_utrmc_admin@pgsims.local	f	t	2026-05-12 22:21:51.104929+00	utrmc_admin	\N	\N	\N	\N	\N	f	\N	98	2026-05-12 22:24:03.830828+00	\N	~	\N	\N	\N	\N	\N	\N	f	f	[]
27	pbkdf2_sha256$600000$ydrOKwpDgp62reMOmLDrbw$jqmOBFgTjfvNG1FPPaVImEx+3Sw9CHn1fDf98zaJDvw=	2026-05-12 22:24:06.632802+00	f	e2e_pg	E2E	PG	e2e_pg@pgsims.local	f	t	2026-05-12 22:21:52.186786+00	pg	surgery	1	\N	\N	\N	f	\N	99	2026-05-12 22:24:06.635076+00	\N	~	\N	\N	2	4	\N	26	f	f	[]
28	pbkdf2_sha256$600000$UtXlD8jm3uFTcPLNi07Pp5$mO6mrJ56M9OFoBWISBZpqY+rth+8DEzSdyP7Ew5/0ek=	2026-05-12 22:24:13.289022+00	f	supervisor_user	Feature	Supervisor	supervisor_user@pgsims.local	f	t	2026-05-12 22:21:52.663301+00	supervisor	surgery	\N	\N	\N	\N	f	\N	102	2026-05-12 22:24:13.293827+00	\N	~	\N	\N	2	4	\N	\N	f	f	[]
31	pbkdf2_sha256$600000$4ftapvq9BecMQ5trghY9ND$28MxtfYecXbRKdbe/txN9dploB4YGs3YHinpSbswa6c=	2026-05-12 22:24:15.470115+00	f	utrmc_admin_user	Feature	UTRMC Admin	utrmc_admin_user@pgsims.local	f	t	2026-05-12 22:21:54.092769+00	utrmc_admin	\N	\N	\N	\N	\N	f	\N	104	2026-05-12 22:24:15.472605+00	\N	~	\N	\N	\N	\N	\N	\N	f	f	[]
32	pbkdf2_sha256$600000$NlIARM2bwJv3vdoAC0zi3m$z64ugAi6eQjIcu0TUTfmY/7rrBRXO4D6B+2gLy/DD1k=	2026-05-12 22:24:16.618346+00	f	utrmc_staff_user	Feature	UTRMC Staff	utrmc_staff_user@pgsims.local	f	t	2026-05-12 22:21:54.547376+00	utrmc_user	\N	\N	\N	\N	\N	f	\N	105	2026-05-12 22:24:16.620891+00	\N	~	\N	\N	\N	\N	\N	\N	f	f	[]
33	pbkdf2_sha256$600000$n7rXIzLww0nY7TUteoWD5b$QzDxp+FImhAG5GCvzgv7FBbTFzexLNTaLtXU8K6zvqE=	2026-05-12 22:24:28.127048+00	f	negative_role_user	Feature	Negative	negative_role_user@pgsims.local	f	t	2026-05-12 22:21:54.970499+00	pg	medicine	1	\N	\N	\N	f	\N	106	2026-05-12 22:24:28.129427+00	\N	~	\N	\N	1	4	\N	\N	f	f	[]
26	pbkdf2_sha256$600000$DdP9RJwv2CElv2nKVgk6nq$oPRv+0cCe23Jowvvtdb1xZyeDwHMpMA4f2M1S5UKGpk=	2026-05-12 22:24:35.821658+00	f	e2e_supervisor	E2E	Supervisor	e2e_supervisor@pgsims.local	f	t	2026-05-12 22:21:51.708209+00	supervisor	surgery	\N	\N	\N	\N	f	\N	108	2026-05-12 22:24:35.824207+00	\N	~	\N	\N	\N	\N	\N	\N	f	f	[]
27	pbkdf2_sha256$600000$ydrOKwpDgp62reMOmLDrbw$jqmOBFgTjfvNG1FPPaVImEx+3Sw9CHn1fDf98zaJDvw=	2026-05-12 22:24:37.138325+00	f	e2e_pg	E2E	PG	e2e_pg@pgsims.local	f	t	2026-05-12 22:21:52.186786+00	pg	surgery	1	\N	\N	\N	f	\N	109	2026-05-12 22:24:37.140799+00	\N	~	\N	\N	2	4	\N	26	f	f	[]
27	pbkdf2_sha256$600000$ydrOKwpDgp62reMOmLDrbw$jqmOBFgTjfvNG1FPPaVImEx+3Sw9CHn1fDf98zaJDvw=	2026-05-12 22:24:45.567784+00	f	e2e_pg	E2E	PG	e2e_pg@pgsims.local	f	t	2026-05-12 22:21:52.186786+00	pg	surgery	1	\N	\N	\N	f	\N	110	2026-05-12 22:24:45.571518+00	\N	~	\N	\N	2	4	\N	26	f	f	[]
26	pbkdf2_sha256$600000$ucbE5Ynq0AmH4C9nWkLut4$VU4hZPooLESqasetseBC/SK+b5mNZjx6gmrrc5XjwNM=	2026-05-12 22:22:32.806857+00	f	e2e_supervisor	E2E	Supervisor	e2e_supervisor@pgsims.local	f	t	2026-05-12 22:21:51.708209+00	supervisor	surgery	\N	\N	\N	\N	f	\N	66	2026-05-12 22:22:32.809485+00	\N	~	\N	\N	\N	\N	\N	\N	f	f	[]
1	pbkdf2_sha256$600000$3BHjxSUUajcx9dPTuejT6p$lA1l75Yjgi8u1eTusl3IUPENVEmHV83qsJmSNNMUjw8=	\N	t	admin	Pilot	Admin	admin@pgsims.local	t	t	2026-05-12 22:04:16.625251+00	admin	\N	\N	\N	\N	\N	f	\N	68	2026-05-12 22:22:54.18552+00	\N	~	\N	\N	\N	\N	\N	\N	f	f	[]
18	pbkdf2_sha256$600000$OW8TmahhBgoifcAKKtgMNE$t/Cyssgrg78MNDe5hX0841sKQv5OJUMl9mE9WHqgvM4=	\N	f	pilot_supervisor	Pilot	Supervisor	pilot_supervisor@pgsims.local	f	t	2026-05-12 22:08:37.387544+00	supervisor	medicine	\N	\N	\N	\N	f	\N	69	2026-05-12 22:22:54.695246+00	\N	~	\N	\N	1	1	\N	\N	f	f	[]
19	pbkdf2_sha256$600000$9mIN9H9FQhOwMaqpynnlWG$hSd9wAkGpgEhEEhCvPm7oGNbnwdgMbqVacxMjsqBXZA=	\N	f	pilot_utrmc_admin	Pilot	UTRMC Admin	pilot_utrmc_admin@pgsims.local	f	t	2026-05-12 22:08:38.085374+00	utrmc_admin	\N	\N	\N	\N	\N	f	\N	70	2026-05-12 22:22:55.19373+00	\N	~	\N	\N	\N	\N	\N	\N	f	f	[]
20	pbkdf2_sha256$600000$xAE3wE9KGw98tCWc3jH5Vk$DI8YTFmRvsC2IugylDUp+nFAUXT1z1hToqIQN7ezSjQ=	\N	f	pilot_utrmc_user	Pilot	UTRMC User	pilot_utrmc_user@pgsims.local	f	t	2026-05-12 22:08:38.805064+00	utrmc_user	\N	\N	\N	\N	\N	f	\N	71	2026-05-12 22:22:55.702438+00	\N	~	\N	\N	\N	\N	\N	\N	f	f	[]
21	pbkdf2_sha256$600000$XvAPPOAL57TCHsZEl2DooH$DA05HIlyDFs6MYiFm09qKxQPOxXIhLHaZm1308ftqaU=	\N	f	pilot_pg	Pilot	PG	pilot_pg@pgsims.local	f	t	2026-05-12 22:08:39.523059+00	pg	medicine	1	\N	\N	\N	f	\N	72	2026-05-12 22:22:56.195805+00	\N	~	\N	\N	1	1	\N	18	f	f	[]
22	pbkdf2_sha256$600000$IJ15Gmup0qaCsvSLlgwydu$rm/6ZNxr6WfwXlHK9XJtfCylMJ5r0qCk/ZH8xxpe4nI=	\N	f	pilot_resident	Pilot	Resident	pilot_resident@pgsims.local	f	t	2026-05-12 22:08:40.240457+00	resident	medicine	1	\N	\N	\N	f	\N	73	2026-05-12 22:22:56.718507+00	\N	~	\N	\N	1	1	\N	18	f	f	[]
23	pbkdf2_sha256$600000$aZsbRrMnzgfNj726RgYN18$A9kZuOti9IsS467ELOm7ZidYtvQNjgREq4rNbcGTyYc=	2026-05-12 22:22:06.842916+00	f	e2e_admin	E2E	Admin	e2e_admin@pgsims.local	f	t	2026-05-12 22:21:50.12741+00	admin	\N	\N	\N	\N	\N	f	\N	74	2026-05-12 22:23:00.775695+00	\N	~	\N	\N	\N	\N	\N	\N	f	f	[]
24	pbkdf2_sha256$600000$sWt6tsNSKbveZoZ0ujVbN8$gzEZzE1PC210HrV1cblPN24ZPqa1FwCYhUCONGI4HxQ=	2026-05-12 22:22:07.868473+00	f	e2e_utrmc_user	E2E	UTRMC User	e2e_utrmc_user@pgsims.local	f	t	2026-05-12 22:21:50.612929+00	utrmc_user	\N	\N	\N	\N	\N	f	\N	75	2026-05-12 22:23:01.27025+00	\N	~	\N	\N	\N	\N	\N	\N	f	f	[]
25	pbkdf2_sha256$600000$JKshF8nISrdFnhcQf6jJvQ$PzGNWeffLdjxzs+KFZM0udaIc9wo97ui9ZnQnc3Pj+4=	2026-05-12 22:22:27.1788+00	f	e2e_utrmc_admin	E2E	UTRMC Admin	e2e_utrmc_admin@pgsims.local	f	t	2026-05-12 22:21:51.104929+00	utrmc_admin	\N	\N	\N	\N	\N	f	\N	76	2026-05-12 22:23:01.728718+00	\N	~	\N	\N	\N	\N	\N	\N	f	f	[]
26	pbkdf2_sha256$600000$DdP9RJwv2CElv2nKVgk6nq$oPRv+0cCe23Jowvvtdb1xZyeDwHMpMA4f2M1S5UKGpk=	2026-05-12 22:22:32.806857+00	f	e2e_supervisor	E2E	Supervisor	e2e_supervisor@pgsims.local	f	t	2026-05-12 22:21:51.708209+00	supervisor	surgery	\N	\N	\N	\N	f	\N	77	2026-05-12 22:23:02.23399+00	\N	~	\N	\N	\N	\N	\N	\N	f	f	[]
27	pbkdf2_sha256$600000$ydrOKwpDgp62reMOmLDrbw$jqmOBFgTjfvNG1FPPaVImEx+3Sw9CHn1fDf98zaJDvw=	2026-05-12 22:22:34.499627+00	f	e2e_pg	E2E	PG	e2e_pg@pgsims.local	f	t	2026-05-12 22:21:52.186786+00	pg	surgery	1	\N	\N	\N	f	\N	78	2026-05-12 22:23:02.645238+00	\N	~	\N	\N	2	4	\N	26	f	f	[]
28	pbkdf2_sha256$600000$UtXlD8jm3uFTcPLNi07Pp5$mO6mrJ56M9OFoBWISBZpqY+rth+8DEzSdyP7Ew5/0ek=	\N	f	supervisor_user	Feature	Supervisor	supervisor_user@pgsims.local	f	t	2026-05-12 22:21:52.663301+00	supervisor	surgery	\N	\N	\N	\N	f	\N	79	2026-05-12 22:23:03.122495+00	\N	~	\N	\N	2	4	\N	\N	f	f	[]
29	pbkdf2_sha256$600000$NFRlfCov3rB4f6JbhW0CIz$9PtjkwAprHebsUj7k2IEdgLyW7R00YheNdmUGXjiZoA=	\N	f	hod_user	Feature	HOD	hod_user@pgsims.local	f	t	2026-05-12 22:21:53.187978+00	supervisor	surgery	\N	\N	\N	\N	f	\N	80	2026-05-12 22:23:03.616337+00	\N	~	\N	\N	2	4	\N	\N	f	f	[]
30	pbkdf2_sha256$600000$LfiQkzO5NcuQxjXsM9lksO$MVg7NVN1gftkC3i3p3NPBSSr4iyjeCjasLcbofdFCdk=	\N	f	resident_user	Feature	Resident	resident_user@pgsims.local	f	t	2026-05-12 22:21:53.629888+00	pg	surgery	1	\N	\N	\N	f	\N	81	2026-05-12 22:23:04.087998+00	\N	~	\N	\N	2	4	\N	28	f	f	[]
31	pbkdf2_sha256$600000$4ftapvq9BecMQ5trghY9ND$28MxtfYecXbRKdbe/txN9dploB4YGs3YHinpSbswa6c=	\N	f	utrmc_admin_user	Feature	UTRMC Admin	utrmc_admin_user@pgsims.local	f	t	2026-05-12 22:21:54.092769+00	utrmc_admin	\N	\N	\N	\N	\N	f	\N	82	2026-05-12 22:23:04.523257+00	\N	~	\N	\N	\N	\N	\N	\N	f	f	[]
32	pbkdf2_sha256$600000$NlIARM2bwJv3vdoAC0zi3m$z64ugAi6eQjIcu0TUTfmY/7rrBRXO4D6B+2gLy/DD1k=	\N	f	utrmc_staff_user	Feature	UTRMC Staff	utrmc_staff_user@pgsims.local	f	t	2026-05-12 22:21:54.547376+00	utrmc_user	\N	\N	\N	\N	\N	f	\N	83	2026-05-12 22:23:04.98125+00	\N	~	\N	\N	\N	\N	\N	\N	f	f	[]
33	pbkdf2_sha256$600000$n7rXIzLww0nY7TUteoWD5b$QzDxp+FImhAG5GCvzgv7FBbTFzexLNTaLtXU8K6zvqE=	\N	f	negative_role_user	Feature	Negative	negative_role_user@pgsims.local	f	t	2026-05-12 22:21:54.970499+00	pg	medicine	1	\N	\N	\N	f	\N	84	2026-05-12 22:23:05.469945+00	\N	~	\N	\N	1	4	\N	\N	f	f	[]
29	pbkdf2_sha256$600000$NFRlfCov3rB4f6JbhW0CIz$9PtjkwAprHebsUj7k2IEdgLyW7R00YheNdmUGXjiZoA=	2026-05-12 22:23:14.617779+00	f	hod_user	Feature	HOD	hod_user@pgsims.local	f	t	2026-05-12 22:21:53.187978+00	supervisor	surgery	\N	\N	\N	\N	f	\N	87	2026-05-12 22:23:14.620556+00	\N	~	\N	\N	2	4	\N	\N	f	f	[]
32	pbkdf2_sha256$600000$NlIARM2bwJv3vdoAC0zi3m$z64ugAi6eQjIcu0TUTfmY/7rrBRXO4D6B+2gLy/DD1k=	2026-05-12 22:23:16.822003+00	f	utrmc_staff_user	Feature	UTRMC Staff	utrmc_staff_user@pgsims.local	f	t	2026-05-12 22:21:54.547376+00	utrmc_user	\N	\N	\N	\N	\N	f	\N	89	2026-05-12 22:23:16.828595+00	\N	~	\N	\N	\N	\N	\N	\N	f	f	[]
33	pbkdf2_sha256$600000$n7rXIzLww0nY7TUteoWD5b$QzDxp+FImhAG5GCvzgv7FBbTFzexLNTaLtXU8K6zvqE=	2026-05-12 22:23:28.96638+00	f	negative_role_user	Feature	Negative	negative_role_user@pgsims.local	f	t	2026-05-12 22:21:54.970499+00	pg	medicine	1	\N	\N	\N	f	\N	90	2026-05-12 22:23:28.968694+00	\N	~	\N	\N	1	4	\N	\N	f	f	[]
23	pbkdf2_sha256$600000$aZsbRrMnzgfNj726RgYN18$A9kZuOti9IsS467ELOm7ZidYtvQNjgREq4rNbcGTyYc=	2026-05-12 22:23:40.229509+00	f	e2e_admin	E2E	Admin	e2e_admin@pgsims.local	f	t	2026-05-12 22:21:50.12741+00	admin	\N	\N	\N	\N	\N	f	\N	91	2026-05-12 22:23:40.232058+00	\N	~	\N	\N	\N	\N	\N	\N	f	f	[]
25	pbkdf2_sha256$600000$JKshF8nISrdFnhcQf6jJvQ$PzGNWeffLdjxzs+KFZM0udaIc9wo97ui9ZnQnc3Pj+4=	2026-05-12 22:23:43.883445+00	f	e2e_utrmc_admin	E2E	UTRMC Admin	e2e_utrmc_admin@pgsims.local	f	t	2026-05-12 22:21:51.104929+00	utrmc_admin	\N	\N	\N	\N	\N	f	\N	92	2026-05-12 22:23:43.886311+00	\N	~	\N	\N	\N	\N	\N	\N	f	f	[]
26	pbkdf2_sha256$600000$DdP9RJwv2CElv2nKVgk6nq$oPRv+0cCe23Jowvvtdb1xZyeDwHMpMA4f2M1S5UKGpk=	2026-05-12 22:23:45.846327+00	f	e2e_supervisor	E2E	Supervisor	e2e_supervisor@pgsims.local	f	t	2026-05-12 22:21:51.708209+00	supervisor	surgery	\N	\N	\N	\N	f	\N	93	2026-05-12 22:23:45.849107+00	\N	~	\N	\N	\N	\N	\N	\N	f	f	[]
27	pbkdf2_sha256$600000$ydrOKwpDgp62reMOmLDrbw$jqmOBFgTjfvNG1FPPaVImEx+3Sw9CHn1fDf98zaJDvw=	2026-05-12 22:23:47.588412+00	f	e2e_pg	E2E	PG	e2e_pg@pgsims.local	f	t	2026-05-12 22:21:52.186786+00	pg	surgery	1	\N	\N	\N	f	\N	94	2026-05-12 22:23:47.59083+00	\N	~	\N	\N	2	4	\N	26	f	f	[]
25	pbkdf2_sha256$600000$JKshF8nISrdFnhcQf6jJvQ$PzGNWeffLdjxzs+KFZM0udaIc9wo97ui9ZnQnc3Pj+4=	2026-05-12 22:23:51.271262+00	f	e2e_utrmc_admin	E2E	UTRMC Admin	e2e_utrmc_admin@pgsims.local	f	t	2026-05-12 22:21:51.104929+00	utrmc_admin	\N	\N	\N	\N	\N	f	\N	95	2026-05-12 22:23:51.274007+00	\N	~	\N	\N	\N	\N	\N	\N	f	f	[]
26	pbkdf2_sha256$600000$DdP9RJwv2CElv2nKVgk6nq$oPRv+0cCe23Jowvvtdb1xZyeDwHMpMA4f2M1S5UKGpk=	2026-05-12 22:24:08.664806+00	f	e2e_supervisor	E2E	Supervisor	e2e_supervisor@pgsims.local	f	t	2026-05-12 22:21:51.708209+00	supervisor	surgery	\N	\N	\N	\N	f	\N	100	2026-05-12 22:24:08.667284+00	\N	~	\N	\N	\N	\N	\N	\N	f	f	[]
30	pbkdf2_sha256$600000$LfiQkzO5NcuQxjXsM9lksO$MVg7NVN1gftkC3i3p3NPBSSr4iyjeCjasLcbofdFCdk=	2026-05-12 22:24:12.098614+00	f	resident_user	Feature	Resident	resident_user@pgsims.local	f	t	2026-05-12 22:21:53.629888+00	pg	surgery	1	\N	\N	\N	f	\N	101	2026-05-12 22:24:12.101006+00	\N	~	\N	\N	2	4	\N	28	f	f	[]
29	pbkdf2_sha256$600000$NFRlfCov3rB4f6JbhW0CIz$9PtjkwAprHebsUj7k2IEdgLyW7R00YheNdmUGXjiZoA=	2026-05-12 22:24:14.403577+00	f	hod_user	Feature	HOD	hod_user@pgsims.local	f	t	2026-05-12 22:21:53.187978+00	supervisor	surgery	\N	\N	\N	\N	f	\N	103	2026-05-12 22:24:14.407268+00	\N	~	\N	\N	2	4	\N	\N	f	f	[]
25	pbkdf2_sha256$600000$JKshF8nISrdFnhcQf6jJvQ$PzGNWeffLdjxzs+KFZM0udaIc9wo97ui9ZnQnc3Pj+4=	2026-05-12 22:24:34.164808+00	f	e2e_utrmc_admin	E2E	UTRMC Admin	e2e_utrmc_admin@pgsims.local	f	t	2026-05-12 22:21:51.104929+00	utrmc_admin	\N	\N	\N	\N	\N	f	\N	107	2026-05-12 22:24:34.167209+00	\N	~	\N	\N	\N	\N	\N	\N	f	f	[]
26	pbkdf2_sha256$600000$DdP9RJwv2CElv2nKVgk6nq$oPRv+0cCe23Jowvvtdb1xZyeDwHMpMA4f2M1S5UKGpk=	2026-05-12 22:24:49.334324+00	f	e2e_supervisor	E2E	Supervisor	e2e_supervisor@pgsims.local	f	t	2026-05-12 22:21:51.708209+00	supervisor	surgery	\N	\N	\N	\N	f	\N	111	2026-05-12 22:24:49.336413+00	\N	~	\N	\N	\N	\N	\N	\N	f	f	[]
25	pbkdf2_sha256$600000$JKshF8nISrdFnhcQf6jJvQ$PzGNWeffLdjxzs+KFZM0udaIc9wo97ui9ZnQnc3Pj+4=	2026-05-12 22:24:53.252736+00	f	e2e_utrmc_admin	E2E	UTRMC Admin	e2e_utrmc_admin@pgsims.local	f	t	2026-05-12 22:21:51.104929+00	utrmc_admin	\N	\N	\N	\N	\N	f	\N	112	2026-05-12 22:24:53.255342+00	\N	~	\N	\N	\N	\N	\N	\N	f	f	[]
24	pbkdf2_sha256$600000$sWt6tsNSKbveZoZ0ujVbN8$gzEZzE1PC210HrV1cblPN24ZPqa1FwCYhUCONGI4HxQ=	2026-05-12 22:24:58.785169+00	f	e2e_utrmc_user	E2E	UTRMC User	e2e_utrmc_user@pgsims.local	f	t	2026-05-12 22:21:50.612929+00	utrmc_user	\N	\N	\N	\N	\N	f	\N	113	2026-05-12 22:24:58.787573+00	\N	~	\N	\N	\N	\N	\N	\N	f	f	[]
25	pbkdf2_sha256$600000$JKshF8nISrdFnhcQf6jJvQ$PzGNWeffLdjxzs+KFZM0udaIc9wo97ui9ZnQnc3Pj+4=	2026-05-12 22:25:09.229266+00	f	e2e_utrmc_admin	E2E	UTRMC Admin	e2e_utrmc_admin@pgsims.local	f	t	2026-05-12 22:21:51.104929+00	utrmc_admin	\N	\N	\N	\N	\N	f	\N	114	2026-05-12 22:25:09.231589+00	\N	~	\N	\N	\N	\N	\N	\N	f	f	[]
26	pbkdf2_sha256$600000$DdP9RJwv2CElv2nKVgk6nq$oPRv+0cCe23Jowvvtdb1xZyeDwHMpMA4f2M1S5UKGpk=	2026-05-12 22:25:19.709094+00	f	e2e_supervisor	E2E	Supervisor	e2e_supervisor@pgsims.local	f	t	2026-05-12 22:21:51.708209+00	supervisor	surgery	\N	\N	\N	\N	f	\N	115	2026-05-12 22:25:19.714727+00	\N	~	\N	\N	\N	\N	\N	\N	f	f	[]
27	pbkdf2_sha256$600000$ydrOKwpDgp62reMOmLDrbw$jqmOBFgTjfvNG1FPPaVImEx+3Sw9CHn1fDf98zaJDvw=	2026-05-12 22:25:22.571866+00	f	e2e_pg	E2E	PG	e2e_pg@pgsims.local	f	t	2026-05-12 22:21:52.186786+00	pg	surgery	1	\N	\N	\N	f	\N	116	2026-05-12 22:25:22.57523+00	\N	~	\N	\N	2	4	\N	26	f	f	[]
25	pbkdf2_sha256$600000$JKshF8nISrdFnhcQf6jJvQ$PzGNWeffLdjxzs+KFZM0udaIc9wo97ui9ZnQnc3Pj+4=	2026-05-12 22:25:28.475964+00	f	e2e_utrmc_admin	E2E	UTRMC Admin	e2e_utrmc_admin@pgsims.local	f	t	2026-05-12 22:21:51.104929+00	utrmc_admin	\N	\N	\N	\N	\N	f	\N	117	2026-05-12 22:25:28.478397+00	\N	~	\N	\N	\N	\N	\N	\N	f	f	[]
26	pbkdf2_sha256$600000$DdP9RJwv2CElv2nKVgk6nq$oPRv+0cCe23Jowvvtdb1xZyeDwHMpMA4f2M1S5UKGpk=	2026-05-12 22:25:36.958897+00	f	e2e_supervisor	E2E	Supervisor	e2e_supervisor@pgsims.local	f	t	2026-05-12 22:21:51.708209+00	supervisor	surgery	\N	\N	\N	\N	f	\N	118	2026-05-12 22:25:36.961484+00	\N	~	\N	\N	\N	\N	\N	\N	f	f	[]
27	pbkdf2_sha256$600000$ydrOKwpDgp62reMOmLDrbw$jqmOBFgTjfvNG1FPPaVImEx+3Sw9CHn1fDf98zaJDvw=	2026-05-12 22:25:38.931415+00	f	e2e_pg	E2E	PG	e2e_pg@pgsims.local	f	t	2026-05-12 22:21:52.186786+00	pg	surgery	1	\N	\N	\N	f	\N	119	2026-05-12 22:25:38.933866+00	\N	~	\N	\N	2	4	\N	26	f	f	[]
24	pbkdf2_sha256$600000$sWt6tsNSKbveZoZ0ujVbN8$gzEZzE1PC210HrV1cblPN24ZPqa1FwCYhUCONGI4HxQ=	2026-05-12 22:25:43.935441+00	f	e2e_utrmc_user	E2E	UTRMC User	e2e_utrmc_user@pgsims.local	f	t	2026-05-12 22:21:50.612929+00	utrmc_user	\N	\N	\N	\N	\N	f	\N	120	2026-05-12 22:25:43.938193+00	\N	~	\N	\N	\N	\N	\N	\N	f	f	[]
27	pbkdf2_sha256$600000$ydrOKwpDgp62reMOmLDrbw$jqmOBFgTjfvNG1FPPaVImEx+3Sw9CHn1fDf98zaJDvw=	2026-05-12 22:25:47.410058+00	f	e2e_pg	E2E	PG	e2e_pg@pgsims.local	f	t	2026-05-12 22:21:52.186786+00	pg	surgery	1	\N	\N	\N	f	\N	121	2026-05-12 22:25:47.412728+00	\N	~	\N	\N	2	4	\N	26	f	f	[]
27	pbkdf2_sha256$600000$ydrOKwpDgp62reMOmLDrbw$jqmOBFgTjfvNG1FPPaVImEx+3Sw9CHn1fDf98zaJDvw=	2026-05-12 22:26:06.67149+00	f	e2e_pg	E2E	PG	e2e_pg@pgsims.local	f	t	2026-05-12 22:21:52.186786+00	pg	surgery	1	\N	\N	\N	f	\N	122	2026-05-12 22:26:06.67399+00	\N	~	\N	\N	2	4	\N	26	f	f	[]
26	pbkdf2_sha256$600000$DdP9RJwv2CElv2nKVgk6nq$oPRv+0cCe23Jowvvtdb1xZyeDwHMpMA4f2M1S5UKGpk=	2026-05-12 22:26:11.148224+00	f	e2e_supervisor	E2E	Supervisor	e2e_supervisor@pgsims.local	f	t	2026-05-12 22:21:51.708209+00	supervisor	surgery	\N	\N	\N	\N	f	\N	123	2026-05-12 22:26:11.150626+00	\N	~	\N	\N	\N	\N	\N	\N	f	f	[]
23	pbkdf2_sha256$600000$aZsbRrMnzgfNj726RgYN18$A9kZuOti9IsS467ELOm7ZidYtvQNjgREq4rNbcGTyYc=	2026-05-12 22:26:17.833235+00	f	e2e_admin	E2E	Admin	e2e_admin@pgsims.local	f	t	2026-05-12 22:21:50.12741+00	admin	\N	\N	\N	\N	\N	f	\N	124	2026-05-12 22:26:17.836746+00	\N	~	\N	\N	\N	\N	\N	\N	f	f	[]
25	pbkdf2_sha256$600000$JKshF8nISrdFnhcQf6jJvQ$PzGNWeffLdjxzs+KFZM0udaIc9wo97ui9ZnQnc3Pj+4=	2026-05-12 22:26:23.04684+00	f	e2e_utrmc_admin	E2E	UTRMC Admin	e2e_utrmc_admin@pgsims.local	f	t	2026-05-12 22:21:51.104929+00	utrmc_admin	\N	\N	\N	\N	\N	f	\N	125	2026-05-12 22:26:23.049726+00	\N	~	\N	\N	\N	\N	\N	\N	f	f	[]
25	pbkdf2_sha256$600000$JKshF8nISrdFnhcQf6jJvQ$PzGNWeffLdjxzs+KFZM0udaIc9wo97ui9ZnQnc3Pj+4=	2026-05-12 22:26:34.516325+00	f	e2e_utrmc_admin	E2E	UTRMC Admin	e2e_utrmc_admin@pgsims.local	f	t	2026-05-12 22:21:51.104929+00	utrmc_admin	\N	\N	\N	\N	\N	f	\N	126	2026-05-12 22:26:34.518711+00	\N	~	\N	\N	\N	\N	\N	\N	f	f	[]
27	pbkdf2_sha256$600000$ydrOKwpDgp62reMOmLDrbw$jqmOBFgTjfvNG1FPPaVImEx+3Sw9CHn1fDf98zaJDvw=	2026-05-12 22:26:39.422814+00	f	e2e_pg	E2E	PG	e2e_pg@pgsims.local	f	t	2026-05-12 22:21:52.186786+00	pg	surgery	1	\N	\N	\N	f	\N	127	2026-05-12 22:26:39.427389+00	\N	~	\N	\N	2	4	\N	26	f	f	[]
26	pbkdf2_sha256$600000$DdP9RJwv2CElv2nKVgk6nq$oPRv+0cCe23Jowvvtdb1xZyeDwHMpMA4f2M1S5UKGpk=	2026-05-12 22:26:41.24657+00	f	e2e_supervisor	E2E	Supervisor	e2e_supervisor@pgsims.local	f	t	2026-05-12 22:21:51.708209+00	supervisor	surgery	\N	\N	\N	\N	f	\N	128	2026-05-12 22:26:41.249231+00	\N	~	\N	\N	\N	\N	\N	\N	f	f	[]
34	pbkdf2_sha256$600000$lxW6xRmIjISszQfY1qGAK4$pAzWyykpS5k/6/DmXuLbYYWlLkj3+W6adBpd+D4c6+g=	\N	f	sup_p6-1778624832297	E2E	Supervisor	sup_p6-1778624832297@test.com	f	t	2026-05-12 22:27:13.470978+00	supervisor	\N	\N	\N	\N	\N	f	\N	129	2026-05-12 22:27:13.902069+00	\N	+	23	23	\N	\N	23	\N	f	f	[]
35	pbkdf2_sha256$600000$jmDUUq4nKEFvLYf660oa53$b8Fs3DSqjK3uJM0z4ZuL3ozKMzL6kNMAHJg5Zpy9vE8=	\N	f	pg_p6-1778624832297	E2E	Resident	pg_p6-1778624832297@test.com	f	t	2026-05-12 22:27:14.000118+00	pg	\N	\N	\N	\N	\N	f	\N	130	2026-05-12 22:27:14.496331+00	\N	+	23	23	\N	\N	23	34	f	f	[]
35	pbkdf2_sha256$600000$jmDUUq4nKEFvLYf660oa53$b8Fs3DSqjK3uJM0z4ZuL3ozKMzL6kNMAHJg5Zpy9vE8=	2026-05-12 22:27:15.046838+00	f	pg_p6-1778624832297	E2E	Resident	pg_p6-1778624832297@test.com	f	t	2026-05-12 22:27:14.000118+00	pg	\N	\N	\N	\N	\N	f	\N	131	2026-05-12 22:27:15.051491+00	\N	~	23	\N	\N	\N	23	34	f	f	[]
24	pbkdf2_sha256$600000$sWt6tsNSKbveZoZ0ujVbN8$gzEZzE1PC210HrV1cblPN24ZPqa1FwCYhUCONGI4HxQ=	2026-05-12 22:27:18.945543+00	f	e2e_utrmc_user	E2E	UTRMC User	e2e_utrmc_user@pgsims.local	f	t	2026-05-12 22:21:50.612929+00	utrmc_user	\N	\N	\N	\N	\N	f	\N	133	2026-05-12 22:27:18.948357+00	\N	~	\N	\N	\N	\N	\N	\N	f	f	[]
23	pbkdf2_sha256$600000$aZsbRrMnzgfNj726RgYN18$A9kZuOti9IsS467ELOm7ZidYtvQNjgREq4rNbcGTyYc=	2026-05-12 22:27:31.492362+00	f	e2e_admin	E2E	Admin	e2e_admin@pgsims.local	f	t	2026-05-12 22:21:50.12741+00	admin	\N	\N	\N	\N	\N	f	\N	135	2026-05-12 22:27:31.494926+00	\N	~	\N	\N	\N	\N	\N	\N	f	f	[]
23	pbkdf2_sha256$600000$aZsbRrMnzgfNj726RgYN18$A9kZuOti9IsS467ELOm7ZidYtvQNjgREq4rNbcGTyYc=	2026-05-12 22:32:14.689431+00	f	e2e_admin	E2E	Admin	e2e_admin@pgsims.local	f	t	2026-05-12 22:21:50.12741+00	admin	\N	\N	\N	\N	\N	f	\N	140	2026-05-12 22:32:14.692764+00	\N	~	\N	\N	\N	\N	\N	\N	f	f	[]
38	pbkdf2_sha256$600000$ac7aApIKoQabCVtAM6cGeE$mrOtxPF0E2yht5GRQE3skSs7q9rfbpVnFu++2WJ7Hoc=	\N	f	sup_p6-1778625164763	E2E	Supervisor	sup_p6-1778625164763@test.com	f	t	2026-05-12 22:32:45.753784+00	supervisor	\N	\N	\N	\N	\N	f	\N	141	2026-05-12 22:32:46.220341+00	\N	+	23	23	\N	\N	23	\N	f	f	[]
38	pbkdf2_sha256$600000$ac7aApIKoQabCVtAM6cGeE$mrOtxPF0E2yht5GRQE3skSs7q9rfbpVnFu++2WJ7Hoc=	2026-05-12 22:32:48.030242+00	f	sup_p6-1778625164763	E2E	Supervisor	sup_p6-1778625164763@test.com	f	t	2026-05-12 22:32:45.753784+00	supervisor	\N	\N	\N	\N	\N	f	\N	144	2026-05-12 22:32:48.032584+00	\N	~	23	\N	\N	\N	23	\N	f	f	[]
24	pbkdf2_sha256$600000$sWt6tsNSKbveZoZ0ujVbN8$gzEZzE1PC210HrV1cblPN24ZPqa1FwCYhUCONGI4HxQ=	2026-05-12 22:32:51.244823+00	f	e2e_utrmc_user	E2E	UTRMC User	e2e_utrmc_user@pgsims.local	f	t	2026-05-12 22:21:50.612929+00	utrmc_user	\N	\N	\N	\N	\N	f	\N	145	2026-05-12 22:32:51.247358+00	\N	~	\N	\N	\N	\N	\N	\N	f	f	[]
26	pbkdf2_sha256$600000$DdP9RJwv2CElv2nKVgk6nq$oPRv+0cCe23Jowvvtdb1xZyeDwHMpMA4f2M1S5UKGpk=	2026-05-12 22:33:02.839785+00	f	e2e_supervisor	E2E	Supervisor	e2e_supervisor@pgsims.local	f	t	2026-05-12 22:21:51.708209+00	supervisor	surgery	\N	\N	\N	\N	f	\N	146	2026-05-12 22:33:02.842269+00	\N	~	\N	\N	\N	\N	\N	\N	f	f	[]
23	pbkdf2_sha256$600000$aZsbRrMnzgfNj726RgYN18$A9kZuOti9IsS467ELOm7ZidYtvQNjgREq4rNbcGTyYc=	2026-05-12 22:33:03.908464+00	f	e2e_admin	E2E	Admin	e2e_admin@pgsims.local	f	t	2026-05-12 22:21:50.12741+00	admin	\N	\N	\N	\N	\N	f	\N	147	2026-05-12 22:33:03.911107+00	\N	~	\N	\N	\N	\N	\N	\N	f	f	[]
25	pbkdf2_sha256$600000$JKshF8nISrdFnhcQf6jJvQ$PzGNWeffLdjxzs+KFZM0udaIc9wo97ui9ZnQnc3Pj+4=	2026-05-12 22:33:05.439185+00	f	e2e_utrmc_admin	E2E	UTRMC Admin	e2e_utrmc_admin@pgsims.local	f	t	2026-05-12 22:21:51.104929+00	utrmc_admin	\N	\N	\N	\N	\N	f	\N	148	2026-05-12 22:33:05.441576+00	\N	~	\N	\N	\N	\N	\N	\N	f	f	[]
40	pbkdf2_sha256$600000$1oLneVhyCAZcxgL1HWtHEV$//WoVdaTBu0gec3bdU50v1Ch1ATVi3a3NNVMkhuRlQQ=	\N	f	sup_e2e-1778625183928	Sup	User	sup_e2e-1778625183928@example.com	f	t	2026-05-12 22:33:06.05238+00	supervisor	medicine	\N	\N	\N	\N	f	\N	149	2026-05-12 22:33:06.531482+00	\N	+	25	25	\N	\N	25	\N	f	f	[]
41	pbkdf2_sha256$600000$EKjZ1pIDOUd7As72ItiaTT$3radjU/D9rNAB8yfIcKJ8B8+Q0XZx/ymb1e4kgFVoNg=	\N	f	res_e2e-1778625183928	Res	User	res_e2e-1778625183928@example.com	f	t	2026-05-12 22:33:06.582436+00	resident	medicine	1	\N	\N	\N	f	\N	150	2026-05-12 22:33:07.036313+00	\N	+	25	25	\N	\N	25	\N	f	f	[]
41	pbkdf2_sha256$600000$EKjZ1pIDOUd7As72ItiaTT$3radjU/D9rNAB8yfIcKJ8B8+Q0XZx/ymb1e4kgFVoNg=	2026-05-12 22:33:08.425139+00	f	res_e2e-1778625183928	Res	User	res_e2e-1778625183928@example.com	f	t	2026-05-12 22:33:06.582436+00	resident	medicine	1	\N	\N	\N	f	\N	151	2026-05-12 22:33:08.427671+00	\N	~	25	\N	\N	\N	25	\N	f	f	[]
34	pbkdf2_sha256$600000$lxW6xRmIjISszQfY1qGAK4$pAzWyykpS5k/6/DmXuLbYYWlLkj3+W6adBpd+D4c6+g=	2026-05-12 22:27:15.698685+00	f	sup_p6-1778624832297	E2E	Supervisor	sup_p6-1778624832297@test.com	f	t	2026-05-12 22:27:13.470978+00	supervisor	\N	\N	\N	\N	\N	f	\N	132	2026-05-12 22:27:15.701063+00	\N	~	23	\N	\N	\N	23	\N	f	f	[]
37	pbkdf2_sha256$600000$vng08aBh3hX8gek9QBLXvh$LRMEdLIHVy+gKhWyrT2C+QWYYiKcYD9Zdj84RaCOo2E=	2026-05-12 22:27:35.999288+00	f	res_e2e-1778624851512	Res	User	res_e2e-1778624851512@example.com	f	t	2026-05-12 22:27:33.893948+00	resident	medicine	1	\N	\N	\N	f	\N	139	2026-05-12 22:27:36.001648+00	\N	~	25	\N	\N	\N	25	\N	f	f	[]
39	pbkdf2_sha256$600000$h9zdgKvOfJgZooPrE8nZIH$Y5b3YYALN92khJKU1BpTUdR+fKsyKW61UzGtbFoD61Y=	\N	f	pg_p6-1778625164763	E2E	Resident	pg_p6-1778625164763@test.com	f	t	2026-05-12 22:32:46.292135+00	pg	\N	\N	\N	\N	\N	f	\N	142	2026-05-12 22:32:46.775517+00	\N	+	23	23	\N	\N	23	38	f	f	[]
26	pbkdf2_sha256$600000$DdP9RJwv2CElv2nKVgk6nq$oPRv+0cCe23Jowvvtdb1xZyeDwHMpMA4f2M1S5UKGpk=	2026-05-12 22:27:30.399937+00	f	e2e_supervisor	E2E	Supervisor	e2e_supervisor@pgsims.local	f	t	2026-05-12 22:21:51.708209+00	supervisor	surgery	\N	\N	\N	\N	f	\N	134	2026-05-12 22:27:30.40263+00	\N	~	\N	\N	\N	\N	\N	\N	f	f	[]
25	pbkdf2_sha256$600000$JKshF8nISrdFnhcQf6jJvQ$PzGNWeffLdjxzs+KFZM0udaIc9wo97ui9ZnQnc3Pj+4=	2026-05-12 22:27:32.784222+00	f	e2e_utrmc_admin	E2E	UTRMC Admin	e2e_utrmc_admin@pgsims.local	f	t	2026-05-12 22:21:51.104929+00	utrmc_admin	\N	\N	\N	\N	\N	f	\N	136	2026-05-12 22:27:32.78665+00	\N	~	\N	\N	\N	\N	\N	\N	f	f	[]
36	pbkdf2_sha256$600000$mysspc9edi7SbcOQfr8WxH$RZxIfqVp8ArjWTQkf93T8VWhQtVTKCtmS4AMGvB1HRg=	\N	f	sup_e2e-1778624851512	Sup	User	sup_e2e-1778624851512@example.com	f	t	2026-05-12 22:27:33.340438+00	supervisor	medicine	\N	\N	\N	\N	f	\N	137	2026-05-12 22:27:33.83558+00	\N	+	25	25	\N	\N	25	\N	f	f	[]
37	pbkdf2_sha256$600000$vng08aBh3hX8gek9QBLXvh$LRMEdLIHVy+gKhWyrT2C+QWYYiKcYD9Zdj84RaCOo2E=	\N	f	res_e2e-1778624851512	Res	User	res_e2e-1778624851512@example.com	f	t	2026-05-12 22:27:33.893948+00	resident	medicine	1	\N	\N	\N	f	\N	138	2026-05-12 22:27:34.375611+00	\N	+	25	25	\N	\N	25	\N	f	f	[]
39	pbkdf2_sha256$600000$h9zdgKvOfJgZooPrE8nZIH$Y5b3YYALN92khJKU1BpTUdR+fKsyKW61UzGtbFoD61Y=	2026-05-12 22:32:47.333856+00	f	pg_p6-1778625164763	E2E	Resident	pg_p6-1778625164763@test.com	f	t	2026-05-12 22:32:46.292135+00	pg	\N	\N	\N	\N	\N	f	\N	143	2026-05-12 22:32:47.339426+00	\N	~	23	\N	\N	\N	23	38	f	f	[]
1	pbkdf2_sha256$600000$mhnuBvgqFj0i6rkRApPH0V$xndNG+f+3n8p6fes+p2atzy2tPJRSAD0FvyARYb0hzk=	\N	t	admin	Pilot	Admin	admin@pgsims.local	t	t	2026-05-12 22:04:16.625251+00	admin	\N	\N	\N	\N	\N	f	\N	152	2026-05-13 04:28:05.254107+00	\N	~	\N	\N	\N	\N	\N	\N	f	f	[]
18	pbkdf2_sha256$600000$LQczBuf5HJuXP0KioF0EGy$BMh5Qtw6mWjteD0FL7XBbFzL8ThKufgUEDcaTYZNULw=	\N	f	pilot_supervisor	Pilot	Supervisor	pilot_supervisor@pgsims.local	f	t	2026-05-12 22:08:37.387544+00	supervisor	medicine	\N	\N	\N	\N	f	\N	153	2026-05-13 04:28:05.944628+00	\N	~	\N	\N	1	1	\N	\N	f	f	[]
19	pbkdf2_sha256$600000$AXVDVK7LMH2ohLywpjPRjB$K1I8OTuSh8QFJcZLONrS3uthsRMa4yjOIjf4TfDxCaA=	\N	f	pilot_utrmc_admin	Pilot	UTRMC Admin	pilot_utrmc_admin@pgsims.local	f	t	2026-05-12 22:08:38.085374+00	utrmc_admin	\N	\N	\N	\N	\N	f	\N	154	2026-05-13 04:28:06.501251+00	\N	~	\N	\N	\N	\N	\N	\N	f	f	[]
20	pbkdf2_sha256$600000$hYKmxLUmEQJMI2f9O427Jn$vuyVh42Peuil3b8dIbGVcx9dXIJhlTxDetbqZTtrhzA=	\N	f	pilot_utrmc_user	Pilot	UTRMC User	pilot_utrmc_user@pgsims.local	f	t	2026-05-12 22:08:38.805064+00	utrmc_user	\N	\N	\N	\N	\N	f	\N	155	2026-05-13 04:28:07.065257+00	\N	~	\N	\N	\N	\N	\N	\N	f	f	[]
21	pbkdf2_sha256$600000$7KDknLLKcKHNpb1UELXHRA$lbKbqyLlijuhn6a+cke7UpCfWVZsXQToW17Y+NtS6Bo=	\N	f	pilot_pg	Pilot	PG	pilot_pg@pgsims.local	f	t	2026-05-12 22:08:39.523059+00	pg	medicine	1	\N	\N	\N	f	\N	156	2026-05-13 04:28:07.719111+00	\N	~	\N	\N	1	1	\N	18	f	f	[]
22	pbkdf2_sha256$600000$TybmiSEWoYmUDbOcvsPbAz$QfcCnl34YNI3QPWwK0/PLcqr/ARv3/HdUOg32niOJko=	\N	f	pilot_resident	Pilot	Resident	pilot_resident@pgsims.local	f	t	2026-05-12 22:08:40.240457+00	resident	medicine	1	\N	\N	\N	f	\N	157	2026-05-13 04:28:08.473682+00	\N	~	\N	\N	1	1	\N	18	f	f	[]
23	pbkdf2_sha256$600000$0RLm8hLqOR2Ke6Bz8zQxBB$8bhyQTkv+oU5BNSVGV1Za+N2gzV/bRbPIt5SXxDi0cw=	2026-05-12 22:33:03.908464+00	f	e2e_admin	E2E	Admin	e2e_admin@pgsims.local	f	t	2026-05-12 22:21:50.12741+00	admin	\N	\N	\N	\N	\N	f	\N	158	2026-05-13 04:28:13.269718+00	\N	~	\N	\N	\N	\N	\N	\N	f	f	[]
24	pbkdf2_sha256$600000$ZQiJxgpqqOlfUfQOhvEgky$EdWiUa+eBN99xIFQDTMiONbJMHN1w6W42/5BBWJ5xjY=	2026-05-12 22:32:51.244823+00	f	e2e_utrmc_user	E2E	UTRMC User	e2e_utrmc_user@pgsims.local	f	t	2026-05-12 22:21:50.612929+00	utrmc_user	\N	\N	\N	\N	\N	f	\N	159	2026-05-13 04:28:13.716597+00	\N	~	\N	\N	\N	\N	\N	\N	f	f	[]
25	pbkdf2_sha256$600000$3AG3M6rlegjI8bsgLVU96C$O4CIO3iT0itmtGOA4oQJbUsTUIVVJWKuffEIrB2FUnA=	2026-05-12 22:33:05.439185+00	f	e2e_utrmc_admin	E2E	UTRMC Admin	e2e_utrmc_admin@pgsims.local	f	t	2026-05-12 22:21:51.104929+00	utrmc_admin	\N	\N	\N	\N	\N	f	\N	160	2026-05-13 04:28:14.269775+00	\N	~	\N	\N	\N	\N	\N	\N	f	f	[]
26	pbkdf2_sha256$600000$SNKMQaEh4qc7XheMe97kGU$BGalAk0D/ghFWKkFstqr1/738cxrUES1G/D6wVrkgjQ=	2026-05-12 22:33:02.839785+00	f	e2e_supervisor	E2E	Supervisor	e2e_supervisor@pgsims.local	f	t	2026-05-12 22:21:51.708209+00	supervisor	surgery	\N	\N	\N	\N	f	\N	161	2026-05-13 04:28:14.705222+00	\N	~	\N	\N	\N	\N	\N	\N	f	f	[]
27	pbkdf2_sha256$600000$T5sUlIR9fBpdnwIW8Ebo4j$syGgDTfIIZWGcTDjgtTm/MN99Eks7MPjbFhPGyb2JIU=	2026-05-12 22:26:39.422814+00	f	e2e_pg	E2E	PG	e2e_pg@pgsims.local	f	t	2026-05-12 22:21:52.186786+00	pg	surgery	1	\N	\N	\N	f	\N	162	2026-05-13 04:28:15.305726+00	\N	~	\N	\N	2	4	\N	26	f	f	[]
28	pbkdf2_sha256$600000$hhdjFTFDciXF6y7wGg2elq$zTeKR1wd784LyUr048K/rHqnL2l1vjsQveWKwmmflKI=	2026-05-12 22:24:13.289022+00	f	supervisor_user	Feature	Supervisor	supervisor_user@pgsims.local	f	t	2026-05-12 22:21:52.663301+00	supervisor	surgery	\N	\N	\N	\N	f	\N	163	2026-05-13 04:28:15.75417+00	\N	~	\N	\N	2	4	\N	\N	f	f	[]
29	pbkdf2_sha256$600000$El3RbmTk6TvPr6WHRigErd$EoIcW+6MUPKY0jCfe1fS6pCQZQ6mX8GYDj496hhg8oI=	2026-05-12 22:24:14.403577+00	f	hod_user	Feature	HOD	hod_user@pgsims.local	f	t	2026-05-12 22:21:53.187978+00	supervisor	surgery	\N	\N	\N	\N	f	\N	164	2026-05-13 04:28:16.354728+00	\N	~	\N	\N	2	4	\N	\N	f	f	[]
30	pbkdf2_sha256$600000$6bNg9PLAiUZQLhX7XX3ZlK$EYkjo6b9APf3/oP8OhTFrcQ1ykL6tnbLj/zHOjFFFpE=	2026-05-12 22:24:12.098614+00	f	resident_user	Feature	Resident	resident_user@pgsims.local	f	t	2026-05-12 22:21:53.629888+00	pg	surgery	1	\N	\N	\N	f	\N	165	2026-05-13 04:28:17.219148+00	\N	~	\N	\N	2	4	\N	28	f	f	[]
31	pbkdf2_sha256$600000$iQ5fnV4mPhIdZGahrjVTFb$Ypjhc65FhXbdkgpx7qxCzvAuVpfHeglb4zL94PY0XYw=	2026-05-12 22:24:15.470115+00	f	utrmc_admin_user	Feature	UTRMC Admin	utrmc_admin_user@pgsims.local	f	t	2026-05-12 22:21:54.092769+00	utrmc_admin	\N	\N	\N	\N	\N	f	\N	166	2026-05-13 04:28:19.050131+00	\N	~	\N	\N	\N	\N	\N	\N	f	f	[]
32	pbkdf2_sha256$600000$tmoiKIPIynCLPZ3qSzJh1y$D5XVxGFtYmAW3usBA/h+loodti6oIjr/0sCuCg83XRI=	2026-05-12 22:24:16.618346+00	f	utrmc_staff_user	Feature	UTRMC Staff	utrmc_staff_user@pgsims.local	f	t	2026-05-12 22:21:54.547376+00	utrmc_user	\N	\N	\N	\N	\N	f	\N	167	2026-05-13 04:28:20.163177+00	\N	~	\N	\N	\N	\N	\N	\N	f	f	[]
33	pbkdf2_sha256$600000$rNjevBhyKj1mIlGYXLKRi3$SS5Fza4YL1iituby1CyRtl4T08nqh7mVzrHGhQ9HnFQ=	2026-05-12 22:24:28.127048+00	f	negative_role_user	Feature	Negative	negative_role_user@pgsims.local	f	t	2026-05-12 22:21:54.970499+00	pg	medicine	1	\N	\N	\N	f	\N	168	2026-05-13 04:28:21.404116+00	\N	~	\N	\N	1	4	\N	\N	f	f	[]
1	pbkdf2_sha256$600000$ZRznPx7jJpqlerdAMV7rVS$hHpIixix0TghwYzwTcOrc2PQhevunRzZj0fOdi2MVgI=	\N	t	admin	Pilot	Admin	admin@pgsims.local	t	t	2026-05-12 22:04:16.625251+00	admin	\N	\N	\N	\N	\N	f	\N	169	2026-05-13 09:26:51.676909+00	\N	~	\N	\N	\N	\N	\N	\N	f	f	[]
18	pbkdf2_sha256$600000$iDkz0NxL6N5A1sdE05m3w1$/6tM4M/PVR24agr0vIykETDv8rpJF/XdwHWnHV/RD0U=	\N	f	pilot_supervisor	Pilot	Supervisor	pilot_supervisor@pgsims.local	f	t	2026-05-12 22:08:37.387544+00	supervisor	medicine	\N	\N	\N	\N	f	\N	170	2026-05-13 09:26:52.51197+00	\N	~	\N	\N	1	1	\N	\N	f	f	[]
19	pbkdf2_sha256$600000$zcj7Kc6zfgoTBeggN0i4Dr$8JAAVkfY8TLU3WFS0n8DIzFjh9bqsCevUCh8tHisx0g=	\N	f	pilot_utrmc_admin	Pilot	UTRMC Admin	pilot_utrmc_admin@pgsims.local	f	t	2026-05-12 22:08:38.085374+00	utrmc_admin	\N	\N	\N	\N	\N	f	\N	171	2026-05-13 09:26:53.083713+00	\N	~	\N	\N	\N	\N	\N	\N	f	f	[]
20	pbkdf2_sha256$600000$HDELHmshvUZZGQVJ1a48jW$ZY44RHA3Dw4/b9qgpwII6Y0q/iiJMnGimpDGHkI4Z6o=	\N	f	pilot_utrmc_user	Pilot	UTRMC User	pilot_utrmc_user@pgsims.local	f	t	2026-05-12 22:08:38.805064+00	utrmc_user	\N	\N	\N	\N	\N	f	\N	172	2026-05-13 09:26:53.687611+00	\N	~	\N	\N	\N	\N	\N	\N	f	f	[]
21	pbkdf2_sha256$600000$zF2pHE1hhhNUWo3ha6oZcw$WFNGhbnECTrad+mnwjH32xmSYIduP5HVBWpQFb6lGiM=	\N	f	pilot_pg	Pilot	PG	pilot_pg@pgsims.local	f	t	2026-05-12 22:08:39.523059+00	pg	medicine	1	\N	\N	\N	f	\N	173	2026-05-13 09:26:54.187881+00	\N	~	\N	\N	1	1	\N	18	f	f	[]
22	pbkdf2_sha256$600000$HJo3ArZjDMWEMcgXWh2jGS$5qoAOr1aGByLfaYQmdQ372Z2HcbqeXU24pZho2QBcQI=	\N	f	pilot_resident	Pilot	Resident	pilot_resident@pgsims.local	f	t	2026-05-12 22:08:40.240457+00	resident	medicine	1	\N	\N	\N	f	\N	174	2026-05-13 09:26:54.770262+00	\N	~	\N	\N	1	1	\N	18	f	f	[]
23	pbkdf2_sha256$600000$JZNm6nhLm04L2Um3UN7v0D$SJ3P3vcZSs42VeVMJzUhvu0K8oHwB2W/e1nb3TgYaPk=	2026-05-12 22:33:03.908464+00	f	e2e_admin	E2E	Admin	e2e_admin@pgsims.local	f	t	2026-05-12 22:21:50.12741+00	admin	\N	\N	\N	\N	\N	f	\N	175	2026-05-13 09:26:59.646845+00	\N	~	\N	\N	\N	\N	\N	\N	f	f	[]
24	pbkdf2_sha256$600000$y65i47auF5OfpfxSsuD6wH$aYGShYnDfl/DzU0K5r/JQeGrCc75+DuxKKWXB2G8E34=	2026-05-12 22:32:51.244823+00	f	e2e_utrmc_user	E2E	UTRMC User	e2e_utrmc_user@pgsims.local	f	t	2026-05-12 22:21:50.612929+00	utrmc_user	\N	\N	\N	\N	\N	f	\N	176	2026-05-13 09:27:00.1699+00	\N	~	\N	\N	\N	\N	\N	\N	f	f	[]
25	pbkdf2_sha256$600000$qrJDfFsevHnsEBxgTHmuSZ$i5u9Igdqhqs7iySpkZ2BiDJn8luE4Nlc1kCoz5lwFwQ=	2026-05-12 22:33:05.439185+00	f	e2e_utrmc_admin	E2E	UTRMC Admin	e2e_utrmc_admin@pgsims.local	f	t	2026-05-12 22:21:51.104929+00	utrmc_admin	\N	\N	\N	\N	\N	f	\N	177	2026-05-13 09:27:00.671048+00	\N	~	\N	\N	\N	\N	\N	\N	f	f	[]
26	pbkdf2_sha256$600000$Tu5jxGmkefQzcAsqDxVA8I$MyoAhS9UzRdmSA7wZVWiG4Qtf1prE8jywBQGDL0+jSs=	2026-05-12 22:33:02.839785+00	f	e2e_supervisor	E2E	Supervisor	e2e_supervisor@pgsims.local	f	t	2026-05-12 22:21:51.708209+00	supervisor	surgery	\N	\N	\N	\N	f	\N	178	2026-05-13 09:27:01.236976+00	\N	~	\N	\N	\N	\N	\N	\N	f	f	[]
27	pbkdf2_sha256$600000$xMXnDuyv5uTSnJnidv4FC4$2XVfZ61j8SC7gEYhTtTK61YwmdwtGxs0+TjKa0FYI/E=	2026-05-12 22:26:39.422814+00	f	e2e_pg	E2E	PG	e2e_pg@pgsims.local	f	t	2026-05-12 22:21:52.186786+00	pg	surgery	1	\N	\N	\N	f	\N	179	2026-05-13 09:27:01.770916+00	\N	~	\N	\N	2	4	\N	26	f	f	[]
28	pbkdf2_sha256$600000$EtTWMETX0B9wGD8HkfHAOy$aUJ9i8F8SXZWCQIbKhhkGN9CHoZTO+ya+NMQHGJnT30=	2026-05-12 22:24:13.289022+00	f	supervisor_user	Feature	Supervisor	supervisor_user@pgsims.local	f	t	2026-05-12 22:21:52.663301+00	supervisor	surgery	\N	\N	\N	\N	f	\N	180	2026-05-13 09:27:02.351518+00	\N	~	\N	\N	2	4	\N	\N	f	f	[]
29	pbkdf2_sha256$600000$iefGWnbq0xx7Q0KlaKMmuT$h6WLnqb0SlQnkImygoV8F3b4HsKwQVjf059yXW3tZpE=	2026-05-12 22:24:14.403577+00	f	hod_user	Feature	HOD	hod_user@pgsims.local	f	t	2026-05-12 22:21:53.187978+00	supervisor	surgery	\N	\N	\N	\N	f	\N	181	2026-05-13 09:27:02.821077+00	\N	~	\N	\N	2	4	\N	\N	f	f	[]
30	pbkdf2_sha256$600000$7KZC0ZjNBrbOVcJ9tThA8f$rq63NjkRDeQwU6hTtCiWUjOaos4tnc2ioPxz5gSs1m0=	2026-05-12 22:24:12.098614+00	f	resident_user	Feature	Resident	resident_user@pgsims.local	f	t	2026-05-12 22:21:53.629888+00	pg	surgery	1	\N	\N	\N	f	\N	182	2026-05-13 09:27:03.359267+00	\N	~	\N	\N	2	4	\N	28	f	f	[]
31	pbkdf2_sha256$600000$hiaDtf2GXD4z2zdnPQ5rUR$MpgL+L3st5e6XqyKfhYxQMFM10l++BxX43/y7rVppOo=	2026-05-12 22:24:15.470115+00	f	utrmc_admin_user	Feature	UTRMC Admin	utrmc_admin_user@pgsims.local	f	t	2026-05-12 22:21:54.092769+00	utrmc_admin	\N	\N	\N	\N	\N	f	\N	183	2026-05-13 09:27:03.872783+00	\N	~	\N	\N	\N	\N	\N	\N	f	f	[]
32	pbkdf2_sha256$600000$uqn8TqaEZPSTmWT71h2KTL$rntGbyOZ5MdI6GFBSp0k5AKtuaENk/Y+30WppwZ2evM=	2026-05-12 22:24:16.618346+00	f	utrmc_staff_user	Feature	UTRMC Staff	utrmc_staff_user@pgsims.local	f	t	2026-05-12 22:21:54.547376+00	utrmc_user	\N	\N	\N	\N	\N	f	\N	184	2026-05-13 09:27:04.375125+00	\N	~	\N	\N	\N	\N	\N	\N	f	f	[]
33	pbkdf2_sha256$600000$kAFEXDtoS9aUhgOYbpfmUQ$I4QgUl74X9UfRCCFp65PmTIwU9DAGKUMSsyvL/l1hvQ=	2026-05-12 22:24:28.127048+00	f	negative_role_user	Feature	Negative	negative_role_user@pgsims.local	f	t	2026-05-12 22:21:54.970499+00	pg	medicine	1	\N	\N	\N	f	\N	185	2026-05-13 09:27:04.952366+00	\N	~	\N	\N	1	4	\N	\N	f	f	[]
25	pbkdf2_sha256$600000$qrJDfFsevHnsEBxgTHmuSZ$i5u9Igdqhqs7iySpkZ2BiDJn8luE4Nlc1kCoz5lwFwQ=	2026-05-13 09:27:23.619384+00	f	e2e_utrmc_admin	E2E	UTRMC Admin	e2e_utrmc_admin@pgsims.local	f	t	2026-05-12 22:21:51.104929+00	utrmc_admin	\N	\N	\N	\N	\N	f	\N	186	2026-05-13 09:27:23.627503+00	\N	~	\N	\N	\N	\N	\N	\N	f	f	[]
26	pbkdf2_sha256$600000$Tu5jxGmkefQzcAsqDxVA8I$MyoAhS9UzRdmSA7wZVWiG4Qtf1prE8jywBQGDL0+jSs=	2026-05-13 09:27:27.52998+00	f	e2e_supervisor	E2E	Supervisor	e2e_supervisor@pgsims.local	f	t	2026-05-12 22:21:51.708209+00	supervisor	surgery	\N	\N	\N	\N	f	\N	187	2026-05-13 09:27:27.535548+00	\N	~	\N	\N	\N	\N	\N	\N	f	f	[]
27	pbkdf2_sha256$600000$xMXnDuyv5uTSnJnidv4FC4$2XVfZ61j8SC7gEYhTtTK61YwmdwtGxs0+TjKa0FYI/E=	2026-05-13 09:27:29.884013+00	f	e2e_pg	E2E	PG	e2e_pg@pgsims.local	f	t	2026-05-12 22:21:52.186786+00	pg	surgery	1	\N	\N	\N	f	\N	188	2026-05-13 09:27:29.886456+00	\N	~	\N	\N	2	4	\N	26	f	f	[]
25	pbkdf2_sha256$600000$qrJDfFsevHnsEBxgTHmuSZ$i5u9Igdqhqs7iySpkZ2BiDJn8luE4Nlc1kCoz5lwFwQ=	2026-05-13 09:27:34.341586+00	f	e2e_utrmc_admin	E2E	UTRMC Admin	e2e_utrmc_admin@pgsims.local	f	t	2026-05-12 22:21:51.104929+00	utrmc_admin	\N	\N	\N	\N	\N	f	\N	189	2026-05-13 09:27:34.345231+00	\N	~	\N	\N	\N	\N	\N	\N	f	f	[]
26	pbkdf2_sha256$600000$Tu5jxGmkefQzcAsqDxVA8I$MyoAhS9UzRdmSA7wZVWiG4Qtf1prE8jywBQGDL0+jSs=	2026-05-13 09:27:41.535486+00	f	e2e_supervisor	E2E	Supervisor	e2e_supervisor@pgsims.local	f	t	2026-05-12 22:21:51.708209+00	supervisor	surgery	\N	\N	\N	\N	f	\N	190	2026-05-13 09:27:41.543265+00	\N	~	\N	\N	\N	\N	\N	\N	f	f	[]
27	pbkdf2_sha256$600000$xMXnDuyv5uTSnJnidv4FC4$2XVfZ61j8SC7gEYhTtTK61YwmdwtGxs0+TjKa0FYI/E=	2026-05-13 09:27:43.285584+00	f	e2e_pg	E2E	PG	e2e_pg@pgsims.local	f	t	2026-05-12 22:21:52.186786+00	pg	surgery	1	\N	\N	\N	f	\N	191	2026-05-13 09:27:43.288209+00	\N	~	\N	\N	2	4	\N	26	f	f	[]
1	pbkdf2_sha256$600000$jSZ8vh6WEfTtf1vBRTFPs5$YFIw9eW4++2gCJIHnlSvieKqGsi6EJKCdM/VxmJz3co=	\N	t	admin	Pilot	Admin	admin@pgsims.local	t	t	2026-05-12 22:04:16.625251+00	admin	\N	\N	\N	\N	\N	f	\N	192	2026-05-13 09:28:09.886421+00	\N	~	\N	\N	\N	\N	\N	\N	f	f	[]
18	pbkdf2_sha256$600000$FLv2pOePxDsDBlCn1evIh0$AdoSmYeXQnLjwkx46EsgWiKJIY1wkbxJuNcOkiGZlqg=	\N	f	pilot_supervisor	Pilot	Supervisor	pilot_supervisor@pgsims.local	f	t	2026-05-12 22:08:37.387544+00	supervisor	medicine	\N	\N	\N	\N	f	\N	193	2026-05-13 09:28:10.455341+00	\N	~	\N	\N	1	1	\N	\N	f	f	[]
19	pbkdf2_sha256$600000$yvhfj4IiRK94xE0QKg6fKY$mEmkC86NtUqBqa/yoT5EQPgXDOHiTLjp3c69qsj0PC0=	\N	f	pilot_utrmc_admin	Pilot	UTRMC Admin	pilot_utrmc_admin@pgsims.local	f	t	2026-05-12 22:08:38.085374+00	utrmc_admin	\N	\N	\N	\N	\N	f	\N	194	2026-05-13 09:28:10.893404+00	\N	~	\N	\N	\N	\N	\N	\N	f	f	[]
20	pbkdf2_sha256$600000$ryMiLF4sAZFlkxGVV967Ke$Ac07cT+hGMjMnCnKkYrAUN4s7qcqzFRzb5f1JWErYDU=	\N	f	pilot_utrmc_user	Pilot	UTRMC User	pilot_utrmc_user@pgsims.local	f	t	2026-05-12 22:08:38.805064+00	utrmc_user	\N	\N	\N	\N	\N	f	\N	195	2026-05-13 09:28:11.411842+00	\N	~	\N	\N	\N	\N	\N	\N	f	f	[]
21	pbkdf2_sha256$600000$Zny22aOfziie9zVWcyScZ9$XeizoabUHoBAxzLik0DpFIM57tcGOzb/0ukvxtjCI8k=	\N	f	pilot_pg	Pilot	PG	pilot_pg@pgsims.local	f	t	2026-05-12 22:08:39.523059+00	pg	medicine	1	\N	\N	\N	f	\N	196	2026-05-13 09:28:11.965044+00	\N	~	\N	\N	1	1	\N	18	f	f	[]
22	pbkdf2_sha256$600000$606UCWpjEwqYURow7lKFrc$bd/31AOfzm9gQuGqbOjgqnEU8mJO8qM7J+JjhhEYV1c=	\N	f	pilot_resident	Pilot	Resident	pilot_resident@pgsims.local	f	t	2026-05-12 22:08:40.240457+00	resident	medicine	1	\N	\N	\N	f	\N	197	2026-05-13 09:28:12.528609+00	\N	~	\N	\N	1	1	\N	18	f	f	[]
23	pbkdf2_sha256$600000$aEwB7XnzKkF8iCiA4bS4As$ppHOjtWwv6tm36I5M3N7ErW5hARYqRDHqWJWMdp7zLw=	2026-05-12 22:33:03.908464+00	f	e2e_admin	E2E	Admin	e2e_admin@pgsims.local	f	t	2026-05-12 22:21:50.12741+00	admin	\N	\N	\N	\N	\N	f	\N	198	2026-05-13 09:28:16.948266+00	\N	~	\N	\N	\N	\N	\N	\N	f	f	[]
24	pbkdf2_sha256$600000$tGUdIfzXXgHn5LHhJ1iZCN$z/BTcQ2Anme5Li9Qg8wINstnDETXLTMV72rTPdXwvVE=	2026-05-12 22:32:51.244823+00	f	e2e_utrmc_user	E2E	UTRMC User	e2e_utrmc_user@pgsims.local	f	t	2026-05-12 22:21:50.612929+00	utrmc_user	\N	\N	\N	\N	\N	f	\N	199	2026-05-13 09:28:17.466686+00	\N	~	\N	\N	\N	\N	\N	\N	f	f	[]
25	pbkdf2_sha256$600000$TUd3nQkAC5kcSHfxri1XaL$R8Ff3PVctB2hw2idj46gEcUGPB0TWUruUsMUPGYnI4M=	2026-05-13 09:27:34.341586+00	f	e2e_utrmc_admin	E2E	UTRMC Admin	e2e_utrmc_admin@pgsims.local	f	t	2026-05-12 22:21:51.104929+00	utrmc_admin	\N	\N	\N	\N	\N	f	\N	200	2026-05-13 09:28:17.98348+00	\N	~	\N	\N	\N	\N	\N	\N	f	f	[]
26	pbkdf2_sha256$600000$KaT21PYukcEbiJznIhLnGC$diQiICrlX+Fjc/FVDjjnii4uepYPVsAeSeU/6yfbVuM=	2026-05-13 09:27:41.535486+00	f	e2e_supervisor	E2E	Supervisor	e2e_supervisor@pgsims.local	f	t	2026-05-12 22:21:51.708209+00	supervisor	surgery	\N	\N	\N	\N	f	\N	201	2026-05-13 09:28:18.548571+00	\N	~	\N	\N	\N	\N	\N	\N	f	f	[]
27	pbkdf2_sha256$600000$Y924EGV7fIeNwloTQsp3sE$idAnNpFPVIhe70xLw8GV5TpSl1xgrsRBYGHUBeNwXVs=	2026-05-13 09:27:43.285584+00	f	e2e_pg	E2E	PG	e2e_pg@pgsims.local	f	t	2026-05-12 22:21:52.186786+00	pg	surgery	1	\N	\N	\N	f	\N	202	2026-05-13 09:28:19.112894+00	\N	~	\N	\N	2	4	\N	26	f	f	[]
28	pbkdf2_sha256$600000$lVR2sS4bgqSsCDOP68dSHD$ecdUiR3kcUGrRJi1g13XKJ/0LzG1LNmA5sT8AordAEo=	2026-05-12 22:24:13.289022+00	f	supervisor_user	Feature	Supervisor	supervisor_user@pgsims.local	f	t	2026-05-12 22:21:52.663301+00	supervisor	surgery	\N	\N	\N	\N	f	\N	203	2026-05-13 09:28:19.642595+00	\N	~	\N	\N	2	4	\N	\N	f	f	[]
29	pbkdf2_sha256$600000$IzTXKmamjuYtwmYxtYHRMa$MKNsS8vwuPpbjY6CJA0Ms1FrGY7hIu9ya3Wi3CsLidc=	2026-05-12 22:24:14.403577+00	f	hod_user	Feature	HOD	hod_user@pgsims.local	f	t	2026-05-12 22:21:53.187978+00	supervisor	surgery	\N	\N	\N	\N	f	\N	204	2026-05-13 09:28:20.171637+00	\N	~	\N	\N	2	4	\N	\N	f	f	[]
30	pbkdf2_sha256$600000$rwQShB5U75BXrfKHmDh3vP$A4Pg3blICGiXTPgbR93FebQbcfJj8Ehh5wip+phnSQo=	2026-05-12 22:24:12.098614+00	f	resident_user	Feature	Resident	resident_user@pgsims.local	f	t	2026-05-12 22:21:53.629888+00	pg	surgery	1	\N	\N	\N	f	\N	205	2026-05-13 09:28:20.703254+00	\N	~	\N	\N	2	4	\N	28	f	f	[]
31	pbkdf2_sha256$600000$G2C3eOuCcuN1oMfRxRw2U3$PrdXx3HokPaFxw7EC0GjsnIhLBd0M4p9auB3v2bc8xE=	2026-05-12 22:24:15.470115+00	f	utrmc_admin_user	Feature	UTRMC Admin	utrmc_admin_user@pgsims.local	f	t	2026-05-12 22:21:54.092769+00	utrmc_admin	\N	\N	\N	\N	\N	f	\N	206	2026-05-13 09:28:21.242664+00	\N	~	\N	\N	\N	\N	\N	\N	f	f	[]
32	pbkdf2_sha256$600000$0utRj4sPIG2jsWWk7aadH6$igiuGeX7cHVcpPXUTHv0YTfk41FXGoygbuewiXMBgmA=	2026-05-12 22:24:16.618346+00	f	utrmc_staff_user	Feature	UTRMC Staff	utrmc_staff_user@pgsims.local	f	t	2026-05-12 22:21:54.547376+00	utrmc_user	\N	\N	\N	\N	\N	f	\N	207	2026-05-13 09:28:21.729078+00	\N	~	\N	\N	\N	\N	\N	\N	f	f	[]
33	pbkdf2_sha256$600000$Gupw7ZoH51iqBamJqwZZP3$ylg4cnZYzDhj3XFB7VFmFj7E41R6J3G/X8RJrXde49w=	2026-05-12 22:24:28.127048+00	f	negative_role_user	Feature	Negative	negative_role_user@pgsims.local	f	t	2026-05-12 22:21:54.970499+00	pg	medicine	1	\N	\N	\N	f	\N	208	2026-05-13 09:28:22.276515+00	\N	~	\N	\N	1	4	\N	\N	f	f	[]
30	pbkdf2_sha256$600000$rwQShB5U75BXrfKHmDh3vP$A4Pg3blICGiXTPgbR93FebQbcfJj8Ehh5wip+phnSQo=	2026-05-13 09:28:30.863836+00	f	resident_user	Feature	Resident	resident_user@pgsims.local	f	t	2026-05-12 22:21:53.629888+00	pg	surgery	1	\N	\N	\N	f	\N	209	2026-05-13 09:28:30.869574+00	\N	~	\N	\N	2	4	\N	28	f	f	[]
28	pbkdf2_sha256$600000$lVR2sS4bgqSsCDOP68dSHD$ecdUiR3kcUGrRJi1g13XKJ/0LzG1LNmA5sT8AordAEo=	2026-05-13 09:28:32.506521+00	f	supervisor_user	Feature	Supervisor	supervisor_user@pgsims.local	f	t	2026-05-12 22:21:52.663301+00	supervisor	surgery	\N	\N	\N	\N	f	\N	210	2026-05-13 09:28:32.511428+00	\N	~	\N	\N	2	4	\N	\N	f	f	[]
29	pbkdf2_sha256$600000$IzTXKmamjuYtwmYxtYHRMa$MKNsS8vwuPpbjY6CJA0Ms1FrGY7hIu9ya3Wi3CsLidc=	2026-05-13 09:28:33.735106+00	f	hod_user	Feature	HOD	hod_user@pgsims.local	f	t	2026-05-12 22:21:53.187978+00	supervisor	surgery	\N	\N	\N	\N	f	\N	211	2026-05-13 09:28:33.737753+00	\N	~	\N	\N	2	4	\N	\N	f	f	[]
31	pbkdf2_sha256$600000$G2C3eOuCcuN1oMfRxRw2U3$PrdXx3HokPaFxw7EC0GjsnIhLBd0M4p9auB3v2bc8xE=	2026-05-13 09:28:34.957562+00	f	utrmc_admin_user	Feature	UTRMC Admin	utrmc_admin_user@pgsims.local	f	t	2026-05-12 22:21:54.092769+00	utrmc_admin	\N	\N	\N	\N	\N	f	\N	212	2026-05-13 09:28:34.965673+00	\N	~	\N	\N	\N	\N	\N	\N	f	f	[]
33	pbkdf2_sha256$600000$Gupw7ZoH51iqBamJqwZZP3$ylg4cnZYzDhj3XFB7VFmFj7E41R6J3G/X8RJrXde49w=	2026-05-13 09:28:52.958486+00	f	negative_role_user	Feature	Negative	negative_role_user@pgsims.local	f	t	2026-05-12 22:21:54.970499+00	pg	medicine	1	\N	\N	\N	f	\N	214	2026-05-13 09:28:52.961271+00	\N	~	\N	\N	1	4	\N	\N	f	f	[]
42	pbkdf2_sha256$600000$rBRVsWnc4dbSnsEjNBeNVW$RGNIWs7fSsZXiwa0ISKbMPDZmIzhsbLgSilWrg4YYcY=	\N	f	sup_p6-1778664549692	E2E	Supervisor	sup_p6-1778664549692@test.com	f	t	2026-05-13 09:29:10.916609+00	supervisor	\N	\N	\N	\N	\N	f	\N	216	2026-05-13 09:29:11.548497+00	\N	+	23	23	\N	\N	23	\N	f	f	[]
43	pbkdf2_sha256$600000$0CS07sJCM3hYCm5XlFMe5M$76LR1hAvnK+zMJr4Z82oKWokaPyYyaNViyI1bjINiT8=	\N	f	pg_p6-1778664549692	E2E	Resident	pg_p6-1778664549692@test.com	f	t	2026-05-13 09:29:11.639976+00	pg	\N	\N	\N	\N	\N	f	\N	217	2026-05-13 09:29:12.101277+00	\N	+	23	23	\N	\N	23	42	f	f	[]
42	pbkdf2_sha256$600000$rBRVsWnc4dbSnsEjNBeNVW$RGNIWs7fSsZXiwa0ISKbMPDZmIzhsbLgSilWrg4YYcY=	2026-05-13 09:29:13.500352+00	f	sup_p6-1778664549692	E2E	Supervisor	sup_p6-1778664549692@test.com	f	t	2026-05-13 09:29:10.916609+00	supervisor	\N	\N	\N	\N	\N	f	\N	219	2026-05-13 09:29:13.502663+00	\N	~	23	\N	\N	\N	23	\N	f	f	[]
24	pbkdf2_sha256$600000$tGUdIfzXXgHn5LHhJ1iZCN$z/BTcQ2Anme5Li9Qg8wINstnDETXLTMV72rTPdXwvVE=	2026-05-13 09:29:17.316632+00	f	e2e_utrmc_user	E2E	UTRMC User	e2e_utrmc_user@pgsims.local	f	t	2026-05-12 22:21:50.612929+00	utrmc_user	\N	\N	\N	\N	\N	f	\N	220	2026-05-13 09:29:17.318998+00	\N	~	\N	\N	\N	\N	\N	\N	f	f	[]
26	pbkdf2_sha256$600000$KaT21PYukcEbiJznIhLnGC$diQiICrlX+Fjc/FVDjjnii4uepYPVsAeSeU/6yfbVuM=	2026-05-13 09:29:28.986219+00	f	e2e_supervisor	E2E	Supervisor	e2e_supervisor@pgsims.local	f	t	2026-05-12 22:21:51.708209+00	supervisor	surgery	\N	\N	\N	\N	f	\N	221	2026-05-13 09:29:28.988735+00	\N	~	\N	\N	\N	\N	\N	\N	f	f	[]
25	pbkdf2_sha256$600000$TUd3nQkAC5kcSHfxri1XaL$R8Ff3PVctB2hw2idj46gEcUGPB0TWUruUsMUPGYnI4M=	2026-05-13 09:29:32.283431+00	f	e2e_utrmc_admin	E2E	UTRMC Admin	e2e_utrmc_admin@pgsims.local	f	t	2026-05-12 22:21:51.104929+00	utrmc_admin	\N	\N	\N	\N	\N	f	\N	223	2026-05-13 09:29:32.287429+00	\N	~	\N	\N	\N	\N	\N	\N	f	f	[]
44	pbkdf2_sha256$600000$kKixfjPYzIG6nWWm3I21tX$zO1lvZKJiI+NDGdNYCUyk2kiUtCibiJpXis18PCp93Y=	\N	f	sup_e2e-1778664570350	Sup	User	sup_e2e-1778664570350@example.com	f	t	2026-05-13 09:29:33.142745+00	supervisor	medicine	\N	\N	\N	\N	f	\N	224	2026-05-13 09:29:33.666322+00	\N	+	25	25	\N	\N	25	\N	f	f	[]
45	pbkdf2_sha256$600000$S5hWSHWU9Rq0UtQ7AeYQnR$8OxdbLqU91zqy2HNHiEsUlHQyn8jelHn6xo05B7d2f0=	2026-05-13 09:29:36.079654+00	f	res_e2e-1778664570350	Res	User	res_e2e-1778664570350@example.com	f	t	2026-05-13 09:29:33.811068+00	resident	medicine	1	\N	\N	\N	f	\N	226	2026-05-13 09:29:36.082642+00	\N	~	25	\N	\N	\N	25	\N	f	f	[]
32	pbkdf2_sha256$600000$0utRj4sPIG2jsWWk7aadH6$igiuGeX7cHVcpPXUTHv0YTfk41FXGoygbuewiXMBgmA=	2026-05-13 09:28:36.71082+00	f	utrmc_staff_user	Feature	UTRMC Staff	utrmc_staff_user@pgsims.local	f	t	2026-05-12 22:21:54.547376+00	utrmc_user	\N	\N	\N	\N	\N	f	\N	213	2026-05-13 09:28:36.713423+00	\N	~	\N	\N	\N	\N	\N	\N	f	f	[]
23	pbkdf2_sha256$600000$aEwB7XnzKkF8iCiA4bS4As$ppHOjtWwv6tm36I5M3N7ErW5hARYqRDHqWJWMdp7zLw=	2026-05-13 09:29:05.75116+00	f	e2e_admin	E2E	Admin	e2e_admin@pgsims.local	f	t	2026-05-12 22:21:50.12741+00	admin	\N	\N	\N	\N	\N	f	\N	215	2026-05-13 09:29:05.755417+00	\N	~	\N	\N	\N	\N	\N	\N	f	f	[]
43	pbkdf2_sha256$600000$0CS07sJCM3hYCm5XlFMe5M$76LR1hAvnK+zMJr4Z82oKWokaPyYyaNViyI1bjINiT8=	2026-05-13 09:29:12.712903+00	f	pg_p6-1778664549692	E2E	Resident	pg_p6-1778664549692@test.com	f	t	2026-05-13 09:29:11.639976+00	pg	\N	\N	\N	\N	\N	f	\N	218	2026-05-13 09:29:12.715591+00	\N	~	23	\N	\N	\N	23	42	f	f	[]
23	pbkdf2_sha256$600000$aEwB7XnzKkF8iCiA4bS4As$ppHOjtWwv6tm36I5M3N7ErW5hARYqRDHqWJWMdp7zLw=	2026-05-13 09:29:30.330793+00	f	e2e_admin	E2E	Admin	e2e_admin@pgsims.local	f	t	2026-05-12 22:21:50.12741+00	admin	\N	\N	\N	\N	\N	f	\N	222	2026-05-13 09:29:30.333612+00	\N	~	\N	\N	\N	\N	\N	\N	f	f	[]
45	pbkdf2_sha256$600000$S5hWSHWU9Rq0UtQ7AeYQnR$8OxdbLqU91zqy2HNHiEsUlHQyn8jelHn6xo05B7d2f0=	\N	f	res_e2e-1778664570350	Res	User	res_e2e-1778664570350@example.com	f	t	2026-05-13 09:29:33.811068+00	resident	medicine	1	\N	\N	\N	f	\N	225	2026-05-13 09:29:34.267531+00	\N	+	25	25	\N	\N	25	\N	f	f	[]
\.


--
-- Data for Name: users_hodassignment; Type: TABLE DATA; Schema: public; Owner: sims_user
--

COPY public.users_hodassignment (id, start_date, end_date, active, created_at, updated_at, created_by_id, department_id, hod_user_id, updated_by_id) FROM stdin;
3	2026-05-12	\N	t	2026-05-12 22:27:34.616786+00	2026-05-12 22:27:34.616806+00	25	22	36	25
4	2026-05-12	\N	t	2026-05-12 22:33:07.257257+00	2026-05-12 22:33:07.257279+00	25	23	40	25
2	2026-05-13	\N	t	2026-05-12 22:21:55.440063+00	2026-05-13 09:28:22.310801+00	23	2	29	\N
5	2026-05-13	\N	t	2026-05-13 09:29:34.813281+00	2026-05-13 09:29:34.813302+00	25	24	44	25
\.


--
-- Data for Name: users_hospitalassignment; Type: TABLE DATA; Schema: public; Owner: sims_user
--

COPY public.users_hospitalassignment (id, assignment_type, start_date, end_date, active, created_at, updated_at, created_by_id, hospital_department_id, updated_by_id, user_id) FROM stdin;
1	primary_training	2026-05-12	\N	t	2026-05-12 22:27:34.526242+00	2026-05-12 22:27:34.526257+00	25	51	25	37
2	primary_training	2026-05-12	\N	t	2026-05-12 22:33:07.173854+00	2026-05-12 22:33:07.173868+00	25	52	25	41
3	primary_training	2026-05-13	\N	t	2026-05-13 09:29:34.588916+00	2026-05-13 09:29:34.588953+00	25	53	25	45
\.


--
-- Data for Name: users_residentprofile; Type: TABLE DATA; Schema: public; Owner: sims_user
--

COPY public.users_residentprofile (id, pgr_id, training_start, training_end, training_level, active, created_at, updated_at, user_id) FROM stdin;
1		2026-05-12	\N	1	t	2026-05-12 22:27:34.388311+00	2026-05-12 22:27:34.388327+00	37
2		2026-05-12	\N	1	t	2026-05-12 22:33:07.055087+00	2026-05-12 22:33:07.055108+00	41
3		2026-05-13	\N	1	t	2026-05-13 09:29:34.324054+00	2026-05-13 09:29:34.324075+00	45
\.


--
-- Data for Name: users_staffprofile; Type: TABLE DATA; Schema: public; Owner: sims_user
--

COPY public.users_staffprofile (id, designation, phone, active, created_at, updated_at, user_id) FROM stdin;
1	Supervisor		t	2026-05-12 22:27:33.862758+00	2026-05-12 22:27:33.862775+00	36
2	Supervisor		t	2026-05-12 22:33:06.548694+00	2026-05-12 22:33:06.548715+00	40
3	Supervisor		t	2026-05-13 09:29:33.733893+00	2026-05-13 09:29:33.733918+00	44
\.


--
-- Data for Name: users_supervisorresidentlink; Type: TABLE DATA; Schema: public; Owner: sims_user
--

COPY public.users_supervisorresidentlink (id, start_date, end_date, active, created_at, updated_at, created_by_id, department_id, resident_user_id, supervisor_user_id, updated_by_id, has_default_dates) FROM stdin;
9	2026-05-12	\N	t	2026-05-12 22:27:34.574761+00	2026-05-12 22:27:34.574782+00	25	22	37	36	25	f
10	2026-05-12	\N	t	2026-05-12 22:33:07.219995+00	2026-05-12 22:33:07.220011+00	25	23	41	40	25	f
5	2026-05-13	\N	t	2026-05-12 22:08:40.991394+00	2026-05-13 09:28:12.600941+00	1	1	21	18	1	f
6	2026-05-13	\N	t	2026-05-12 22:08:41.027132+00	2026-05-13 09:28:12.645117+00	1	1	22	18	1	f
7	2026-05-13	\N	t	2026-05-12 22:21:52.657469+00	2026-05-13 09:28:19.131738+00	\N	2	27	26	\N	f
8	2026-05-13	\N	t	2026-05-12 22:21:55.45228+00	2026-05-13 09:28:22.326402+00	\N	2	30	28	\N	f
11	2026-05-13	\N	t	2026-05-13 09:29:34.749244+00	2026-05-13 09:29:34.749266+00	25	24	45	44	25	f
\.


--
-- Data for Name: users_user; Type: TABLE DATA; Schema: public; Owner: sims_user
--

COPY public.users_user (id, password, last_login, is_superuser, username, first_name, last_name, email, is_staff, is_active, date_joined, role, specialty, year, registration_number, phone_number, last_login_ip, is_archived, archived_date, created_by_id, home_department_id, home_hospital_id, modified_by_id, supervisor_id, is_complete_profile, has_placeholder_email, data_issues) FROM stdin;
26	pbkdf2_sha256$600000$KaT21PYukcEbiJznIhLnGC$diQiICrlX+Fjc/FVDjjnii4uepYPVsAeSeU/6yfbVuM=	2026-05-13 09:29:28.986219+00	f	e2e_supervisor	E2E	Supervisor	e2e_supervisor@pgsims.local	f	t	2026-05-12 22:21:51.708209+00	supervisor	surgery	\N	\N	\N	\N	f	\N	\N	\N	\N	\N	\N	f	f	[]
36	pbkdf2_sha256$600000$mysspc9edi7SbcOQfr8WxH$RZxIfqVp8ArjWTQkf93T8VWhQtVTKCtmS4AMGvB1HRg=	\N	f	sup_e2e-1778624851512	Sup	User	sup_e2e-1778624851512@example.com	f	t	2026-05-12 22:27:33.340438+00	supervisor	medicine	\N	\N	\N	\N	f	\N	25	\N	\N	25	\N	f	f	[]
23	pbkdf2_sha256$600000$aEwB7XnzKkF8iCiA4bS4As$ppHOjtWwv6tm36I5M3N7ErW5hARYqRDHqWJWMdp7zLw=	2026-05-13 09:29:30.330793+00	f	e2e_admin	E2E	Admin	e2e_admin@pgsims.local	f	t	2026-05-12 22:21:50.12741+00	admin	\N	\N	\N	\N	\N	f	\N	\N	\N	\N	\N	\N	f	f	[]
25	pbkdf2_sha256$600000$TUd3nQkAC5kcSHfxri1XaL$R8Ff3PVctB2hw2idj46gEcUGPB0TWUruUsMUPGYnI4M=	2026-05-13 09:29:32.283431+00	f	e2e_utrmc_admin	E2E	UTRMC Admin	e2e_utrmc_admin@pgsims.local	f	t	2026-05-12 22:21:51.104929+00	utrmc_admin	\N	\N	\N	\N	\N	f	\N	\N	\N	\N	\N	\N	f	f	[]
1	pbkdf2_sha256$600000$jSZ8vh6WEfTtf1vBRTFPs5$YFIw9eW4++2gCJIHnlSvieKqGsi6EJKCdM/VxmJz3co=	\N	t	admin	Pilot	Admin	admin@pgsims.local	t	t	2026-05-12 22:04:16.625251+00	admin	\N	\N	\N	\N	\N	f	\N	\N	\N	\N	\N	\N	f	f	[]
37	pbkdf2_sha256$600000$vng08aBh3hX8gek9QBLXvh$LRMEdLIHVy+gKhWyrT2C+QWYYiKcYD9Zdj84RaCOo2E=	2026-05-12 22:27:35.999288+00	f	res_e2e-1778624851512	Res	User	res_e2e-1778624851512@example.com	f	t	2026-05-12 22:27:33.893948+00	resident	medicine	1	\N	\N	\N	f	\N	25	\N	\N	25	\N	f	f	[]
27	pbkdf2_sha256$600000$Y924EGV7fIeNwloTQsp3sE$idAnNpFPVIhe70xLw8GV5TpSl1xgrsRBYGHUBeNwXVs=	2026-05-13 09:27:43.285584+00	f	e2e_pg	E2E	PG	e2e_pg@pgsims.local	f	t	2026-05-12 22:21:52.186786+00	pg	surgery	1	\N	\N	\N	f	\N	\N	2	4	\N	26	f	f	[]
35	pbkdf2_sha256$600000$jmDUUq4nKEFvLYf660oa53$b8Fs3DSqjK3uJM0z4ZuL3ozKMzL6kNMAHJg5Zpy9vE8=	2026-05-12 22:27:15.046838+00	f	pg_p6-1778624832297	E2E	Resident	pg_p6-1778624832297@test.com	f	t	2026-05-12 22:27:14.000118+00	pg	\N	\N	\N	\N	\N	f	\N	23	\N	\N	23	34	f	f	[]
18	pbkdf2_sha256$600000$FLv2pOePxDsDBlCn1evIh0$AdoSmYeXQnLjwkx46EsgWiKJIY1wkbxJuNcOkiGZlqg=	\N	f	pilot_supervisor	Pilot	Supervisor	pilot_supervisor@pgsims.local	f	t	2026-05-12 22:08:37.387544+00	supervisor	medicine	\N	\N	\N	\N	f	\N	\N	1	1	\N	\N	f	f	[]
19	pbkdf2_sha256$600000$yvhfj4IiRK94xE0QKg6fKY$mEmkC86NtUqBqa/yoT5EQPgXDOHiTLjp3c69qsj0PC0=	\N	f	pilot_utrmc_admin	Pilot	UTRMC Admin	pilot_utrmc_admin@pgsims.local	f	t	2026-05-12 22:08:38.085374+00	utrmc_admin	\N	\N	\N	\N	\N	f	\N	\N	\N	\N	\N	\N	f	f	[]
28	pbkdf2_sha256$600000$lVR2sS4bgqSsCDOP68dSHD$ecdUiR3kcUGrRJi1g13XKJ/0LzG1LNmA5sT8AordAEo=	2026-05-13 09:28:32.506521+00	f	supervisor_user	Feature	Supervisor	supervisor_user@pgsims.local	f	t	2026-05-12 22:21:52.663301+00	supervisor	surgery	\N	\N	\N	\N	f	\N	\N	2	4	\N	\N	f	f	[]
24	pbkdf2_sha256$600000$tGUdIfzXXgHn5LHhJ1iZCN$z/BTcQ2Anme5Li9Qg8wINstnDETXLTMV72rTPdXwvVE=	2026-05-13 09:29:17.316632+00	f	e2e_utrmc_user	E2E	UTRMC User	e2e_utrmc_user@pgsims.local	f	t	2026-05-12 22:21:50.612929+00	utrmc_user	\N	\N	\N	\N	\N	f	\N	\N	\N	\N	\N	\N	f	f	[]
34	pbkdf2_sha256$600000$lxW6xRmIjISszQfY1qGAK4$pAzWyykpS5k/6/DmXuLbYYWlLkj3+W6adBpd+D4c6+g=	2026-05-12 22:27:15.698685+00	f	sup_p6-1778624832297	E2E	Supervisor	sup_p6-1778624832297@test.com	f	t	2026-05-12 22:27:13.470978+00	supervisor	\N	\N	\N	\N	\N	f	\N	23	\N	\N	23	\N	f	f	[]
20	pbkdf2_sha256$600000$ryMiLF4sAZFlkxGVV967Ke$Ac07cT+hGMjMnCnKkYrAUN4s7qcqzFRzb5f1JWErYDU=	\N	f	pilot_utrmc_user	Pilot	UTRMC User	pilot_utrmc_user@pgsims.local	f	t	2026-05-12 22:08:38.805064+00	utrmc_user	\N	\N	\N	\N	\N	f	\N	\N	\N	\N	\N	\N	f	f	[]
21	pbkdf2_sha256$600000$Zny22aOfziie9zVWcyScZ9$XeizoabUHoBAxzLik0DpFIM57tcGOzb/0ukvxtjCI8k=	\N	f	pilot_pg	Pilot	PG	pilot_pg@pgsims.local	f	t	2026-05-12 22:08:39.523059+00	pg	medicine	1	\N	\N	\N	f	\N	\N	1	1	\N	18	f	f	[]
40	pbkdf2_sha256$600000$1oLneVhyCAZcxgL1HWtHEV$//WoVdaTBu0gec3bdU50v1Ch1ATVi3a3NNVMkhuRlQQ=	\N	f	sup_e2e-1778625183928	Sup	User	sup_e2e-1778625183928@example.com	f	t	2026-05-12 22:33:06.05238+00	supervisor	medicine	\N	\N	\N	\N	f	\N	25	\N	\N	25	\N	f	f	[]
22	pbkdf2_sha256$600000$606UCWpjEwqYURow7lKFrc$bd/31AOfzm9gQuGqbOjgqnEU8mJO8qM7J+JjhhEYV1c=	\N	f	pilot_resident	Pilot	Resident	pilot_resident@pgsims.local	f	t	2026-05-12 22:08:40.240457+00	resident	medicine	1	\N	\N	\N	f	\N	\N	1	1	\N	18	f	f	[]
39	pbkdf2_sha256$600000$h9zdgKvOfJgZooPrE8nZIH$Y5b3YYALN92khJKU1BpTUdR+fKsyKW61UzGtbFoD61Y=	2026-05-12 22:32:47.333856+00	f	pg_p6-1778625164763	E2E	Resident	pg_p6-1778625164763@test.com	f	t	2026-05-12 22:32:46.292135+00	pg	\N	\N	\N	\N	\N	f	\N	23	\N	\N	23	38	f	f	[]
38	pbkdf2_sha256$600000$ac7aApIKoQabCVtAM6cGeE$mrOtxPF0E2yht5GRQE3skSs7q9rfbpVnFu++2WJ7Hoc=	2026-05-12 22:32:48.030242+00	f	sup_p6-1778625164763	E2E	Supervisor	sup_p6-1778625164763@test.com	f	t	2026-05-12 22:32:45.753784+00	supervisor	\N	\N	\N	\N	\N	f	\N	23	\N	\N	23	\N	f	f	[]
41	pbkdf2_sha256$600000$EKjZ1pIDOUd7As72ItiaTT$3radjU/D9rNAB8yfIcKJ8B8+Q0XZx/ymb1e4kgFVoNg=	2026-05-12 22:33:08.425139+00	f	res_e2e-1778625183928	Res	User	res_e2e-1778625183928@example.com	f	t	2026-05-12 22:33:06.582436+00	resident	medicine	1	\N	\N	\N	f	\N	25	\N	\N	25	\N	f	f	[]
30	pbkdf2_sha256$600000$rwQShB5U75BXrfKHmDh3vP$A4Pg3blICGiXTPgbR93FebQbcfJj8Ehh5wip+phnSQo=	2026-05-13 09:28:30.863836+00	f	resident_user	Feature	Resident	resident_user@pgsims.local	f	t	2026-05-12 22:21:53.629888+00	pg	surgery	1	\N	\N	\N	f	\N	\N	2	4	\N	28	f	f	[]
29	pbkdf2_sha256$600000$IzTXKmamjuYtwmYxtYHRMa$MKNsS8vwuPpbjY6CJA0Ms1FrGY7hIu9ya3Wi3CsLidc=	2026-05-13 09:28:33.735106+00	f	hod_user	Feature	HOD	hod_user@pgsims.local	f	t	2026-05-12 22:21:53.187978+00	supervisor	surgery	\N	\N	\N	\N	f	\N	\N	2	4	\N	\N	f	f	[]
31	pbkdf2_sha256$600000$G2C3eOuCcuN1oMfRxRw2U3$PrdXx3HokPaFxw7EC0GjsnIhLBd0M4p9auB3v2bc8xE=	2026-05-13 09:28:34.957562+00	f	utrmc_admin_user	Feature	UTRMC Admin	utrmc_admin_user@pgsims.local	f	t	2026-05-12 22:21:54.092769+00	utrmc_admin	\N	\N	\N	\N	\N	f	\N	\N	\N	\N	\N	\N	f	f	[]
32	pbkdf2_sha256$600000$0utRj4sPIG2jsWWk7aadH6$igiuGeX7cHVcpPXUTHv0YTfk41FXGoygbuewiXMBgmA=	2026-05-13 09:28:36.71082+00	f	utrmc_staff_user	Feature	UTRMC Staff	utrmc_staff_user@pgsims.local	f	t	2026-05-12 22:21:54.547376+00	utrmc_user	\N	\N	\N	\N	\N	f	\N	\N	\N	\N	\N	\N	f	f	[]
33	pbkdf2_sha256$600000$Gupw7ZoH51iqBamJqwZZP3$ylg4cnZYzDhj3XFB7VFmFj7E41R6J3G/X8RJrXde49w=	2026-05-13 09:28:52.958486+00	f	negative_role_user	Feature	Negative	negative_role_user@pgsims.local	f	t	2026-05-12 22:21:54.970499+00	pg	medicine	1	\N	\N	\N	f	\N	\N	1	4	\N	\N	f	f	[]
43	pbkdf2_sha256$600000$0CS07sJCM3hYCm5XlFMe5M$76LR1hAvnK+zMJr4Z82oKWokaPyYyaNViyI1bjINiT8=	2026-05-13 09:29:12.712903+00	f	pg_p6-1778664549692	E2E	Resident	pg_p6-1778664549692@test.com	f	t	2026-05-13 09:29:11.639976+00	pg	\N	\N	\N	\N	\N	f	\N	23	\N	\N	23	42	f	f	[]
42	pbkdf2_sha256$600000$rBRVsWnc4dbSnsEjNBeNVW$RGNIWs7fSsZXiwa0ISKbMPDZmIzhsbLgSilWrg4YYcY=	2026-05-13 09:29:13.500352+00	f	sup_p6-1778664549692	E2E	Supervisor	sup_p6-1778664549692@test.com	f	t	2026-05-13 09:29:10.916609+00	supervisor	\N	\N	\N	\N	\N	f	\N	23	\N	\N	23	\N	f	f	[]
44	pbkdf2_sha256$600000$kKixfjPYzIG6nWWm3I21tX$zO1lvZKJiI+NDGdNYCUyk2kiUtCibiJpXis18PCp93Y=	\N	f	sup_e2e-1778664570350	Sup	User	sup_e2e-1778664570350@example.com	f	t	2026-05-13 09:29:33.142745+00	supervisor	medicine	\N	\N	\N	\N	f	\N	25	\N	\N	25	\N	f	f	[]
45	pbkdf2_sha256$600000$S5hWSHWU9Rq0UtQ7AeYQnR$8OxdbLqU91zqy2HNHiEsUlHQyn8jelHn6xo05B7d2f0=	2026-05-13 09:29:36.079654+00	f	res_e2e-1778664570350	Res	User	res_e2e-1778664570350@example.com	f	t	2026-05-13 09:29:33.811068+00	resident	medicine	1	\N	\N	\N	f	\N	25	\N	\N	25	\N	f	f	[]
\.


--
-- Data for Name: users_user_groups; Type: TABLE DATA; Schema: public; Owner: sims_user
--

COPY public.users_user_groups (id, user_id, group_id) FROM stdin;
\.


--
-- Data for Name: users_user_user_permissions; Type: TABLE DATA; Schema: public; Owner: sims_user
--

COPY public.users_user_user_permissions (id, user_id, permission_id) FROM stdin;
\.


--
-- Name: academics_batch_id_seq; Type: SEQUENCE SET; Schema: public; Owner: sims_user
--

SELECT pg_catalog.setval('public.academics_batch_id_seq', 1, false);


--
-- Name: academics_department_id_seq; Type: SEQUENCE SET; Schema: public; Owner: sims_user
--

SELECT pg_catalog.setval('public.academics_department_id_seq', 24, true);


--
-- Name: academics_studentprofile_id_seq; Type: SEQUENCE SET; Schema: public; Owner: sims_user
--

SELECT pg_catalog.setval('public.academics_studentprofile_id_seq', 1, false);


--
-- Name: audit_activitylog_id_seq; Type: SEQUENCE SET; Schema: public; Owner: sims_user
--

SELECT pg_catalog.setval('public.audit_activitylog_id_seq', 437, true);


--
-- Name: audit_auditreport_id_seq; Type: SEQUENCE SET; Schema: public; Owner: sims_user
--

SELECT pg_catalog.setval('public.audit_auditreport_id_seq', 1, false);


--
-- Name: audit_historicalauditreport_history_id_seq; Type: SEQUENCE SET; Schema: public; Owner: sims_user
--

SELECT pg_catalog.setval('public.audit_historicalauditreport_history_id_seq', 1, false);


--
-- Name: auth_group_id_seq; Type: SEQUENCE SET; Schema: public; Owner: sims_user
--

SELECT pg_catalog.setval('public.auth_group_id_seq', 1, false);


--
-- Name: auth_group_permissions_id_seq; Type: SEQUENCE SET; Schema: public; Owner: sims_user
--

SELECT pg_catalog.setval('public.auth_group_permissions_id_seq', 1, false);


--
-- Name: auth_permission_id_seq; Type: SEQUENCE SET; Schema: public; Owner: sims_user
--

SELECT pg_catalog.setval('public.auth_permission_id_seq', 356, true);


--
-- Name: bulk_bulkoperation_id_seq; Type: SEQUENCE SET; Schema: public; Owner: sims_user
--

SELECT pg_catalog.setval('public.bulk_bulkoperation_id_seq', 1, true);


--
-- Name: django_admin_log_id_seq; Type: SEQUENCE SET; Schema: public; Owner: sims_user
--

SELECT pg_catalog.setval('public.django_admin_log_id_seq', 1, false);


--
-- Name: django_celery_beat_clockedschedule_id_seq; Type: SEQUENCE SET; Schema: public; Owner: sims_user
--

SELECT pg_catalog.setval('public.django_celery_beat_clockedschedule_id_seq', 1, false);


--
-- Name: django_celery_beat_crontabschedule_id_seq; Type: SEQUENCE SET; Schema: public; Owner: sims_user
--

SELECT pg_catalog.setval('public.django_celery_beat_crontabschedule_id_seq', 1, true);


--
-- Name: django_celery_beat_intervalschedule_id_seq; Type: SEQUENCE SET; Schema: public; Owner: sims_user
--

SELECT pg_catalog.setval('public.django_celery_beat_intervalschedule_id_seq', 1, false);


--
-- Name: django_celery_beat_periodictask_id_seq; Type: SEQUENCE SET; Schema: public; Owner: sims_user
--

SELECT pg_catalog.setval('public.django_celery_beat_periodictask_id_seq', 1, true);


--
-- Name: django_celery_beat_solarschedule_id_seq; Type: SEQUENCE SET; Schema: public; Owner: sims_user
--

SELECT pg_catalog.setval('public.django_celery_beat_solarschedule_id_seq', 1, false);


--
-- Name: django_content_type_id_seq; Type: SEQUENCE SET; Schema: public; Owner: sims_user
--

SELECT pg_catalog.setval('public.django_content_type_id_seq', 89, true);


--
-- Name: django_migrations_id_seq; Type: SEQUENCE SET; Schema: public; Owner: sims_user
--

SELECT pg_catalog.setval('public.django_migrations_id_seq', 59, true);


--
-- Name: notifications_notification_id_seq; Type: SEQUENCE SET; Schema: public; Owner: sims_user
--

SELECT pg_catalog.setval('public.notifications_notification_id_seq', 1, false);


--
-- Name: notifications_notificationpreference_id_seq; Type: SEQUENCE SET; Schema: public; Owner: sims_user
--

SELECT pg_catalog.setval('public.notifications_notificationpreference_id_seq', 1, false);


--
-- Name: rotations_hospital_id_seq; Type: SEQUENCE SET; Schema: public; Owner: sims_user
--

SELECT pg_catalog.setval('public.rotations_hospital_id_seq', 8, true);


--
-- Name: rotations_hospitaldepartment_id_seq; Type: SEQUENCE SET; Schema: public; Owner: sims_user
--

SELECT pg_catalog.setval('public.rotations_hospitaldepartment_id_seq', 53, true);


--
-- Name: training_deputationposting_id_seq; Type: SEQUENCE SET; Schema: public; Owner: sims_user
--

SELECT pg_catalog.setval('public.training_deputationposting_id_seq', 1, false);


--
-- Name: training_historicaldeputationposting_history_id_seq; Type: SEQUENCE SET; Schema: public; Owner: sims_user
--

SELECT pg_catalog.setval('public.training_historicaldeputationposting_history_id_seq', 1, false);


--
-- Name: training_historicalleaverequest_history_id_seq; Type: SEQUENCE SET; Schema: public; Owner: sims_user
--

SELECT pg_catalog.setval('public.training_historicalleaverequest_history_id_seq', 3, true);


--
-- Name: training_historicallogbookentry_history_id_seq; Type: SEQUENCE SET; Schema: public; Owner: sims_user
--

SELECT pg_catalog.setval('public.training_historicallogbookentry_history_id_seq', 25, true);


--
-- Name: training_historicallogbookreview_history_id_seq; Type: SEQUENCE SET; Schema: public; Owner: sims_user
--

SELECT pg_catalog.setval('public.training_historicallogbookreview_history_id_seq', 10, true);


--
-- Name: training_historicallogbookthresholdconfig_history_id_seq; Type: SEQUENCE SET; Schema: public; Owner: sims_user
--

SELECT pg_catalog.setval('public.training_historicallogbookthresholdconfig_history_id_seq', 14, true);


--
-- Name: training_historicalprogrammilestone_history_id_seq; Type: SEQUENCE SET; Schema: public; Owner: sims_user
--

SELECT pg_catalog.setval('public.training_historicalprogrammilestone_history_id_seq', 17, true);


--
-- Name: training_historicalprogrammilestonelogbookrequir_history_id_seq; Type: SEQUENCE SET; Schema: public; Owner: sims_user
--

SELECT pg_catalog.setval('public.training_historicalprogrammilestonelogbookrequir_history_id_seq', 1, false);


--
-- Name: training_historicalprogrammilestoneresearchrequi_history_id_seq; Type: SEQUENCE SET; Schema: public; Owner: sims_user
--

SELECT pg_catalog.setval('public.training_historicalprogrammilestoneresearchrequi_history_id_seq', 20, true);


--
-- Name: training_historicalprogrammilestoneworkshoprequi_history_id_seq; Type: SEQUENCE SET; Schema: public; Owner: sims_user
--

SELECT pg_catalog.setval('public.training_historicalprogrammilestoneworkshoprequi_history_id_seq', 1, false);


--
-- Name: training_historicalprogrampolicy_history_id_seq; Type: SEQUENCE SET; Schema: public; Owner: sims_user
--

SELECT pg_catalog.setval('public.training_historicalprogrampolicy_history_id_seq', 7, true);


--
-- Name: training_historicalprogramrotationrequirement_history_id_seq; Type: SEQUENCE SET; Schema: public; Owner: sims_user
--

SELECT pg_catalog.setval('public.training_historicalprogramrotationrequirement_history_id_seq', 7, true);


--
-- Name: training_historicalprogramrotationtemplate_history_id_seq; Type: SEQUENCE SET; Schema: public; Owner: sims_user
--

SELECT pg_catalog.setval('public.training_historicalprogramrotationtemplate_history_id_seq', 1, false);


--
-- Name: training_historicalresidentresearchproject_history_id_seq; Type: SEQUENCE SET; Schema: public; Owner: sims_user
--

SELECT pg_catalog.setval('public.training_historicalresidentresearchproject_history_id_seq', 13, true);


--
-- Name: training_historicalresidentsubmission_history_id_seq; Type: SEQUENCE SET; Schema: public; Owner: sims_user
--

SELECT pg_catalog.setval('public.training_historicalresidentsubmission_history_id_seq', 1, false);


--
-- Name: training_historicalresidentthesis_history_id_seq; Type: SEQUENCE SET; Schema: public; Owner: sims_user
--

SELECT pg_catalog.setval('public.training_historicalresidentthesis_history_id_seq', 1, false);


--
-- Name: training_historicalresidenttrainingrecord_history_id_seq; Type: SEQUENCE SET; Schema: public; Owner: sims_user
--

SELECT pg_catalog.setval('public.training_historicalresidenttrainingrecord_history_id_seq', 46, true);


--
-- Name: training_historicalresidentworkshopcompletion_history_id_seq; Type: SEQUENCE SET; Schema: public; Owner: sims_user
--

SELECT pg_catalog.setval('public.training_historicalresidentworkshopcompletion_history_id_seq', 1, false);


--
-- Name: training_historicalrotationassignment_history_id_seq; Type: SEQUENCE SET; Schema: public; Owner: sims_user
--

SELECT pg_catalog.setval('public.training_historicalrotationassignment_history_id_seq', 1, false);


--
-- Name: training_historicalrotationcertificate_history_id_seq; Type: SEQUENCE SET; Schema: public; Owner: sims_user
--

SELECT pg_catalog.setval('public.training_historicalrotationcertificate_history_id_seq', 1, false);


--
-- Name: training_historicalrotationcompletion_history_id_seq; Type: SEQUENCE SET; Schema: public; Owner: sims_user
--

SELECT pg_catalog.setval('public.training_historicalrotationcompletion_history_id_seq', 1, false);


--
-- Name: training_historicalsubmissioncertificate_history_id_seq; Type: SEQUENCE SET; Schema: public; Owner: sims_user
--

SELECT pg_catalog.setval('public.training_historicalsubmissioncertificate_history_id_seq', 1, false);


--
-- Name: training_historicalsubmissiondocument_history_id_seq; Type: SEQUENCE SET; Schema: public; Owner: sims_user
--

SELECT pg_catalog.setval('public.training_historicalsubmissiondocument_history_id_seq', 1, false);


--
-- Name: training_historicalsubmissionrequirementtemplate_history_id_seq; Type: SEQUENCE SET; Schema: public; Owner: sims_user
--

SELECT pg_catalog.setval('public.training_historicalsubmissionrequirementtemplate_history_id_seq', 28, true);


--
-- Name: training_historicalsubmissionreview_history_id_seq; Type: SEQUENCE SET; Schema: public; Owner: sims_user
--

SELECT pg_catalog.setval('public.training_historicalsubmissionreview_history_id_seq', 1, false);


--
-- Name: training_historicaltrainingprogram_history_id_seq; Type: SEQUENCE SET; Schema: public; Owner: sims_user
--

SELECT pg_catalog.setval('public.training_historicaltrainingprogram_history_id_seq', 21, true);


--
-- Name: training_historicalworkshop_history_id_seq; Type: SEQUENCE SET; Schema: public; Owner: sims_user
--

SELECT pg_catalog.setval('public.training_historicalworkshop_history_id_seq', 1, false);


--
-- Name: training_historicalworkshopblock_history_id_seq; Type: SEQUENCE SET; Schema: public; Owner: sims_user
--

SELECT pg_catalog.setval('public.training_historicalworkshopblock_history_id_seq', 1, false);


--
-- Name: training_historicalworkshoprun_history_id_seq; Type: SEQUENCE SET; Schema: public; Owner: sims_user
--

SELECT pg_catalog.setval('public.training_historicalworkshoprun_history_id_seq', 1, false);


--
-- Name: training_leaverequest_id_seq; Type: SEQUENCE SET; Schema: public; Owner: sims_user
--

SELECT pg_catalog.setval('public.training_leaverequest_id_seq', 1, true);


--
-- Name: training_logbookentry_id_seq; Type: SEQUENCE SET; Schema: public; Owner: sims_user
--

SELECT pg_catalog.setval('public.training_logbookentry_id_seq', 6, true);


--
-- Name: training_logbookreview_id_seq; Type: SEQUENCE SET; Schema: public; Owner: sims_user
--

SELECT pg_catalog.setval('public.training_logbookreview_id_seq', 6, true);


--
-- Name: training_logbookthresholdconfig_id_seq; Type: SEQUENCE SET; Schema: public; Owner: sims_user
--

SELECT pg_catalog.setval('public.training_logbookthresholdconfig_id_seq', 4, true);


--
-- Name: training_logbookthresholdsnapshot_id_seq; Type: SEQUENCE SET; Schema: public; Owner: sims_user
--

SELECT pg_catalog.setval('public.training_logbookthresholdsnapshot_id_seq', 7, true);


--
-- Name: training_programmilestone_id_seq; Type: SEQUENCE SET; Schema: public; Owner: sims_user
--

SELECT pg_catalog.setval('public.training_programmilestone_id_seq', 7, true);


--
-- Name: training_programmilestonelogbookrequirement_id_seq; Type: SEQUENCE SET; Schema: public; Owner: sims_user
--

SELECT pg_catalog.setval('public.training_programmilestonelogbookrequirement_id_seq', 1, false);


--
-- Name: training_programmilestoneresearchrequirement_id_seq; Type: SEQUENCE SET; Schema: public; Owner: sims_user
--

SELECT pg_catalog.setval('public.training_programmilestoneresearchrequirement_id_seq', 7, true);


--
-- Name: training_programmilestoneworkshoprequirement_id_seq; Type: SEQUENCE SET; Schema: public; Owner: sims_user
--

SELECT pg_catalog.setval('public.training_programmilestoneworkshoprequirement_id_seq', 1, false);


--
-- Name: training_programpolicy_id_seq; Type: SEQUENCE SET; Schema: public; Owner: sims_user
--

SELECT pg_catalog.setval('public.training_programpolicy_id_seq', 4, true);


--
-- Name: training_programrotationrequirement_id_seq; Type: SEQUENCE SET; Schema: public; Owner: sims_user
--

SELECT pg_catalog.setval('public.training_programrotationrequirement_id_seq', 2, true);


--
-- Name: training_programrotationtemplate_allowed_hospitals_id_seq; Type: SEQUENCE SET; Schema: public; Owner: sims_user
--

SELECT pg_catalog.setval('public.training_programrotationtemplate_allowed_hospitals_id_seq', 1, false);


--
-- Name: training_programrotationtemplate_id_seq; Type: SEQUENCE SET; Schema: public; Owner: sims_user
--

SELECT pg_catalog.setval('public.training_programrotationtemplate_id_seq', 1, false);


--
-- Name: training_residentmilestoneeligibility_id_seq; Type: SEQUENCE SET; Schema: public; Owner: sims_user
--

SELECT pg_catalog.setval('public.training_residentmilestoneeligibility_id_seq', 13, true);


--
-- Name: training_residentresearchproject_id_seq; Type: SEQUENCE SET; Schema: public; Owner: sims_user
--

SELECT pg_catalog.setval('public.training_residentresearchproject_id_seq', 5, true);


--
-- Name: training_residentsubmission_id_seq; Type: SEQUENCE SET; Schema: public; Owner: sims_user
--

SELECT pg_catalog.setval('public.training_residentsubmission_id_seq', 1, false);


--
-- Name: training_residentthesis_id_seq; Type: SEQUENCE SET; Schema: public; Owner: sims_user
--

SELECT pg_catalog.setval('public.training_residentthesis_id_seq', 1, false);


--
-- Name: training_residenttrainingrecord_id_seq; Type: SEQUENCE SET; Schema: public; Owner: sims_user
--

SELECT pg_catalog.setval('public.training_residenttrainingrecord_id_seq', 17, true);


--
-- Name: training_residentworkshopcompletion_id_seq; Type: SEQUENCE SET; Schema: public; Owner: sims_user
--

SELECT pg_catalog.setval('public.training_residentworkshopcompletion_id_seq', 1, false);


--
-- Name: training_rotationassignment_id_seq; Type: SEQUENCE SET; Schema: public; Owner: sims_user
--

SELECT pg_catalog.setval('public.training_rotationassignment_id_seq', 1, false);


--
-- Name: training_rotationcertificate_id_seq; Type: SEQUENCE SET; Schema: public; Owner: sims_user
--

SELECT pg_catalog.setval('public.training_rotationcertificate_id_seq', 1, false);


--
-- Name: training_rotationcompletion_id_seq; Type: SEQUENCE SET; Schema: public; Owner: sims_user
--

SELECT pg_catalog.setval('public.training_rotationcompletion_id_seq', 1, false);


--
-- Name: training_submissioncertificate_id_seq; Type: SEQUENCE SET; Schema: public; Owner: sims_user
--

SELECT pg_catalog.setval('public.training_submissioncertificate_id_seq', 1, false);


--
-- Name: training_submissiondocument_id_seq; Type: SEQUENCE SET; Schema: public; Owner: sims_user
--

SELECT pg_catalog.setval('public.training_submissiondocument_id_seq', 1, false);


--
-- Name: training_submissionrequirementtemplate_id_seq; Type: SEQUENCE SET; Schema: public; Owner: sims_user
--

SELECT pg_catalog.setval('public.training_submissionrequirementtemplate_id_seq', 8, true);


--
-- Name: training_submissionreview_id_seq; Type: SEQUENCE SET; Schema: public; Owner: sims_user
--

SELECT pg_catalog.setval('public.training_submissionreview_id_seq', 1, false);


--
-- Name: training_trainingprogram_id_seq; Type: SEQUENCE SET; Schema: public; Owner: sims_user
--

SELECT pg_catalog.setval('public.training_trainingprogram_id_seq', 10, true);


--
-- Name: training_workshop_id_seq; Type: SEQUENCE SET; Schema: public; Owner: sims_user
--

SELECT pg_catalog.setval('public.training_workshop_id_seq', 1, false);


--
-- Name: training_workshopblock_id_seq; Type: SEQUENCE SET; Schema: public; Owner: sims_user
--

SELECT pg_catalog.setval('public.training_workshopblock_id_seq', 1, false);


--
-- Name: training_workshoprun_id_seq; Type: SEQUENCE SET; Schema: public; Owner: sims_user
--

SELECT pg_catalog.setval('public.training_workshoprun_id_seq', 1, false);


--
-- Name: users_datacorrectionaudit_id_seq; Type: SEQUENCE SET; Schema: public; Owner: sims_user
--

SELECT pg_catalog.setval('public.users_datacorrectionaudit_id_seq', 1, false);


--
-- Name: users_departmentmembership_id_seq; Type: SEQUENCE SET; Schema: public; Owner: sims_user
--

SELECT pg_catalog.setval('public.users_departmentmembership_id_seq', 16, true);


--
-- Name: users_historicaluser_history_id_seq; Type: SEQUENCE SET; Schema: public; Owner: sims_user
--

SELECT pg_catalog.setval('public.users_historicaluser_history_id_seq', 226, true);


--
-- Name: users_hodassignment_id_seq; Type: SEQUENCE SET; Schema: public; Owner: sims_user
--

SELECT pg_catalog.setval('public.users_hodassignment_id_seq', 5, true);


--
-- Name: users_hospitalassignment_id_seq; Type: SEQUENCE SET; Schema: public; Owner: sims_user
--

SELECT pg_catalog.setval('public.users_hospitalassignment_id_seq', 3, true);


--
-- Name: users_residentprofile_id_seq; Type: SEQUENCE SET; Schema: public; Owner: sims_user
--

SELECT pg_catalog.setval('public.users_residentprofile_id_seq', 3, true);


--
-- Name: users_staffprofile_id_seq; Type: SEQUENCE SET; Schema: public; Owner: sims_user
--

SELECT pg_catalog.setval('public.users_staffprofile_id_seq', 3, true);


--
-- Name: users_supervisorresidentlink_id_seq; Type: SEQUENCE SET; Schema: public; Owner: sims_user
--

SELECT pg_catalog.setval('public.users_supervisorresidentlink_id_seq', 11, true);


--
-- Name: users_user_groups_id_seq; Type: SEQUENCE SET; Schema: public; Owner: sims_user
--

SELECT pg_catalog.setval('public.users_user_groups_id_seq', 1, false);


--
-- Name: users_user_id_seq; Type: SEQUENCE SET; Schema: public; Owner: sims_user
--

SELECT pg_catalog.setval('public.users_user_id_seq', 45, true);


--
-- Name: users_user_user_permissions_id_seq; Type: SEQUENCE SET; Schema: public; Owner: sims_user
--

SELECT pg_catalog.setval('public.users_user_user_permissions_id_seq', 1, false);


--
-- Name: academics_batch academics_batch_name_department_id_start_date_0098e3c1_uniq; Type: CONSTRAINT; Schema: public; Owner: sims_user
--

ALTER TABLE ONLY public.academics_batch
    ADD CONSTRAINT academics_batch_name_department_id_start_date_0098e3c1_uniq UNIQUE (name, department_id, start_date);


--
-- Name: academics_batch academics_batch_pkey; Type: CONSTRAINT; Schema: public; Owner: sims_user
--

ALTER TABLE ONLY public.academics_batch
    ADD CONSTRAINT academics_batch_pkey PRIMARY KEY (id);


--
-- Name: academics_department academics_department_code_key; Type: CONSTRAINT; Schema: public; Owner: sims_user
--

ALTER TABLE ONLY public.academics_department
    ADD CONSTRAINT academics_department_code_key UNIQUE (code);


--
-- Name: academics_department academics_department_name_key; Type: CONSTRAINT; Schema: public; Owner: sims_user
--

ALTER TABLE ONLY public.academics_department
    ADD CONSTRAINT academics_department_name_key UNIQUE (name);


--
-- Name: academics_department academics_department_pkey; Type: CONSTRAINT; Schema: public; Owner: sims_user
--

ALTER TABLE ONLY public.academics_department
    ADD CONSTRAINT academics_department_pkey PRIMARY KEY (id);


--
-- Name: academics_studentprofile academics_studentprofile_pkey; Type: CONSTRAINT; Schema: public; Owner: sims_user
--

ALTER TABLE ONLY public.academics_studentprofile
    ADD CONSTRAINT academics_studentprofile_pkey PRIMARY KEY (id);


--
-- Name: academics_studentprofile academics_studentprofile_roll_number_key; Type: CONSTRAINT; Schema: public; Owner: sims_user
--

ALTER TABLE ONLY public.academics_studentprofile
    ADD CONSTRAINT academics_studentprofile_roll_number_key UNIQUE (roll_number);


--
-- Name: academics_studentprofile academics_studentprofile_user_id_key; Type: CONSTRAINT; Schema: public; Owner: sims_user
--

ALTER TABLE ONLY public.academics_studentprofile
    ADD CONSTRAINT academics_studentprofile_user_id_key UNIQUE (user_id);


--
-- Name: audit_activitylog audit_activitylog_pkey; Type: CONSTRAINT; Schema: public; Owner: sims_user
--

ALTER TABLE ONLY public.audit_activitylog
    ADD CONSTRAINT audit_activitylog_pkey PRIMARY KEY (id);


--
-- Name: audit_auditreport audit_auditreport_pkey; Type: CONSTRAINT; Schema: public; Owner: sims_user
--

ALTER TABLE ONLY public.audit_auditreport
    ADD CONSTRAINT audit_auditreport_pkey PRIMARY KEY (id);


--
-- Name: audit_auditreport audit_auditreport_start_end_created_by_id_08afbdb1_uniq; Type: CONSTRAINT; Schema: public; Owner: sims_user
--

ALTER TABLE ONLY public.audit_auditreport
    ADD CONSTRAINT audit_auditreport_start_end_created_by_id_08afbdb1_uniq UNIQUE (start, "end", created_by_id);


--
-- Name: audit_historicalauditreport audit_historicalauditreport_pkey; Type: CONSTRAINT; Schema: public; Owner: sims_user
--

ALTER TABLE ONLY public.audit_historicalauditreport
    ADD CONSTRAINT audit_historicalauditreport_pkey PRIMARY KEY (history_id);


--
-- Name: auth_group auth_group_name_key; Type: CONSTRAINT; Schema: public; Owner: sims_user
--

ALTER TABLE ONLY public.auth_group
    ADD CONSTRAINT auth_group_name_key UNIQUE (name);


--
-- Name: auth_group_permissions auth_group_permissions_group_id_permission_id_0cd325b0_uniq; Type: CONSTRAINT; Schema: public; Owner: sims_user
--

ALTER TABLE ONLY public.auth_group_permissions
    ADD CONSTRAINT auth_group_permissions_group_id_permission_id_0cd325b0_uniq UNIQUE (group_id, permission_id);


--
-- Name: auth_group_permissions auth_group_permissions_pkey; Type: CONSTRAINT; Schema: public; Owner: sims_user
--

ALTER TABLE ONLY public.auth_group_permissions
    ADD CONSTRAINT auth_group_permissions_pkey PRIMARY KEY (id);


--
-- Name: auth_group auth_group_pkey; Type: CONSTRAINT; Schema: public; Owner: sims_user
--

ALTER TABLE ONLY public.auth_group
    ADD CONSTRAINT auth_group_pkey PRIMARY KEY (id);


--
-- Name: auth_permission auth_permission_content_type_id_codename_01ab375a_uniq; Type: CONSTRAINT; Schema: public; Owner: sims_user
--

ALTER TABLE ONLY public.auth_permission
    ADD CONSTRAINT auth_permission_content_type_id_codename_01ab375a_uniq UNIQUE (content_type_id, codename);


--
-- Name: auth_permission auth_permission_pkey; Type: CONSTRAINT; Schema: public; Owner: sims_user
--

ALTER TABLE ONLY public.auth_permission
    ADD CONSTRAINT auth_permission_pkey PRIMARY KEY (id);


--
-- Name: bulk_bulkoperation bulk_bulkoperation_pkey; Type: CONSTRAINT; Schema: public; Owner: sims_user
--

ALTER TABLE ONLY public.bulk_bulkoperation
    ADD CONSTRAINT bulk_bulkoperation_pkey PRIMARY KEY (id);


--
-- Name: django_admin_log django_admin_log_pkey; Type: CONSTRAINT; Schema: public; Owner: sims_user
--

ALTER TABLE ONLY public.django_admin_log
    ADD CONSTRAINT django_admin_log_pkey PRIMARY KEY (id);


--
-- Name: django_celery_beat_clockedschedule django_celery_beat_clockedschedule_pkey; Type: CONSTRAINT; Schema: public; Owner: sims_user
--

ALTER TABLE ONLY public.django_celery_beat_clockedschedule
    ADD CONSTRAINT django_celery_beat_clockedschedule_pkey PRIMARY KEY (id);


--
-- Name: django_celery_beat_crontabschedule django_celery_beat_crontabschedule_pkey; Type: CONSTRAINT; Schema: public; Owner: sims_user
--

ALTER TABLE ONLY public.django_celery_beat_crontabschedule
    ADD CONSTRAINT django_celery_beat_crontabschedule_pkey PRIMARY KEY (id);


--
-- Name: django_celery_beat_intervalschedule django_celery_beat_intervalschedule_pkey; Type: CONSTRAINT; Schema: public; Owner: sims_user
--

ALTER TABLE ONLY public.django_celery_beat_intervalschedule
    ADD CONSTRAINT django_celery_beat_intervalschedule_pkey PRIMARY KEY (id);


--
-- Name: django_celery_beat_periodictask django_celery_beat_periodictask_name_key; Type: CONSTRAINT; Schema: public; Owner: sims_user
--

ALTER TABLE ONLY public.django_celery_beat_periodictask
    ADD CONSTRAINT django_celery_beat_periodictask_name_key UNIQUE (name);


--
-- Name: django_celery_beat_periodictask django_celery_beat_periodictask_pkey; Type: CONSTRAINT; Schema: public; Owner: sims_user
--

ALTER TABLE ONLY public.django_celery_beat_periodictask
    ADD CONSTRAINT django_celery_beat_periodictask_pkey PRIMARY KEY (id);


--
-- Name: django_celery_beat_periodictasks django_celery_beat_periodictasks_pkey; Type: CONSTRAINT; Schema: public; Owner: sims_user
--

ALTER TABLE ONLY public.django_celery_beat_periodictasks
    ADD CONSTRAINT django_celery_beat_periodictasks_pkey PRIMARY KEY (ident);


--
-- Name: django_celery_beat_solarschedule django_celery_beat_solar_event_latitude_longitude_ba64999a_uniq; Type: CONSTRAINT; Schema: public; Owner: sims_user
--

ALTER TABLE ONLY public.django_celery_beat_solarschedule
    ADD CONSTRAINT django_celery_beat_solar_event_latitude_longitude_ba64999a_uniq UNIQUE (event, latitude, longitude);


--
-- Name: django_celery_beat_solarschedule django_celery_beat_solarschedule_pkey; Type: CONSTRAINT; Schema: public; Owner: sims_user
--

ALTER TABLE ONLY public.django_celery_beat_solarschedule
    ADD CONSTRAINT django_celery_beat_solarschedule_pkey PRIMARY KEY (id);


--
-- Name: django_content_type django_content_type_app_label_model_76bd3d3b_uniq; Type: CONSTRAINT; Schema: public; Owner: sims_user
--

ALTER TABLE ONLY public.django_content_type
    ADD CONSTRAINT django_content_type_app_label_model_76bd3d3b_uniq UNIQUE (app_label, model);


--
-- Name: django_content_type django_content_type_pkey; Type: CONSTRAINT; Schema: public; Owner: sims_user
--

ALTER TABLE ONLY public.django_content_type
    ADD CONSTRAINT django_content_type_pkey PRIMARY KEY (id);


--
-- Name: django_migrations django_migrations_pkey; Type: CONSTRAINT; Schema: public; Owner: sims_user
--

ALTER TABLE ONLY public.django_migrations
    ADD CONSTRAINT django_migrations_pkey PRIMARY KEY (id);


--
-- Name: django_session django_session_pkey; Type: CONSTRAINT; Schema: public; Owner: sims_user
--

ALTER TABLE ONLY public.django_session
    ADD CONSTRAINT django_session_pkey PRIMARY KEY (session_key);


--
-- Name: notifications_notification notifications_notification_pkey; Type: CONSTRAINT; Schema: public; Owner: sims_user
--

ALTER TABLE ONLY public.notifications_notification
    ADD CONSTRAINT notifications_notification_pkey PRIMARY KEY (id);


--
-- Name: notifications_notificationpreference notifications_notificationpreference_pkey; Type: CONSTRAINT; Schema: public; Owner: sims_user
--

ALTER TABLE ONLY public.notifications_notificationpreference
    ADD CONSTRAINT notifications_notificationpreference_pkey PRIMARY KEY (id);


--
-- Name: notifications_notificationpreference notifications_notificationpreference_user_id_key; Type: CONSTRAINT; Schema: public; Owner: sims_user
--

ALTER TABLE ONLY public.notifications_notificationpreference
    ADD CONSTRAINT notifications_notificationpreference_user_id_key UNIQUE (user_id);


--
-- Name: rotations_hospital rotations_hospital_code_key; Type: CONSTRAINT; Schema: public; Owner: sims_user
--

ALTER TABLE ONLY public.rotations_hospital
    ADD CONSTRAINT rotations_hospital_code_key UNIQUE (code);


--
-- Name: rotations_hospital rotations_hospital_pkey; Type: CONSTRAINT; Schema: public; Owner: sims_user
--

ALTER TABLE ONLY public.rotations_hospital
    ADD CONSTRAINT rotations_hospital_pkey PRIMARY KEY (id);


--
-- Name: rotations_hospitaldepartment rotations_hospitaldepartment_pkey; Type: CONSTRAINT; Schema: public; Owner: sims_user
--

ALTER TABLE ONLY public.rotations_hospitaldepartment
    ADD CONSTRAINT rotations_hospitaldepartment_pkey PRIMARY KEY (id);


--
-- Name: training_deputationposting training_deputationposting_pkey; Type: CONSTRAINT; Schema: public; Owner: sims_user
--

ALTER TABLE ONLY public.training_deputationposting
    ADD CONSTRAINT training_deputationposting_pkey PRIMARY KEY (id);


--
-- Name: training_historicaldeputationposting training_historicaldeputationposting_pkey; Type: CONSTRAINT; Schema: public; Owner: sims_user
--

ALTER TABLE ONLY public.training_historicaldeputationposting
    ADD CONSTRAINT training_historicaldeputationposting_pkey PRIMARY KEY (history_id);


--
-- Name: training_historicalleaverequest training_historicalleaverequest_pkey; Type: CONSTRAINT; Schema: public; Owner: sims_user
--

ALTER TABLE ONLY public.training_historicalleaverequest
    ADD CONSTRAINT training_historicalleaverequest_pkey PRIMARY KEY (history_id);


--
-- Name: training_historicallogbookentry training_historicallogbookentry_pkey; Type: CONSTRAINT; Schema: public; Owner: sims_user
--

ALTER TABLE ONLY public.training_historicallogbookentry
    ADD CONSTRAINT training_historicallogbookentry_pkey PRIMARY KEY (history_id);


--
-- Name: training_historicallogbookreview training_historicallogbookreview_pkey; Type: CONSTRAINT; Schema: public; Owner: sims_user
--

ALTER TABLE ONLY public.training_historicallogbookreview
    ADD CONSTRAINT training_historicallogbookreview_pkey PRIMARY KEY (history_id);


--
-- Name: training_historicallogbookthresholdconfig training_historicallogbookthresholdconfig_pkey; Type: CONSTRAINT; Schema: public; Owner: sims_user
--

ALTER TABLE ONLY public.training_historicallogbookthresholdconfig
    ADD CONSTRAINT training_historicallogbookthresholdconfig_pkey PRIMARY KEY (history_id);


--
-- Name: training_historicalprogrammilestone training_historicalprogrammilestone_pkey; Type: CONSTRAINT; Schema: public; Owner: sims_user
--

ALTER TABLE ONLY public.training_historicalprogrammilestone
    ADD CONSTRAINT training_historicalprogrammilestone_pkey PRIMARY KEY (history_id);


--
-- Name: training_historicalprogrammilestonelogbookrequirement training_historicalprogrammilestonelogbookrequirement_pkey; Type: CONSTRAINT; Schema: public; Owner: sims_user
--

ALTER TABLE ONLY public.training_historicalprogrammilestonelogbookrequirement
    ADD CONSTRAINT training_historicalprogrammilestonelogbookrequirement_pkey PRIMARY KEY (history_id);


--
-- Name: training_historicalprogrammilestoneresearchrequirement training_historicalprogrammilestoneresearchrequirement_pkey; Type: CONSTRAINT; Schema: public; Owner: sims_user
--

ALTER TABLE ONLY public.training_historicalprogrammilestoneresearchrequirement
    ADD CONSTRAINT training_historicalprogrammilestoneresearchrequirement_pkey PRIMARY KEY (history_id);


--
-- Name: training_historicalprogrammilestoneworkshoprequirement training_historicalprogrammilestoneworkshoprequirement_pkey; Type: CONSTRAINT; Schema: public; Owner: sims_user
--

ALTER TABLE ONLY public.training_historicalprogrammilestoneworkshoprequirement
    ADD CONSTRAINT training_historicalprogrammilestoneworkshoprequirement_pkey PRIMARY KEY (history_id);


--
-- Name: training_historicalprogrampolicy training_historicalprogrampolicy_pkey; Type: CONSTRAINT; Schema: public; Owner: sims_user
--

ALTER TABLE ONLY public.training_historicalprogrampolicy
    ADD CONSTRAINT training_historicalprogrampolicy_pkey PRIMARY KEY (history_id);


--
-- Name: training_historicalprogramrotationrequirement training_historicalprogramrotationrequirement_pkey; Type: CONSTRAINT; Schema: public; Owner: sims_user
--

ALTER TABLE ONLY public.training_historicalprogramrotationrequirement
    ADD CONSTRAINT training_historicalprogramrotationrequirement_pkey PRIMARY KEY (history_id);


--
-- Name: training_historicalprogramrotationtemplate training_historicalprogramrotationtemplate_pkey; Type: CONSTRAINT; Schema: public; Owner: sims_user
--

ALTER TABLE ONLY public.training_historicalprogramrotationtemplate
    ADD CONSTRAINT training_historicalprogramrotationtemplate_pkey PRIMARY KEY (history_id);


--
-- Name: training_historicalresidentresearchproject training_historicalresidentresearchproject_pkey; Type: CONSTRAINT; Schema: public; Owner: sims_user
--

ALTER TABLE ONLY public.training_historicalresidentresearchproject
    ADD CONSTRAINT training_historicalresidentresearchproject_pkey PRIMARY KEY (history_id);


--
-- Name: training_historicalresidentsubmission training_historicalresidentsubmission_pkey; Type: CONSTRAINT; Schema: public; Owner: sims_user
--

ALTER TABLE ONLY public.training_historicalresidentsubmission
    ADD CONSTRAINT training_historicalresidentsubmission_pkey PRIMARY KEY (history_id);


--
-- Name: training_historicalresidentthesis training_historicalresidentthesis_pkey; Type: CONSTRAINT; Schema: public; Owner: sims_user
--

ALTER TABLE ONLY public.training_historicalresidentthesis
    ADD CONSTRAINT training_historicalresidentthesis_pkey PRIMARY KEY (history_id);


--
-- Name: training_historicalresidenttrainingrecord training_historicalresidenttrainingrecord_pkey; Type: CONSTRAINT; Schema: public; Owner: sims_user
--

ALTER TABLE ONLY public.training_historicalresidenttrainingrecord
    ADD CONSTRAINT training_historicalresidenttrainingrecord_pkey PRIMARY KEY (history_id);


--
-- Name: training_historicalresidentworkshopcompletion training_historicalresidentworkshopcompletion_pkey; Type: CONSTRAINT; Schema: public; Owner: sims_user
--

ALTER TABLE ONLY public.training_historicalresidentworkshopcompletion
    ADD CONSTRAINT training_historicalresidentworkshopcompletion_pkey PRIMARY KEY (history_id);


--
-- Name: training_historicalrotationassignment training_historicalrotationassignment_pkey; Type: CONSTRAINT; Schema: public; Owner: sims_user
--

ALTER TABLE ONLY public.training_historicalrotationassignment
    ADD CONSTRAINT training_historicalrotationassignment_pkey PRIMARY KEY (history_id);


--
-- Name: training_historicalrotationcertificate training_historicalrotationcertificate_pkey; Type: CONSTRAINT; Schema: public; Owner: sims_user
--

ALTER TABLE ONLY public.training_historicalrotationcertificate
    ADD CONSTRAINT training_historicalrotationcertificate_pkey PRIMARY KEY (history_id);


--
-- Name: training_historicalrotationcompletion training_historicalrotationcompletion_pkey; Type: CONSTRAINT; Schema: public; Owner: sims_user
--

ALTER TABLE ONLY public.training_historicalrotationcompletion
    ADD CONSTRAINT training_historicalrotationcompletion_pkey PRIMARY KEY (history_id);


--
-- Name: training_historicalsubmissioncertificate training_historicalsubmissioncertificate_pkey; Type: CONSTRAINT; Schema: public; Owner: sims_user
--

ALTER TABLE ONLY public.training_historicalsubmissioncertificate
    ADD CONSTRAINT training_historicalsubmissioncertificate_pkey PRIMARY KEY (history_id);


--
-- Name: training_historicalsubmissiondocument training_historicalsubmissiondocument_pkey; Type: CONSTRAINT; Schema: public; Owner: sims_user
--

ALTER TABLE ONLY public.training_historicalsubmissiondocument
    ADD CONSTRAINT training_historicalsubmissiondocument_pkey PRIMARY KEY (history_id);


--
-- Name: training_historicalsubmissionrequirementtemplate training_historicalsubmissionrequirementtemplate_pkey; Type: CONSTRAINT; Schema: public; Owner: sims_user
--

ALTER TABLE ONLY public.training_historicalsubmissionrequirementtemplate
    ADD CONSTRAINT training_historicalsubmissionrequirementtemplate_pkey PRIMARY KEY (history_id);


--
-- Name: training_historicalsubmissionreview training_historicalsubmissionreview_pkey; Type: CONSTRAINT; Schema: public; Owner: sims_user
--

ALTER TABLE ONLY public.training_historicalsubmissionreview
    ADD CONSTRAINT training_historicalsubmissionreview_pkey PRIMARY KEY (history_id);


--
-- Name: training_historicaltrainingprogram training_historicaltrainingprogram_pkey; Type: CONSTRAINT; Schema: public; Owner: sims_user
--

ALTER TABLE ONLY public.training_historicaltrainingprogram
    ADD CONSTRAINT training_historicaltrainingprogram_pkey PRIMARY KEY (history_id);


--
-- Name: training_historicalworkshop training_historicalworkshop_pkey; Type: CONSTRAINT; Schema: public; Owner: sims_user
--

ALTER TABLE ONLY public.training_historicalworkshop
    ADD CONSTRAINT training_historicalworkshop_pkey PRIMARY KEY (history_id);


--
-- Name: training_historicalworkshopblock training_historicalworkshopblock_pkey; Type: CONSTRAINT; Schema: public; Owner: sims_user
--

ALTER TABLE ONLY public.training_historicalworkshopblock
    ADD CONSTRAINT training_historicalworkshopblock_pkey PRIMARY KEY (history_id);


--
-- Name: training_historicalworkshoprun training_historicalworkshoprun_pkey; Type: CONSTRAINT; Schema: public; Owner: sims_user
--

ALTER TABLE ONLY public.training_historicalworkshoprun
    ADD CONSTRAINT training_historicalworkshoprun_pkey PRIMARY KEY (history_id);


--
-- Name: training_leaverequest training_leaverequest_pkey; Type: CONSTRAINT; Schema: public; Owner: sims_user
--

ALTER TABLE ONLY public.training_leaverequest
    ADD CONSTRAINT training_leaverequest_pkey PRIMARY KEY (id);


--
-- Name: training_logbookentry training_logbookentry_pkey; Type: CONSTRAINT; Schema: public; Owner: sims_user
--

ALTER TABLE ONLY public.training_logbookentry
    ADD CONSTRAINT training_logbookentry_pkey PRIMARY KEY (id);


--
-- Name: training_logbookreview training_logbookreview_pkey; Type: CONSTRAINT; Schema: public; Owner: sims_user
--

ALTER TABLE ONLY public.training_logbookreview
    ADD CONSTRAINT training_logbookreview_pkey PRIMARY KEY (id);


--
-- Name: training_logbookthresholdconfig training_logbookthresholdconfig_pkey; Type: CONSTRAINT; Schema: public; Owner: sims_user
--

ALTER TABLE ONLY public.training_logbookthresholdconfig
    ADD CONSTRAINT training_logbookthresholdconfig_pkey PRIMARY KEY (id);


--
-- Name: training_logbookthresholdsnapshot training_logbookthresholdsnapshot_pkey; Type: CONSTRAINT; Schema: public; Owner: sims_user
--

ALTER TABLE ONLY public.training_logbookthresholdsnapshot
    ADD CONSTRAINT training_logbookthresholdsnapshot_pkey PRIMARY KEY (id);


--
-- Name: training_programmilestoneworkshoprequirement training_programmileston_milestone_id_workshop_id_630f4ef5_uniq; Type: CONSTRAINT; Schema: public; Owner: sims_user
--

ALTER TABLE ONLY public.training_programmilestoneworkshoprequirement
    ADD CONSTRAINT training_programmileston_milestone_id_workshop_id_630f4ef5_uniq UNIQUE (milestone_id, workshop_id);


--
-- Name: training_programmilestone training_programmilestone_pkey; Type: CONSTRAINT; Schema: public; Owner: sims_user
--

ALTER TABLE ONLY public.training_programmilestone
    ADD CONSTRAINT training_programmilestone_pkey PRIMARY KEY (id);


--
-- Name: training_programmilestone training_programmilestone_program_id_code_e2c4f2b9_uniq; Type: CONSTRAINT; Schema: public; Owner: sims_user
--

ALTER TABLE ONLY public.training_programmilestone
    ADD CONSTRAINT training_programmilestone_program_id_code_e2c4f2b9_uniq UNIQUE (program_id, code);


--
-- Name: training_programmilestonelogbookrequirement training_programmilestonelogbookrequirement_pkey; Type: CONSTRAINT; Schema: public; Owner: sims_user
--

ALTER TABLE ONLY public.training_programmilestonelogbookrequirement
    ADD CONSTRAINT training_programmilestonelogbookrequirement_pkey PRIMARY KEY (id);


--
-- Name: training_programmilestoneresearchrequirement training_programmilestoneresearchrequirement_milestone_id_key; Type: CONSTRAINT; Schema: public; Owner: sims_user
--

ALTER TABLE ONLY public.training_programmilestoneresearchrequirement
    ADD CONSTRAINT training_programmilestoneresearchrequirement_milestone_id_key UNIQUE (milestone_id);


--
-- Name: training_programmilestoneresearchrequirement training_programmilestoneresearchrequirement_pkey; Type: CONSTRAINT; Schema: public; Owner: sims_user
--

ALTER TABLE ONLY public.training_programmilestoneresearchrequirement
    ADD CONSTRAINT training_programmilestoneresearchrequirement_pkey PRIMARY KEY (id);


--
-- Name: training_programmilestoneworkshoprequirement training_programmilestoneworkshoprequirement_pkey; Type: CONSTRAINT; Schema: public; Owner: sims_user
--

ALTER TABLE ONLY public.training_programmilestoneworkshoprequirement
    ADD CONSTRAINT training_programmilestoneworkshoprequirement_pkey PRIMARY KEY (id);


--
-- Name: training_programpolicy training_programpolicy_pkey; Type: CONSTRAINT; Schema: public; Owner: sims_user
--

ALTER TABLE ONLY public.training_programpolicy
    ADD CONSTRAINT training_programpolicy_pkey PRIMARY KEY (id);


--
-- Name: training_programpolicy training_programpolicy_program_id_key; Type: CONSTRAINT; Schema: public; Owner: sims_user
--

ALTER TABLE ONLY public.training_programpolicy
    ADD CONSTRAINT training_programpolicy_program_id_key UNIQUE (program_id);


--
-- Name: training_programrotationtemplate_allowed_hospitals training_programrotation_programrotationtemplate__313423a7_uniq; Type: CONSTRAINT; Schema: public; Owner: sims_user
--

ALTER TABLE ONLY public.training_programrotationtemplate_allowed_hospitals
    ADD CONSTRAINT training_programrotation_programrotationtemplate__313423a7_uniq UNIQUE (programrotationtemplate_id, hospital_id);


--
-- Name: training_programrotationrequirement training_programrotationrequirement_pkey; Type: CONSTRAINT; Schema: public; Owner: sims_user
--

ALTER TABLE ONLY public.training_programrotationrequirement
    ADD CONSTRAINT training_programrotationrequirement_pkey PRIMARY KEY (id);


--
-- Name: training_programrotationtemplate_allowed_hospitals training_programrotationtemplate_allowed_hospitals_pkey; Type: CONSTRAINT; Schema: public; Owner: sims_user
--

ALTER TABLE ONLY public.training_programrotationtemplate_allowed_hospitals
    ADD CONSTRAINT training_programrotationtemplate_allowed_hospitals_pkey PRIMARY KEY (id);


--
-- Name: training_programrotationtemplate training_programrotationtemplate_pkey; Type: CONSTRAINT; Schema: public; Owner: sims_user
--

ALTER TABLE ONLY public.training_programrotationtemplate
    ADD CONSTRAINT training_programrotationtemplate_pkey PRIMARY KEY (id);


--
-- Name: training_residentmilestoneeligibility training_residentmilesto_resident_training_record_da51d860_uniq; Type: CONSTRAINT; Schema: public; Owner: sims_user
--

ALTER TABLE ONLY public.training_residentmilestoneeligibility
    ADD CONSTRAINT training_residentmilesto_resident_training_record_da51d860_uniq UNIQUE (resident_training_record_id, milestone_id);


--
-- Name: training_residentmilestoneeligibility training_residentmilestoneeligibility_pkey; Type: CONSTRAINT; Schema: public; Owner: sims_user
--

ALTER TABLE ONLY public.training_residentmilestoneeligibility
    ADD CONSTRAINT training_residentmilestoneeligibility_pkey PRIMARY KEY (id);


--
-- Name: training_residentresearchproject training_residentresearchprojec_resident_training_record_id_key; Type: CONSTRAINT; Schema: public; Owner: sims_user
--

ALTER TABLE ONLY public.training_residentresearchproject
    ADD CONSTRAINT training_residentresearchprojec_resident_training_record_id_key UNIQUE (resident_training_record_id);


--
-- Name: training_residentresearchproject training_residentresearchproject_pkey; Type: CONSTRAINT; Schema: public; Owner: sims_user
--

ALTER TABLE ONLY public.training_residentresearchproject
    ADD CONSTRAINT training_residentresearchproject_pkey PRIMARY KEY (id);


--
-- Name: training_residentsubmission training_residentsubmission_pkey; Type: CONSTRAINT; Schema: public; Owner: sims_user
--

ALTER TABLE ONLY public.training_residentsubmission
    ADD CONSTRAINT training_residentsubmission_pkey PRIMARY KEY (id);


--
-- Name: training_residentthesis training_residentthesis_pkey; Type: CONSTRAINT; Schema: public; Owner: sims_user
--

ALTER TABLE ONLY public.training_residentthesis
    ADD CONSTRAINT training_residentthesis_pkey PRIMARY KEY (id);


--
-- Name: training_residentthesis training_residentthesis_resident_training_record_id_key; Type: CONSTRAINT; Schema: public; Owner: sims_user
--

ALTER TABLE ONLY public.training_residentthesis
    ADD CONSTRAINT training_residentthesis_resident_training_record_id_key UNIQUE (resident_training_record_id);


--
-- Name: training_residenttrainingrecord training_residenttrainingrecord_pkey; Type: CONSTRAINT; Schema: public; Owner: sims_user
--

ALTER TABLE ONLY public.training_residenttrainingrecord
    ADD CONSTRAINT training_residenttrainingrecord_pkey PRIMARY KEY (id);


--
-- Name: training_residentworkshopcompletion training_residentworkshopcompletion_pkey; Type: CONSTRAINT; Schema: public; Owner: sims_user
--

ALTER TABLE ONLY public.training_residentworkshopcompletion
    ADD CONSTRAINT training_residentworkshopcompletion_pkey PRIMARY KEY (id);


--
-- Name: training_rotationassignment training_rotationassignment_pkey; Type: CONSTRAINT; Schema: public; Owner: sims_user
--

ALTER TABLE ONLY public.training_rotationassignment
    ADD CONSTRAINT training_rotationassignment_pkey PRIMARY KEY (id);


--
-- Name: training_rotationcertificate training_rotationcertificate_certificate_number_key; Type: CONSTRAINT; Schema: public; Owner: sims_user
--

ALTER TABLE ONLY public.training_rotationcertificate
    ADD CONSTRAINT training_rotationcertificate_certificate_number_key UNIQUE (certificate_number);


--
-- Name: training_rotationcertificate training_rotationcertificate_completion_id_key; Type: CONSTRAINT; Schema: public; Owner: sims_user
--

ALTER TABLE ONLY public.training_rotationcertificate
    ADD CONSTRAINT training_rotationcertificate_completion_id_key UNIQUE (completion_id);


--
-- Name: training_rotationcertificate training_rotationcertificate_pkey; Type: CONSTRAINT; Schema: public; Owner: sims_user
--

ALTER TABLE ONLY public.training_rotationcertificate
    ADD CONSTRAINT training_rotationcertificate_pkey PRIMARY KEY (id);


--
-- Name: training_rotationcompletion training_rotationcompletion_pkey; Type: CONSTRAINT; Schema: public; Owner: sims_user
--

ALTER TABLE ONLY public.training_rotationcompletion
    ADD CONSTRAINT training_rotationcompletion_pkey PRIMARY KEY (id);


--
-- Name: training_rotationcompletion training_rotationcompletion_rotation_id_key; Type: CONSTRAINT; Schema: public; Owner: sims_user
--

ALTER TABLE ONLY public.training_rotationcompletion
    ADD CONSTRAINT training_rotationcompletion_rotation_id_key UNIQUE (rotation_id);


--
-- Name: training_submissioncertificate training_submissioncertificate_certificate_number_key; Type: CONSTRAINT; Schema: public; Owner: sims_user
--

ALTER TABLE ONLY public.training_submissioncertificate
    ADD CONSTRAINT training_submissioncertificate_certificate_number_key UNIQUE (certificate_number);


--
-- Name: training_submissioncertificate training_submissioncertificate_pkey; Type: CONSTRAINT; Schema: public; Owner: sims_user
--

ALTER TABLE ONLY public.training_submissioncertificate
    ADD CONSTRAINT training_submissioncertificate_pkey PRIMARY KEY (id);


--
-- Name: training_submissioncertificate training_submissioncertificate_submission_id_key; Type: CONSTRAINT; Schema: public; Owner: sims_user
--

ALTER TABLE ONLY public.training_submissioncertificate
    ADD CONSTRAINT training_submissioncertificate_submission_id_key UNIQUE (submission_id);


--
-- Name: training_submissiondocument training_submissiondocument_pkey; Type: CONSTRAINT; Schema: public; Owner: sims_user
--

ALTER TABLE ONLY public.training_submissiondocument
    ADD CONSTRAINT training_submissiondocument_pkey PRIMARY KEY (id);


--
-- Name: training_submissionrequirementtemplate training_submissionrequirementtemplate_pkey; Type: CONSTRAINT; Schema: public; Owner: sims_user
--

ALTER TABLE ONLY public.training_submissionrequirementtemplate
    ADD CONSTRAINT training_submissionrequirementtemplate_pkey PRIMARY KEY (id);


--
-- Name: training_submissionreview training_submissionreview_pkey; Type: CONSTRAINT; Schema: public; Owner: sims_user
--

ALTER TABLE ONLY public.training_submissionreview
    ADD CONSTRAINT training_submissionreview_pkey PRIMARY KEY (id);


--
-- Name: training_trainingprogram training_trainingprogram_code_key; Type: CONSTRAINT; Schema: public; Owner: sims_user
--

ALTER TABLE ONLY public.training_trainingprogram
    ADD CONSTRAINT training_trainingprogram_code_key UNIQUE (code);


--
-- Name: training_trainingprogram training_trainingprogram_pkey; Type: CONSTRAINT; Schema: public; Owner: sims_user
--

ALTER TABLE ONLY public.training_trainingprogram
    ADD CONSTRAINT training_trainingprogram_pkey PRIMARY KEY (id);


--
-- Name: training_workshop training_workshop_code_key; Type: CONSTRAINT; Schema: public; Owner: sims_user
--

ALTER TABLE ONLY public.training_workshop
    ADD CONSTRAINT training_workshop_code_key UNIQUE (code);


--
-- Name: training_workshop training_workshop_pkey; Type: CONSTRAINT; Schema: public; Owner: sims_user
--

ALTER TABLE ONLY public.training_workshop
    ADD CONSTRAINT training_workshop_pkey PRIMARY KEY (id);


--
-- Name: training_workshopblock training_workshopblock_pkey; Type: CONSTRAINT; Schema: public; Owner: sims_user
--

ALTER TABLE ONLY public.training_workshopblock
    ADD CONSTRAINT training_workshopblock_pkey PRIMARY KEY (id);


--
-- Name: training_workshoprun training_workshoprun_pkey; Type: CONSTRAINT; Schema: public; Owner: sims_user
--

ALTER TABLE ONLY public.training_workshoprun
    ADD CONSTRAINT training_workshoprun_pkey PRIMARY KEY (id);


--
-- Name: rotations_hospitaldepartment uniq_hospital_department; Type: CONSTRAINT; Schema: public; Owner: sims_user
--

ALTER TABLE ONLY public.rotations_hospitaldepartment
    ADD CONSTRAINT uniq_hospital_department UNIQUE (hospital_id, department_id);


--
-- Name: training_programrotationrequirement uniq_program_rotation_requirement; Type: CONSTRAINT; Schema: public; Owner: sims_user
--

ALTER TABLE ONLY public.training_programrotationrequirement
    ADD CONSTRAINT uniq_program_rotation_requirement UNIQUE (program_id, department_id, sequence_order);


--
-- Name: training_residentsubmission uniq_submission_per_resident_type; Type: CONSTRAINT; Schema: public; Owner: sims_user
--

ALTER TABLE ONLY public.training_residentsubmission
    ADD CONSTRAINT uniq_submission_per_resident_type UNIQUE (resident_training_record_id, submission_type);


--
-- Name: training_submissionrequirementtemplate uniq_submission_requirement_template_scope; Type: CONSTRAINT; Schema: public; Owner: sims_user
--

ALTER TABLE ONLY public.training_submissionrequirementtemplate
    ADD CONSTRAINT uniq_submission_requirement_template_scope UNIQUE (submission_type, program_id, department_id, code);


--
-- Name: users_datacorrectionaudit users_datacorrectionaudit_pkey; Type: CONSTRAINT; Schema: public; Owner: sims_user
--

ALTER TABLE ONLY public.users_datacorrectionaudit
    ADD CONSTRAINT users_datacorrectionaudit_pkey PRIMARY KEY (id);


--
-- Name: users_departmentmembership users_departmentmembership_pkey; Type: CONSTRAINT; Schema: public; Owner: sims_user
--

ALTER TABLE ONLY public.users_departmentmembership
    ADD CONSTRAINT users_departmentmembership_pkey PRIMARY KEY (id);


--
-- Name: users_historicaluser users_historicaluser_pkey; Type: CONSTRAINT; Schema: public; Owner: sims_user
--

ALTER TABLE ONLY public.users_historicaluser
    ADD CONSTRAINT users_historicaluser_pkey PRIMARY KEY (history_id);


--
-- Name: users_hodassignment users_hodassignment_pkey; Type: CONSTRAINT; Schema: public; Owner: sims_user
--

ALTER TABLE ONLY public.users_hodassignment
    ADD CONSTRAINT users_hodassignment_pkey PRIMARY KEY (id);


--
-- Name: users_hospitalassignment users_hospitalassignment_pkey; Type: CONSTRAINT; Schema: public; Owner: sims_user
--

ALTER TABLE ONLY public.users_hospitalassignment
    ADD CONSTRAINT users_hospitalassignment_pkey PRIMARY KEY (id);


--
-- Name: users_residentprofile users_residentprofile_pkey; Type: CONSTRAINT; Schema: public; Owner: sims_user
--

ALTER TABLE ONLY public.users_residentprofile
    ADD CONSTRAINT users_residentprofile_pkey PRIMARY KEY (id);


--
-- Name: users_residentprofile users_residentprofile_user_id_key; Type: CONSTRAINT; Schema: public; Owner: sims_user
--

ALTER TABLE ONLY public.users_residentprofile
    ADD CONSTRAINT users_residentprofile_user_id_key UNIQUE (user_id);


--
-- Name: users_staffprofile users_staffprofile_pkey; Type: CONSTRAINT; Schema: public; Owner: sims_user
--

ALTER TABLE ONLY public.users_staffprofile
    ADD CONSTRAINT users_staffprofile_pkey PRIMARY KEY (id);


--
-- Name: users_staffprofile users_staffprofile_user_id_key; Type: CONSTRAINT; Schema: public; Owner: sims_user
--

ALTER TABLE ONLY public.users_staffprofile
    ADD CONSTRAINT users_staffprofile_user_id_key UNIQUE (user_id);


--
-- Name: users_supervisorresidentlink users_supervisorresidentlink_pkey; Type: CONSTRAINT; Schema: public; Owner: sims_user
--

ALTER TABLE ONLY public.users_supervisorresidentlink
    ADD CONSTRAINT users_supervisorresidentlink_pkey PRIMARY KEY (id);


--
-- Name: users_user_groups users_user_groups_pkey; Type: CONSTRAINT; Schema: public; Owner: sims_user
--

ALTER TABLE ONLY public.users_user_groups
    ADD CONSTRAINT users_user_groups_pkey PRIMARY KEY (id);


--
-- Name: users_user_groups users_user_groups_user_id_group_id_b88eab82_uniq; Type: CONSTRAINT; Schema: public; Owner: sims_user
--

ALTER TABLE ONLY public.users_user_groups
    ADD CONSTRAINT users_user_groups_user_id_group_id_b88eab82_uniq UNIQUE (user_id, group_id);


--
-- Name: users_user users_user_pkey; Type: CONSTRAINT; Schema: public; Owner: sims_user
--

ALTER TABLE ONLY public.users_user
    ADD CONSTRAINT users_user_pkey PRIMARY KEY (id);


--
-- Name: users_user_user_permissions users_user_user_permissions_pkey; Type: CONSTRAINT; Schema: public; Owner: sims_user
--

ALTER TABLE ONLY public.users_user_user_permissions
    ADD CONSTRAINT users_user_user_permissions_pkey PRIMARY KEY (id);


--
-- Name: users_user_user_permissions users_user_user_permissions_user_id_permission_id_43338c45_uniq; Type: CONSTRAINT; Schema: public; Owner: sims_user
--

ALTER TABLE ONLY public.users_user_user_permissions
    ADD CONSTRAINT users_user_user_permissions_user_id_permission_id_43338c45_uniq UNIQUE (user_id, permission_id);


--
-- Name: users_user users_user_username_key; Type: CONSTRAINT; Schema: public; Owner: sims_user
--

ALTER TABLE ONLY public.users_user
    ADD CONSTRAINT users_user_username_key UNIQUE (username);


--
-- Name: academics_b_active_3c7e78_idx; Type: INDEX; Schema: public; Owner: sims_user
--

CREATE INDEX academics_b_active_3c7e78_idx ON public.academics_batch USING btree (active);


--
-- Name: academics_b_program_d576e5_idx; Type: INDEX; Schema: public; Owner: sims_user
--

CREATE INDEX academics_b_program_d576e5_idx ON public.academics_batch USING btree (program);


--
-- Name: academics_b_start_d_675282_idx; Type: INDEX; Schema: public; Owner: sims_user
--

CREATE INDEX academics_b_start_d_675282_idx ON public.academics_batch USING btree (start_date, end_date);


--
-- Name: academics_batch_coordinator_id_ce0a7eed; Type: INDEX; Schema: public; Owner: sims_user
--

CREATE INDEX academics_batch_coordinator_id_ce0a7eed ON public.academics_batch USING btree (coordinator_id);


--
-- Name: academics_batch_department_id_a1b98575; Type: INDEX; Schema: public; Owner: sims_user
--

CREATE INDEX academics_batch_department_id_a1b98575 ON public.academics_batch USING btree (department_id);


--
-- Name: academics_d_active_9cf6ed_idx; Type: INDEX; Schema: public; Owner: sims_user
--

CREATE INDEX academics_d_active_9cf6ed_idx ON public.academics_department USING btree (active);


--
-- Name: academics_d_code_791f98_idx; Type: INDEX; Schema: public; Owner: sims_user
--

CREATE INDEX academics_d_code_791f98_idx ON public.academics_department USING btree (code);


--
-- Name: academics_department_code_e68a2c68_like; Type: INDEX; Schema: public; Owner: sims_user
--

CREATE INDEX academics_department_code_e68a2c68_like ON public.academics_department USING btree (code varchar_pattern_ops);


--
-- Name: academics_department_head_id_a0433f85; Type: INDEX; Schema: public; Owner: sims_user
--

CREATE INDEX academics_department_head_id_a0433f85 ON public.academics_department USING btree (head_id);


--
-- Name: academics_department_name_2e89c541_like; Type: INDEX; Schema: public; Owner: sims_user
--

CREATE INDEX academics_department_name_2e89c541_like ON public.academics_department USING btree (name varchar_pattern_ops);


--
-- Name: academics_s_admissi_8121ce_idx; Type: INDEX; Schema: public; Owner: sims_user
--

CREATE INDEX academics_s_admissi_8121ce_idx ON public.academics_studentprofile USING btree (admission_date);


--
-- Name: academics_s_batch_i_0549b2_idx; Type: INDEX; Schema: public; Owner: sims_user
--

CREATE INDEX academics_s_batch_i_0549b2_idx ON public.academics_studentprofile USING btree (batch_id);


--
-- Name: academics_s_roll_nu_ebdcb9_idx; Type: INDEX; Schema: public; Owner: sims_user
--

CREATE INDEX academics_s_roll_nu_ebdcb9_idx ON public.academics_studentprofile USING btree (roll_number);


--
-- Name: academics_s_status_9f57db_idx; Type: INDEX; Schema: public; Owner: sims_user
--

CREATE INDEX academics_s_status_9f57db_idx ON public.academics_studentprofile USING btree (status);


--
-- Name: academics_studentprofile_batch_id_d2ed370c; Type: INDEX; Schema: public; Owner: sims_user
--

CREATE INDEX academics_studentprofile_batch_id_d2ed370c ON public.academics_studentprofile USING btree (batch_id);


--
-- Name: academics_studentprofile_roll_number_cf5a7161_like; Type: INDEX; Schema: public; Owner: sims_user
--

CREATE INDEX academics_studentprofile_roll_number_cf5a7161_like ON public.academics_studentprofile USING btree (roll_number varchar_pattern_ops);


--
-- Name: audit_activ_action_259cfa_idx; Type: INDEX; Schema: public; Owner: sims_user
--

CREATE INDEX audit_activ_action_259cfa_idx ON public.audit_activitylog USING btree (action);


--
-- Name: audit_activ_actor_i_5122be_idx; Type: INDEX; Schema: public; Owner: sims_user
--

CREATE INDEX audit_activ_actor_i_5122be_idx ON public.audit_activitylog USING btree (actor_id, created_at);


--
-- Name: audit_activ_created_7a5871_idx; Type: INDEX; Schema: public; Owner: sims_user
--

CREATE INDEX audit_activ_created_7a5871_idx ON public.audit_activitylog USING btree (created_at);


--
-- Name: audit_activ_is_sens_ea4a67_idx; Type: INDEX; Schema: public; Owner: sims_user
--

CREATE INDEX audit_activ_is_sens_ea4a67_idx ON public.audit_activitylog USING btree (is_sensitive);


--
-- Name: audit_activitylog_actor_id_d9142f81; Type: INDEX; Schema: public; Owner: sims_user
--

CREATE INDEX audit_activitylog_actor_id_d9142f81 ON public.audit_activitylog USING btree (actor_id);


--
-- Name: audit_activitylog_created_at_302c2837; Type: INDEX; Schema: public; Owner: sims_user
--

CREATE INDEX audit_activitylog_created_at_302c2837 ON public.audit_activitylog USING btree (created_at);


--
-- Name: audit_activitylog_target_content_type_id_860f64ca; Type: INDEX; Schema: public; Owner: sims_user
--

CREATE INDEX audit_activitylog_target_content_type_id_860f64ca ON public.audit_activitylog USING btree (target_content_type_id);


--
-- Name: audit_auditreport_created_by_id_856e1580; Type: INDEX; Schema: public; Owner: sims_user
--

CREATE INDEX audit_auditreport_created_by_id_856e1580 ON public.audit_auditreport USING btree (created_by_id);


--
-- Name: audit_historicalauditreport_created_by_id_885d6a01; Type: INDEX; Schema: public; Owner: sims_user
--

CREATE INDEX audit_historicalauditreport_created_by_id_885d6a01 ON public.audit_historicalauditreport USING btree (created_by_id);


--
-- Name: audit_historicalauditreport_history_date_00a2f3f3; Type: INDEX; Schema: public; Owner: sims_user
--

CREATE INDEX audit_historicalauditreport_history_date_00a2f3f3 ON public.audit_historicalauditreport USING btree (history_date);


--
-- Name: audit_historicalauditreport_history_user_id_6c6539d3; Type: INDEX; Schema: public; Owner: sims_user
--

CREATE INDEX audit_historicalauditreport_history_user_id_6c6539d3 ON public.audit_historicalauditreport USING btree (history_user_id);


--
-- Name: audit_historicalauditreport_id_25a96f62; Type: INDEX; Schema: public; Owner: sims_user
--

CREATE INDEX audit_historicalauditreport_id_25a96f62 ON public.audit_historicalauditreport USING btree (id);


--
-- Name: auth_group_name_a6ea08ec_like; Type: INDEX; Schema: public; Owner: sims_user
--

CREATE INDEX auth_group_name_a6ea08ec_like ON public.auth_group USING btree (name varchar_pattern_ops);


--
-- Name: auth_group_permissions_group_id_b120cbf9; Type: INDEX; Schema: public; Owner: sims_user
--

CREATE INDEX auth_group_permissions_group_id_b120cbf9 ON public.auth_group_permissions USING btree (group_id);


--
-- Name: auth_group_permissions_permission_id_84c5c92e; Type: INDEX; Schema: public; Owner: sims_user
--

CREATE INDEX auth_group_permissions_permission_id_84c5c92e ON public.auth_group_permissions USING btree (permission_id);


--
-- Name: auth_permission_content_type_id_2f476e4b; Type: INDEX; Schema: public; Owner: sims_user
--

CREATE INDEX auth_permission_content_type_id_2f476e4b ON public.auth_permission USING btree (content_type_id);


--
-- Name: bulk_bulkop_operati_225b06_idx; Type: INDEX; Schema: public; Owner: sims_user
--

CREATE INDEX bulk_bulkop_operati_225b06_idx ON public.bulk_bulkoperation USING btree (operation, created_at);


--
-- Name: bulk_bulkop_user_id_55fa0c_idx; Type: INDEX; Schema: public; Owner: sims_user
--

CREATE INDEX bulk_bulkop_user_id_55fa0c_idx ON public.bulk_bulkoperation USING btree (user_id, created_at);


--
-- Name: bulk_bulkoperation_user_id_82c668ce; Type: INDEX; Schema: public; Owner: sims_user
--

CREATE INDEX bulk_bulkoperation_user_id_82c668ce ON public.bulk_bulkoperation USING btree (user_id);


--
-- Name: django_admin_log_content_type_id_c4bce8eb; Type: INDEX; Schema: public; Owner: sims_user
--

CREATE INDEX django_admin_log_content_type_id_c4bce8eb ON public.django_admin_log USING btree (content_type_id);


--
-- Name: django_admin_log_user_id_c564eba6; Type: INDEX; Schema: public; Owner: sims_user
--

CREATE INDEX django_admin_log_user_id_c564eba6 ON public.django_admin_log USING btree (user_id);


--
-- Name: django_celery_beat_periodictask_clocked_id_47a69f82; Type: INDEX; Schema: public; Owner: sims_user
--

CREATE INDEX django_celery_beat_periodictask_clocked_id_47a69f82 ON public.django_celery_beat_periodictask USING btree (clocked_id);


--
-- Name: django_celery_beat_periodictask_crontab_id_d3cba168; Type: INDEX; Schema: public; Owner: sims_user
--

CREATE INDEX django_celery_beat_periodictask_crontab_id_d3cba168 ON public.django_celery_beat_periodictask USING btree (crontab_id);


--
-- Name: django_celery_beat_periodictask_interval_id_a8ca27da; Type: INDEX; Schema: public; Owner: sims_user
--

CREATE INDEX django_celery_beat_periodictask_interval_id_a8ca27da ON public.django_celery_beat_periodictask USING btree (interval_id);


--
-- Name: django_celery_beat_periodictask_name_265a36b7_like; Type: INDEX; Schema: public; Owner: sims_user
--

CREATE INDEX django_celery_beat_periodictask_name_265a36b7_like ON public.django_celery_beat_periodictask USING btree (name varchar_pattern_ops);


--
-- Name: django_celery_beat_periodictask_solar_id_a87ce72c; Type: INDEX; Schema: public; Owner: sims_user
--

CREATE INDEX django_celery_beat_periodictask_solar_id_a87ce72c ON public.django_celery_beat_periodictask USING btree (solar_id);


--
-- Name: django_session_expire_date_a5c62663; Type: INDEX; Schema: public; Owner: sims_user
--

CREATE INDEX django_session_expire_date_a5c62663 ON public.django_session USING btree (expire_date);


--
-- Name: django_session_session_key_c0390e0f_like; Type: INDEX; Schema: public; Owner: sims_user
--

CREATE INDEX django_session_session_key_c0390e0f_like ON public.django_session USING btree (session_key varchar_pattern_ops);


--
-- Name: notificatio_channel_428142_idx; Type: INDEX; Schema: public; Owner: sims_user
--

CREATE INDEX notificatio_channel_428142_idx ON public.notifications_notification USING btree (channel, created_at);


--
-- Name: notificatio_read_at_6329f9_idx; Type: INDEX; Schema: public; Owner: sims_user
--

CREATE INDEX notificatio_read_at_6329f9_idx ON public.notifications_notification USING btree (read_at);


--
-- Name: notificatio_recipie_f39341_idx; Type: INDEX; Schema: public; Owner: sims_user
--

CREATE INDEX notificatio_recipie_f39341_idx ON public.notifications_notification USING btree (recipient_id, created_at);


--
-- Name: notifications_notification_actor_id_ec6170c3; Type: INDEX; Schema: public; Owner: sims_user
--

CREATE INDEX notifications_notification_actor_id_ec6170c3 ON public.notifications_notification USING btree (actor_id);


--
-- Name: notifications_notification_recipient_id_d055f3f0; Type: INDEX; Schema: public; Owner: sims_user
--

CREATE INDEX notifications_notification_recipient_id_d055f3f0 ON public.notifications_notification USING btree (recipient_id);


--
-- Name: rotations_h_hospita_21d705_idx; Type: INDEX; Schema: public; Owner: sims_user
--

CREATE INDEX rotations_h_hospita_21d705_idx ON public.rotations_hospitaldepartment USING btree (hospital_id, department_id);


--
-- Name: rotations_h_is_acti_274d00_idx; Type: INDEX; Schema: public; Owner: sims_user
--

CREATE INDEX rotations_h_is_acti_274d00_idx ON public.rotations_hospital USING btree (is_active);


--
-- Name: rotations_h_is_acti_41b6c1_idx; Type: INDEX; Schema: public; Owner: sims_user
--

CREATE INDEX rotations_h_is_acti_41b6c1_idx ON public.rotations_hospitaldepartment USING btree (is_active);


--
-- Name: rotations_h_name_685955_idx; Type: INDEX; Schema: public; Owner: sims_user
--

CREATE INDEX rotations_h_name_685955_idx ON public.rotations_hospital USING btree (name);


--
-- Name: rotations_hospital_code_ab419b2f_like; Type: INDEX; Schema: public; Owner: sims_user
--

CREATE INDEX rotations_hospital_code_ab419b2f_like ON public.rotations_hospital USING btree (code varchar_pattern_ops);


--
-- Name: rotations_hospitaldepartment_department_id_8a1c98f7; Type: INDEX; Schema: public; Owner: sims_user
--

CREATE INDEX rotations_hospitaldepartment_department_id_8a1c98f7 ON public.rotations_hospitaldepartment USING btree (department_id);


--
-- Name: rotations_hospitaldepartment_hospital_id_7df2949c; Type: INDEX; Schema: public; Owner: sims_user
--

CREATE INDEX rotations_hospitaldepartment_hospital_id_7df2949c ON public.rotations_hospitaldepartment USING btree (hospital_id);


--
-- Name: training_deputationposting_approved_by_id_9acbe3b0; Type: INDEX; Schema: public; Owner: sims_user
--

CREATE INDEX training_deputationposting_approved_by_id_9acbe3b0 ON public.training_deputationposting USING btree (approved_by_id);


--
-- Name: training_deputationposting_resident_training_id_290f65dd; Type: INDEX; Schema: public; Owner: sims_user
--

CREATE INDEX training_deputationposting_resident_training_id_290f65dd ON public.training_deputationposting USING btree (resident_training_id);


--
-- Name: training_historicaldeputat_resident_training_id_28eab75d; Type: INDEX; Schema: public; Owner: sims_user
--

CREATE INDEX training_historicaldeputat_resident_training_id_28eab75d ON public.training_historicaldeputationposting USING btree (resident_training_id);


--
-- Name: training_historicaldeputationposting_approved_by_id_bc19de85; Type: INDEX; Schema: public; Owner: sims_user
--

CREATE INDEX training_historicaldeputationposting_approved_by_id_bc19de85 ON public.training_historicaldeputationposting USING btree (approved_by_id);


--
-- Name: training_historicaldeputationposting_history_date_b2522d38; Type: INDEX; Schema: public; Owner: sims_user
--

CREATE INDEX training_historicaldeputationposting_history_date_b2522d38 ON public.training_historicaldeputationposting USING btree (history_date);


--
-- Name: training_historicaldeputationposting_history_user_id_15cec6d9; Type: INDEX; Schema: public; Owner: sims_user
--

CREATE INDEX training_historicaldeputationposting_history_user_id_15cec6d9 ON public.training_historicaldeputationposting USING btree (history_user_id);


--
-- Name: training_historicaldeputationposting_id_11851b68; Type: INDEX; Schema: public; Owner: sims_user
--

CREATE INDEX training_historicaldeputationposting_id_11851b68 ON public.training_historicaldeputationposting USING btree (id);


--
-- Name: training_historicalleaverequest_approved_by_id_9f29fe27; Type: INDEX; Schema: public; Owner: sims_user
--

CREATE INDEX training_historicalleaverequest_approved_by_id_9f29fe27 ON public.training_historicalleaverequest USING btree (approved_by_id);


--
-- Name: training_historicalleaverequest_history_date_2b3872dc; Type: INDEX; Schema: public; Owner: sims_user
--

CREATE INDEX training_historicalleaverequest_history_date_2b3872dc ON public.training_historicalleaverequest USING btree (history_date);


--
-- Name: training_historicalleaverequest_history_user_id_5cf7cf96; Type: INDEX; Schema: public; Owner: sims_user
--

CREATE INDEX training_historicalleaverequest_history_user_id_5cf7cf96 ON public.training_historicalleaverequest USING btree (history_user_id);


--
-- Name: training_historicalleaverequest_id_2f2dce8f; Type: INDEX; Schema: public; Owner: sims_user
--

CREATE INDEX training_historicalleaverequest_id_2f2dce8f ON public.training_historicalleaverequest USING btree (id);


--
-- Name: training_historicalleaverequest_resident_training_id_86e39c86; Type: INDEX; Schema: public; Owner: sims_user
--

CREATE INDEX training_historicalleaverequest_resident_training_id_86e39c86 ON public.training_historicalleaverequest USING btree (resident_training_id);


--
-- Name: training_historicallogbook_configured_by_id_221cc646; Type: INDEX; Schema: public; Owner: sims_user
--

CREATE INDEX training_historicallogbook_configured_by_id_221cc646 ON public.training_historicallogbookthresholdconfig USING btree (configured_by_id);


--
-- Name: training_historicallogbook_department_id_bb882877; Type: INDEX; Schema: public; Owner: sims_user
--

CREATE INDEX training_historicallogbook_department_id_bb882877 ON public.training_historicallogbookthresholdconfig USING btree (department_id);


--
-- Name: training_historicallogbook_history_user_id_707752f2; Type: INDEX; Schema: public; Owner: sims_user
--

CREATE INDEX training_historicallogbook_history_user_id_707752f2 ON public.training_historicallogbookthresholdconfig USING btree (history_user_id);


--
-- Name: training_historicallogbook_resident_training_record_i_1b31e656; Type: INDEX; Schema: public; Owner: sims_user
--

CREATE INDEX training_historicallogbook_resident_training_record_i_1b31e656 ON public.training_historicallogbookentry USING btree (resident_training_record_id);


--
-- Name: training_historicallogbookentry_created_by_id_5f9c6768; Type: INDEX; Schema: public; Owner: sims_user
--

CREATE INDEX training_historicallogbookentry_created_by_id_5f9c6768 ON public.training_historicallogbookentry USING btree (created_by_id);


--
-- Name: training_historicallogbookentry_history_date_3f66cb51; Type: INDEX; Schema: public; Owner: sims_user
--

CREATE INDEX training_historicallogbookentry_history_date_3f66cb51 ON public.training_historicallogbookentry USING btree (history_date);


--
-- Name: training_historicallogbookentry_history_user_id_8f99c8d4; Type: INDEX; Schema: public; Owner: sims_user
--

CREATE INDEX training_historicallogbookentry_history_user_id_8f99c8d4 ON public.training_historicallogbookentry USING btree (history_user_id);


--
-- Name: training_historicallogbookentry_id_30f59d08; Type: INDEX; Schema: public; Owner: sims_user
--

CREATE INDEX training_historicallogbookentry_id_30f59d08 ON public.training_historicallogbookentry USING btree (id);


--
-- Name: training_historicallogbookentry_reviewed_by_id_30bc3d98; Type: INDEX; Schema: public; Owner: sims_user
--

CREATE INDEX training_historicallogbookentry_reviewed_by_id_30bc3d98 ON public.training_historicallogbookentry USING btree (reviewed_by_id);


--
-- Name: training_historicallogbookentry_rotation_assignment_id_36b32767; Type: INDEX; Schema: public; Owner: sims_user
--

CREATE INDEX training_historicallogbookentry_rotation_assignment_id_36b32767 ON public.training_historicallogbookentry USING btree (rotation_assignment_id);


--
-- Name: training_historicallogbookreview_entry_id_4f164b87; Type: INDEX; Schema: public; Owner: sims_user
--

CREATE INDEX training_historicallogbookreview_entry_id_4f164b87 ON public.training_historicallogbookreview USING btree (entry_id);


--
-- Name: training_historicallogbookreview_history_date_a04aa54d; Type: INDEX; Schema: public; Owner: sims_user
--

CREATE INDEX training_historicallogbookreview_history_date_a04aa54d ON public.training_historicallogbookreview USING btree (history_date);


--
-- Name: training_historicallogbookreview_history_user_id_e98cb07a; Type: INDEX; Schema: public; Owner: sims_user
--

CREATE INDEX training_historicallogbookreview_history_user_id_e98cb07a ON public.training_historicallogbookreview USING btree (history_user_id);


--
-- Name: training_historicallogbookreview_id_ce2fe6c7; Type: INDEX; Schema: public; Owner: sims_user
--

CREATE INDEX training_historicallogbookreview_id_ce2fe6c7 ON public.training_historicallogbookreview USING btree (id);


--
-- Name: training_historicallogbookreview_reviewer_id_0cbef8ad; Type: INDEX; Schema: public; Owner: sims_user
--

CREATE INDEX training_historicallogbookreview_reviewer_id_0cbef8ad ON public.training_historicallogbookreview USING btree (reviewer_id);


--
-- Name: training_historicallogbookthresholdconfig_history_date_ae0d2269; Type: INDEX; Schema: public; Owner: sims_user
--

CREATE INDEX training_historicallogbookthresholdconfig_history_date_ae0d2269 ON public.training_historicallogbookthresholdconfig USING btree (history_date);


--
-- Name: training_historicallogbookthresholdconfig_id_2983330b; Type: INDEX; Schema: public; Owner: sims_user
--

CREATE INDEX training_historicallogbookthresholdconfig_id_2983330b ON public.training_historicallogbookthresholdconfig USING btree (id);


--
-- Name: training_historicallogbookthresholdconfig_program_id_632d95d0; Type: INDEX; Schema: public; Owner: sims_user
--

CREATE INDEX training_historicallogbookthresholdconfig_program_id_632d95d0 ON public.training_historicallogbookthresholdconfig USING btree (program_id);


--
-- Name: training_historicalprogram_department_id_2e41ac46; Type: INDEX; Schema: public; Owner: sims_user
--

CREATE INDEX training_historicalprogram_department_id_2e41ac46 ON public.training_historicalprogramrotationrequirement USING btree (department_id);


--
-- Name: training_historicalprogram_department_id_6a6894ec; Type: INDEX; Schema: public; Owner: sims_user
--

CREATE INDEX training_historicalprogram_department_id_6a6894ec ON public.training_historicalprogramrotationtemplate USING btree (department_id);


--
-- Name: training_historicalprogram_history_date_12f271ba; Type: INDEX; Schema: public; Owner: sims_user
--

CREATE INDEX training_historicalprogram_history_date_12f271ba ON public.training_historicalprogrammilestonelogbookrequirement USING btree (history_date);


--
-- Name: training_historicalprogram_history_date_416c4242; Type: INDEX; Schema: public; Owner: sims_user
--

CREATE INDEX training_historicalprogram_history_date_416c4242 ON public.training_historicalprogrammilestoneworkshoprequirement USING btree (history_date);


--
-- Name: training_historicalprogram_history_date_66ec9acd; Type: INDEX; Schema: public; Owner: sims_user
--

CREATE INDEX training_historicalprogram_history_date_66ec9acd ON public.training_historicalprogramrotationrequirement USING btree (history_date);


--
-- Name: training_historicalprogram_history_date_b170c592; Type: INDEX; Schema: public; Owner: sims_user
--

CREATE INDEX training_historicalprogram_history_date_b170c592 ON public.training_historicalprogramrotationtemplate USING btree (history_date);


--
-- Name: training_historicalprogram_history_date_d9bed07a; Type: INDEX; Schema: public; Owner: sims_user
--

CREATE INDEX training_historicalprogram_history_date_d9bed07a ON public.training_historicalprogrammilestoneresearchrequirement USING btree (history_date);


--
-- Name: training_historicalprogram_history_user_id_0d5046f7; Type: INDEX; Schema: public; Owner: sims_user
--

CREATE INDEX training_historicalprogram_history_user_id_0d5046f7 ON public.training_historicalprogrammilestoneresearchrequirement USING btree (history_user_id);


--
-- Name: training_historicalprogram_history_user_id_3f8fb37a; Type: INDEX; Schema: public; Owner: sims_user
--

CREATE INDEX training_historicalprogram_history_user_id_3f8fb37a ON public.training_historicalprogrammilestonelogbookrequirement USING btree (history_user_id);


--
-- Name: training_historicalprogram_history_user_id_56718fe2; Type: INDEX; Schema: public; Owner: sims_user
--

CREATE INDEX training_historicalprogram_history_user_id_56718fe2 ON public.training_historicalprogramrotationtemplate USING btree (history_user_id);


--
-- Name: training_historicalprogram_history_user_id_a367953d; Type: INDEX; Schema: public; Owner: sims_user
--

CREATE INDEX training_historicalprogram_history_user_id_a367953d ON public.training_historicalprogramrotationrequirement USING btree (history_user_id);


--
-- Name: training_historicalprogram_history_user_id_eeb83054; Type: INDEX; Schema: public; Owner: sims_user
--

CREATE INDEX training_historicalprogram_history_user_id_eeb83054 ON public.training_historicalprogrammilestoneworkshoprequirement USING btree (history_user_id);


--
-- Name: training_historicalprogram_id_6ea52977; Type: INDEX; Schema: public; Owner: sims_user
--

CREATE INDEX training_historicalprogram_id_6ea52977 ON public.training_historicalprogrammilestoneworkshoprequirement USING btree (id);


--
-- Name: training_historicalprogram_id_baebbee1; Type: INDEX; Schema: public; Owner: sims_user
--

CREATE INDEX training_historicalprogram_id_baebbee1 ON public.training_historicalprogrammilestonelogbookrequirement USING btree (id);


--
-- Name: training_historicalprogram_id_d448eab2; Type: INDEX; Schema: public; Owner: sims_user
--

CREATE INDEX training_historicalprogram_id_d448eab2 ON public.training_historicalprogrammilestoneresearchrequirement USING btree (id);


--
-- Name: training_historicalprogram_milestone_id_625d68a6; Type: INDEX; Schema: public; Owner: sims_user
--

CREATE INDEX training_historicalprogram_milestone_id_625d68a6 ON public.training_historicalprogrammilestonelogbookrequirement USING btree (milestone_id);


--
-- Name: training_historicalprogram_milestone_id_dd62fcce; Type: INDEX; Schema: public; Owner: sims_user
--

CREATE INDEX training_historicalprogram_milestone_id_dd62fcce ON public.training_historicalprogrammilestoneresearchrequirement USING btree (milestone_id);


--
-- Name: training_historicalprogram_milestone_id_e15bb47c; Type: INDEX; Schema: public; Owner: sims_user
--

CREATE INDEX training_historicalprogram_milestone_id_e15bb47c ON public.training_historicalprogrammilestoneworkshoprequirement USING btree (milestone_id);


--
-- Name: training_historicalprogram_program_id_d2eb39cf; Type: INDEX; Schema: public; Owner: sims_user
--

CREATE INDEX training_historicalprogram_program_id_d2eb39cf ON public.training_historicalprogramrotationrequirement USING btree (program_id);


--
-- Name: training_historicalprogram_workshop_id_dc224f04; Type: INDEX; Schema: public; Owner: sims_user
--

CREATE INDEX training_historicalprogram_workshop_id_dc224f04 ON public.training_historicalprogrammilestoneworkshoprequirement USING btree (workshop_id);


--
-- Name: training_historicalprogrammilestone_history_date_0ceb6b47; Type: INDEX; Schema: public; Owner: sims_user
--

CREATE INDEX training_historicalprogrammilestone_history_date_0ceb6b47 ON public.training_historicalprogrammilestone USING btree (history_date);


--
-- Name: training_historicalprogrammilestone_history_user_id_3cd28bc0; Type: INDEX; Schema: public; Owner: sims_user
--

CREATE INDEX training_historicalprogrammilestone_history_user_id_3cd28bc0 ON public.training_historicalprogrammilestone USING btree (history_user_id);


--
-- Name: training_historicalprogrammilestone_id_b21d31f0; Type: INDEX; Schema: public; Owner: sims_user
--

CREATE INDEX training_historicalprogrammilestone_id_b21d31f0 ON public.training_historicalprogrammilestone USING btree (id);


--
-- Name: training_historicalprogrammilestone_program_id_e857f4e9; Type: INDEX; Schema: public; Owner: sims_user
--

CREATE INDEX training_historicalprogrammilestone_program_id_e857f4e9 ON public.training_historicalprogrammilestone USING btree (program_id);


--
-- Name: training_historicalprogrampolicy_history_date_626a10f0; Type: INDEX; Schema: public; Owner: sims_user
--

CREATE INDEX training_historicalprogrampolicy_history_date_626a10f0 ON public.training_historicalprogrampolicy USING btree (history_date);


--
-- Name: training_historicalprogrampolicy_history_user_id_c171c0a9; Type: INDEX; Schema: public; Owner: sims_user
--

CREATE INDEX training_historicalprogrampolicy_history_user_id_c171c0a9 ON public.training_historicalprogrampolicy USING btree (history_user_id);


--
-- Name: training_historicalprogrampolicy_id_ed81b4b2; Type: INDEX; Schema: public; Owner: sims_user
--

CREATE INDEX training_historicalprogrampolicy_id_ed81b4b2 ON public.training_historicalprogrampolicy USING btree (id);


--
-- Name: training_historicalprogrampolicy_program_id_ee7e2222; Type: INDEX; Schema: public; Owner: sims_user
--

CREATE INDEX training_historicalprogrampolicy_program_id_ee7e2222 ON public.training_historicalprogrampolicy USING btree (program_id);


--
-- Name: training_historicalprogramrotationrequirement_id_08f62498; Type: INDEX; Schema: public; Owner: sims_user
--

CREATE INDEX training_historicalprogramrotationrequirement_id_08f62498 ON public.training_historicalprogramrotationrequirement USING btree (id);


--
-- Name: training_historicalprogramrotationtemplate_id_85de0100; Type: INDEX; Schema: public; Owner: sims_user
--

CREATE INDEX training_historicalprogramrotationtemplate_id_85de0100 ON public.training_historicalprogramrotationtemplate USING btree (id);


--
-- Name: training_historicalprogramrotationtemplate_program_id_1df39746; Type: INDEX; Schema: public; Owner: sims_user
--

CREATE INDEX training_historicalprogramrotationtemplate_program_id_1df39746 ON public.training_historicalprogramrotationtemplate USING btree (program_id);


--
-- Name: training_historicalresiden_created_by_id_1ed6334e; Type: INDEX; Schema: public; Owner: sims_user
--

CREATE INDEX training_historicalresiden_created_by_id_1ed6334e ON public.training_historicalresidenttrainingrecord USING btree (created_by_id);


--
-- Name: training_historicalresiden_history_date_93e826a5; Type: INDEX; Schema: public; Owner: sims_user
--

CREATE INDEX training_historicalresiden_history_date_93e826a5 ON public.training_historicalresidentresearchproject USING btree (history_date);


--
-- Name: training_historicalresiden_history_date_9af9c25d; Type: INDEX; Schema: public; Owner: sims_user
--

CREATE INDEX training_historicalresiden_history_date_9af9c25d ON public.training_historicalresidentworkshopcompletion USING btree (history_date);


--
-- Name: training_historicalresiden_history_user_id_8f8eecf3; Type: INDEX; Schema: public; Owner: sims_user
--

CREATE INDEX training_historicalresiden_history_user_id_8f8eecf3 ON public.training_historicalresidenttrainingrecord USING btree (history_user_id);


--
-- Name: training_historicalresiden_history_user_id_a50ed693; Type: INDEX; Schema: public; Owner: sims_user
--

CREATE INDEX training_historicalresiden_history_user_id_a50ed693 ON public.training_historicalresidentworkshopcompletion USING btree (history_user_id);


--
-- Name: training_historicalresiden_history_user_id_c9355d63; Type: INDEX; Schema: public; Owner: sims_user
--

CREATE INDEX training_historicalresiden_history_user_id_c9355d63 ON public.training_historicalresidentresearchproject USING btree (history_user_id);


--
-- Name: training_historicalresiden_resident_training_record_i_01e24dfc; Type: INDEX; Schema: public; Owner: sims_user
--

CREATE INDEX training_historicalresiden_resident_training_record_i_01e24dfc ON public.training_historicalresidentthesis USING btree (resident_training_record_id);


--
-- Name: training_historicalresiden_resident_training_record_i_355782bd; Type: INDEX; Schema: public; Owner: sims_user
--

CREATE INDEX training_historicalresiden_resident_training_record_i_355782bd ON public.training_historicalresidentworkshopcompletion USING btree (resident_training_record_id);


--
-- Name: training_historicalresiden_resident_training_record_i_5907b65b; Type: INDEX; Schema: public; Owner: sims_user
--

CREATE INDEX training_historicalresiden_resident_training_record_i_5907b65b ON public.training_historicalresidentsubmission USING btree (resident_training_record_id);


--
-- Name: training_historicalresiden_resident_training_record_i_8b142c36; Type: INDEX; Schema: public; Owner: sims_user
--

CREATE INDEX training_historicalresiden_resident_training_record_i_8b142c36 ON public.training_historicalresidentresearchproject USING btree (resident_training_record_id);


--
-- Name: training_historicalresiden_resident_user_id_f0a1e643; Type: INDEX; Schema: public; Owner: sims_user
--

CREATE INDEX training_historicalresiden_resident_user_id_f0a1e643 ON public.training_historicalresidenttrainingrecord USING btree (resident_user_id);


--
-- Name: training_historicalresiden_supervisor_id_9569a0e1; Type: INDEX; Schema: public; Owner: sims_user
--

CREATE INDEX training_historicalresiden_supervisor_id_9569a0e1 ON public.training_historicalresidentresearchproject USING btree (supervisor_id);


--
-- Name: training_historicalresiden_workshop_id_20b62a62; Type: INDEX; Schema: public; Owner: sims_user
--

CREATE INDEX training_historicalresiden_workshop_id_20b62a62 ON public.training_historicalresidentworkshopcompletion USING btree (workshop_id);


--
-- Name: training_historicalresiden_workshop_run_id_a404daf3; Type: INDEX; Schema: public; Owner: sims_user
--

CREATE INDEX training_historicalresiden_workshop_run_id_a404daf3 ON public.training_historicalresidentworkshopcompletion USING btree (workshop_run_id);


--
-- Name: training_historicalresidentresearchproject_id_0882359c; Type: INDEX; Schema: public; Owner: sims_user
--

CREATE INDEX training_historicalresidentresearchproject_id_0882359c ON public.training_historicalresidentresearchproject USING btree (id);


--
-- Name: training_historicalresidentsubmission_history_date_a5aff9e4; Type: INDEX; Schema: public; Owner: sims_user
--

CREATE INDEX training_historicalresidentsubmission_history_date_a5aff9e4 ON public.training_historicalresidentsubmission USING btree (history_date);


--
-- Name: training_historicalresidentsubmission_history_user_id_a3649abd; Type: INDEX; Schema: public; Owner: sims_user
--

CREATE INDEX training_historicalresidentsubmission_history_user_id_a3649abd ON public.training_historicalresidentsubmission USING btree (history_user_id);


--
-- Name: training_historicalresidentsubmission_id_ce2aeb6a; Type: INDEX; Schema: public; Owner: sims_user
--

CREATE INDEX training_historicalresidentsubmission_id_ce2aeb6a ON public.training_historicalresidentsubmission USING btree (id);


--
-- Name: training_historicalresidentsubmission_reviewed_by_id_639c05fa; Type: INDEX; Schema: public; Owner: sims_user
--

CREATE INDEX training_historicalresidentsubmission_reviewed_by_id_639c05fa ON public.training_historicalresidentsubmission USING btree (reviewed_by_id);


--
-- Name: training_historicalresidentthesis_history_date_2efddbbd; Type: INDEX; Schema: public; Owner: sims_user
--

CREATE INDEX training_historicalresidentthesis_history_date_2efddbbd ON public.training_historicalresidentthesis USING btree (history_date);


--
-- Name: training_historicalresidentthesis_history_user_id_8bdde690; Type: INDEX; Schema: public; Owner: sims_user
--

CREATE INDEX training_historicalresidentthesis_history_user_id_8bdde690 ON public.training_historicalresidentthesis USING btree (history_user_id);


--
-- Name: training_historicalresidentthesis_id_d0b79f92; Type: INDEX; Schema: public; Owner: sims_user
--

CREATE INDEX training_historicalresidentthesis_id_d0b79f92 ON public.training_historicalresidentthesis USING btree (id);


--
-- Name: training_historicalresidenttrainingrecord_history_date_8eb160e6; Type: INDEX; Schema: public; Owner: sims_user
--

CREATE INDEX training_historicalresidenttrainingrecord_history_date_8eb160e6 ON public.training_historicalresidenttrainingrecord USING btree (history_date);


--
-- Name: training_historicalresidenttrainingrecord_id_a33273d3; Type: INDEX; Schema: public; Owner: sims_user
--

CREATE INDEX training_historicalresidenttrainingrecord_id_a33273d3 ON public.training_historicalresidenttrainingrecord USING btree (id);


--
-- Name: training_historicalresidenttrainingrecord_program_id_4b7335fe; Type: INDEX; Schema: public; Owner: sims_user
--

CREATE INDEX training_historicalresidenttrainingrecord_program_id_4b7335fe ON public.training_historicalresidenttrainingrecord USING btree (program_id);


--
-- Name: training_historicalresidentworkshopcompletion_id_621737f5; Type: INDEX; Schema: public; Owner: sims_user
--

CREATE INDEX training_historicalresidentworkshopcompletion_id_621737f5 ON public.training_historicalresidentworkshopcompletion USING btree (id);


--
-- Name: training_historicalrotat_certificate_number_38fa7d2e_like; Type: INDEX; Schema: public; Owner: sims_user
--

CREATE INDEX training_historicalrotat_certificate_number_38fa7d2e_like ON public.training_historicalrotationcertificate USING btree (certificate_number varchar_pattern_ops);


--
-- Name: training_historicalrotatio_approved_by_hod_id_c7b9d4a2; Type: INDEX; Schema: public; Owner: sims_user
--

CREATE INDEX training_historicalrotatio_approved_by_hod_id_c7b9d4a2 ON public.training_historicalrotationassignment USING btree (approved_by_hod_id);


--
-- Name: training_historicalrotatio_approved_by_utrmc_id_1d690816; Type: INDEX; Schema: public; Owner: sims_user
--

CREATE INDEX training_historicalrotatio_approved_by_utrmc_id_1d690816 ON public.training_historicalrotationassignment USING btree (approved_by_utrmc_id);


--
-- Name: training_historicalrotatio_certificate_number_38fa7d2e; Type: INDEX; Schema: public; Owner: sims_user
--

CREATE INDEX training_historicalrotatio_certificate_number_38fa7d2e ON public.training_historicalrotationcertificate USING btree (certificate_number);


--
-- Name: training_historicalrotatio_hospital_department_id_dfec8747; Type: INDEX; Schema: public; Owner: sims_user
--

CREATE INDEX training_historicalrotatio_hospital_department_id_dfec8747 ON public.training_historicalrotationassignment USING btree (hospital_department_id);


--
-- Name: training_historicalrotatio_resident_training_id_13d8d0c7; Type: INDEX; Schema: public; Owner: sims_user
--

CREATE INDEX training_historicalrotatio_resident_training_id_13d8d0c7 ON public.training_historicalrotationassignment USING btree (resident_training_id);


--
-- Name: training_historicalrotationassignment_history_date_914653b4; Type: INDEX; Schema: public; Owner: sims_user
--

CREATE INDEX training_historicalrotationassignment_history_date_914653b4 ON public.training_historicalrotationassignment USING btree (history_date);


--
-- Name: training_historicalrotationassignment_history_user_id_bc20317f; Type: INDEX; Schema: public; Owner: sims_user
--

CREATE INDEX training_historicalrotationassignment_history_user_id_bc20317f ON public.training_historicalrotationassignment USING btree (history_user_id);


--
-- Name: training_historicalrotationassignment_id_c49e79a9; Type: INDEX; Schema: public; Owner: sims_user
--

CREATE INDEX training_historicalrotationassignment_id_c49e79a9 ON public.training_historicalrotationassignment USING btree (id);


--
-- Name: training_historicalrotationassignment_requested_by_id_522f57a0; Type: INDEX; Schema: public; Owner: sims_user
--

CREATE INDEX training_historicalrotationassignment_requested_by_id_522f57a0 ON public.training_historicalrotationassignment USING btree (requested_by_id);


--
-- Name: training_historicalrotationassignment_template_id_933ad44f; Type: INDEX; Schema: public; Owner: sims_user
--

CREATE INDEX training_historicalrotationassignment_template_id_933ad44f ON public.training_historicalrotationassignment USING btree (template_id);


--
-- Name: training_historicalrotationcertificate_completion_id_8ccdaa35; Type: INDEX; Schema: public; Owner: sims_user
--

CREATE INDEX training_historicalrotationcertificate_completion_id_8ccdaa35 ON public.training_historicalrotationcertificate USING btree (completion_id);


--
-- Name: training_historicalrotationcertificate_history_date_9c9feaa8; Type: INDEX; Schema: public; Owner: sims_user
--

CREATE INDEX training_historicalrotationcertificate_history_date_9c9feaa8 ON public.training_historicalrotationcertificate USING btree (history_date);


--
-- Name: training_historicalrotationcertificate_history_user_id_20bd2095; Type: INDEX; Schema: public; Owner: sims_user
--

CREATE INDEX training_historicalrotationcertificate_history_user_id_20bd2095 ON public.training_historicalrotationcertificate USING btree (history_user_id);


--
-- Name: training_historicalrotationcertificate_id_c340e23d; Type: INDEX; Schema: public; Owner: sims_user
--

CREATE INDEX training_historicalrotationcertificate_id_c340e23d ON public.training_historicalrotationcertificate USING btree (id);


--
-- Name: training_historicalrotationcertificate_issued_by_id_17c9a62b; Type: INDEX; Schema: public; Owner: sims_user
--

CREATE INDEX training_historicalrotationcertificate_issued_by_id_17c9a62b ON public.training_historicalrotationcertificate USING btree (issued_by_id);


--
-- Name: training_historicalrotationcertificate_verified_by_id_9b9560b0; Type: INDEX; Schema: public; Owner: sims_user
--

CREATE INDEX training_historicalrotationcertificate_verified_by_id_9b9560b0 ON public.training_historicalrotationcertificate USING btree (verified_by_id);


--
-- Name: training_historicalrotationcompletion_confirmed_by_id_873e6f1f; Type: INDEX; Schema: public; Owner: sims_user
--

CREATE INDEX training_historicalrotationcompletion_confirmed_by_id_873e6f1f ON public.training_historicalrotationcompletion USING btree (confirmed_by_id);


--
-- Name: training_historicalrotationcompletion_history_date_a66d85aa; Type: INDEX; Schema: public; Owner: sims_user
--

CREATE INDEX training_historicalrotationcompletion_history_date_a66d85aa ON public.training_historicalrotationcompletion USING btree (history_date);


--
-- Name: training_historicalrotationcompletion_history_user_id_a8eb40ec; Type: INDEX; Schema: public; Owner: sims_user
--

CREATE INDEX training_historicalrotationcompletion_history_user_id_a8eb40ec ON public.training_historicalrotationcompletion USING btree (history_user_id);


--
-- Name: training_historicalrotationcompletion_id_d8b278fe; Type: INDEX; Schema: public; Owner: sims_user
--

CREATE INDEX training_historicalrotationcompletion_id_d8b278fe ON public.training_historicalrotationcompletion USING btree (id);


--
-- Name: training_historicalrotationcompletion_rotation_id_8c28e401; Type: INDEX; Schema: public; Owner: sims_user
--

CREATE INDEX training_historicalrotationcompletion_rotation_id_8c28e401 ON public.training_historicalrotationcompletion USING btree (rotation_id);


--
-- Name: training_historicalrotationcompletion_verified_by_id_0120e178; Type: INDEX; Schema: public; Owner: sims_user
--

CREATE INDEX training_historicalrotationcompletion_verified_by_id_0120e178 ON public.training_historicalrotationcompletion USING btree (verified_by_id);


--
-- Name: training_historicalsubmi_certificate_number_21fbb26e_like; Type: INDEX; Schema: public; Owner: sims_user
--

CREATE INDEX training_historicalsubmi_certificate_number_21fbb26e_like ON public.training_historicalsubmissioncertificate USING btree (certificate_number varchar_pattern_ops);


--
-- Name: training_historicalsubmiss_certificate_number_21fbb26e; Type: INDEX; Schema: public; Owner: sims_user
--

CREATE INDEX training_historicalsubmiss_certificate_number_21fbb26e ON public.training_historicalsubmissioncertificate USING btree (certificate_number);


--
-- Name: training_historicalsubmiss_created_by_id_076eae41; Type: INDEX; Schema: public; Owner: sims_user
--

CREATE INDEX training_historicalsubmiss_created_by_id_076eae41 ON public.training_historicalsubmissionrequirementtemplate USING btree (created_by_id);


--
-- Name: training_historicalsubmiss_department_id_df9effcc; Type: INDEX; Schema: public; Owner: sims_user
--

CREATE INDEX training_historicalsubmiss_department_id_df9effcc ON public.training_historicalsubmissionrequirementtemplate USING btree (department_id);


--
-- Name: training_historicalsubmiss_history_date_9b612773; Type: INDEX; Schema: public; Owner: sims_user
--

CREATE INDEX training_historicalsubmiss_history_date_9b612773 ON public.training_historicalsubmissionrequirementtemplate USING btree (history_date);


--
-- Name: training_historicalsubmiss_history_user_id_0e1b4606; Type: INDEX; Schema: public; Owner: sims_user
--

CREATE INDEX training_historicalsubmiss_history_user_id_0e1b4606 ON public.training_historicalsubmissioncertificate USING btree (history_user_id);


--
-- Name: training_historicalsubmiss_history_user_id_ae1b159e; Type: INDEX; Schema: public; Owner: sims_user
--

CREATE INDEX training_historicalsubmiss_history_user_id_ae1b159e ON public.training_historicalsubmissionrequirementtemplate USING btree (history_user_id);


--
-- Name: training_historicalsubmiss_program_id_99324097; Type: INDEX; Schema: public; Owner: sims_user
--

CREATE INDEX training_historicalsubmiss_program_id_99324097 ON public.training_historicalsubmissionrequirementtemplate USING btree (program_id);


--
-- Name: training_historicalsubmiss_verified_by_id_827d3081; Type: INDEX; Schema: public; Owner: sims_user
--

CREATE INDEX training_historicalsubmiss_verified_by_id_827d3081 ON public.training_historicalsubmissioncertificate USING btree (verified_by_id);


--
-- Name: training_historicalsubmissioncertificate_history_date_d27a229f; Type: INDEX; Schema: public; Owner: sims_user
--

CREATE INDEX training_historicalsubmissioncertificate_history_date_d27a229f ON public.training_historicalsubmissioncertificate USING btree (history_date);


--
-- Name: training_historicalsubmissioncertificate_id_63cad925; Type: INDEX; Schema: public; Owner: sims_user
--

CREATE INDEX training_historicalsubmissioncertificate_id_63cad925 ON public.training_historicalsubmissioncertificate USING btree (id);


--
-- Name: training_historicalsubmissioncertificate_issued_by_id_9c39b3d9; Type: INDEX; Schema: public; Owner: sims_user
--

CREATE INDEX training_historicalsubmissioncertificate_issued_by_id_9c39b3d9 ON public.training_historicalsubmissioncertificate USING btree (issued_by_id);


--
-- Name: training_historicalsubmissioncertificate_submission_id_ef42f578; Type: INDEX; Schema: public; Owner: sims_user
--

CREATE INDEX training_historicalsubmissioncertificate_submission_id_ef42f578 ON public.training_historicalsubmissioncertificate USING btree (submission_id);


--
-- Name: training_historicalsubmissiondocument_history_date_bff86f03; Type: INDEX; Schema: public; Owner: sims_user
--

CREATE INDEX training_historicalsubmissiondocument_history_date_bff86f03 ON public.training_historicalsubmissiondocument USING btree (history_date);


--
-- Name: training_historicalsubmissiondocument_history_user_id_3c5154a3; Type: INDEX; Schema: public; Owner: sims_user
--

CREATE INDEX training_historicalsubmissiondocument_history_user_id_3c5154a3 ON public.training_historicalsubmissiondocument USING btree (history_user_id);


--
-- Name: training_historicalsubmissiondocument_id_79b1d4e1; Type: INDEX; Schema: public; Owner: sims_user
--

CREATE INDEX training_historicalsubmissiondocument_id_79b1d4e1 ON public.training_historicalsubmissiondocument USING btree (id);


--
-- Name: training_historicalsubmissiondocument_requirement_id_7cd518c1; Type: INDEX; Schema: public; Owner: sims_user
--

CREATE INDEX training_historicalsubmissiondocument_requirement_id_7cd518c1 ON public.training_historicalsubmissiondocument USING btree (requirement_id);


--
-- Name: training_historicalsubmissiondocument_submission_id_925d4143; Type: INDEX; Schema: public; Owner: sims_user
--

CREATE INDEX training_historicalsubmissiondocument_submission_id_925d4143 ON public.training_historicalsubmissiondocument USING btree (submission_id);


--
-- Name: training_historicalsubmissiondocument_uploaded_by_id_ff66fa57; Type: INDEX; Schema: public; Owner: sims_user
--

CREATE INDEX training_historicalsubmissiondocument_uploaded_by_id_ff66fa57 ON public.training_historicalsubmissiondocument USING btree (uploaded_by_id);


--
-- Name: training_historicalsubmissionrequirementtemplate_id_e39e963b; Type: INDEX; Schema: public; Owner: sims_user
--

CREATE INDEX training_historicalsubmissionrequirementtemplate_id_e39e963b ON public.training_historicalsubmissionrequirementtemplate USING btree (id);


--
-- Name: training_historicalsubmissionreview_history_date_302b8ced; Type: INDEX; Schema: public; Owner: sims_user
--

CREATE INDEX training_historicalsubmissionreview_history_date_302b8ced ON public.training_historicalsubmissionreview USING btree (history_date);


--
-- Name: training_historicalsubmissionreview_history_user_id_bf90ef86; Type: INDEX; Schema: public; Owner: sims_user
--

CREATE INDEX training_historicalsubmissionreview_history_user_id_bf90ef86 ON public.training_historicalsubmissionreview USING btree (history_user_id);


--
-- Name: training_historicalsubmissionreview_id_5873eaf1; Type: INDEX; Schema: public; Owner: sims_user
--

CREATE INDEX training_historicalsubmissionreview_id_5873eaf1 ON public.training_historicalsubmissionreview USING btree (id);


--
-- Name: training_historicalsubmissionreview_reviewer_id_5264b69d; Type: INDEX; Schema: public; Owner: sims_user
--

CREATE INDEX training_historicalsubmissionreview_reviewer_id_5264b69d ON public.training_historicalsubmissionreview USING btree (reviewer_id);


--
-- Name: training_historicalsubmissionreview_submission_id_39c99d1b; Type: INDEX; Schema: public; Owner: sims_user
--

CREATE INDEX training_historicalsubmissionreview_submission_id_39c99d1b ON public.training_historicalsubmissionreview USING btree (submission_id);


--
-- Name: training_historicaltrainingprogram_code_a1b22b8e; Type: INDEX; Schema: public; Owner: sims_user
--

CREATE INDEX training_historicaltrainingprogram_code_a1b22b8e ON public.training_historicaltrainingprogram USING btree (code);


--
-- Name: training_historicaltrainingprogram_code_a1b22b8e_like; Type: INDEX; Schema: public; Owner: sims_user
--

CREATE INDEX training_historicaltrainingprogram_code_a1b22b8e_like ON public.training_historicaltrainingprogram USING btree (code varchar_pattern_ops);


--
-- Name: training_historicaltrainingprogram_department_id_5d5da6ac; Type: INDEX; Schema: public; Owner: sims_user
--

CREATE INDEX training_historicaltrainingprogram_department_id_5d5da6ac ON public.training_historicaltrainingprogram USING btree (department_id);


--
-- Name: training_historicaltrainingprogram_history_date_dfc3aa03; Type: INDEX; Schema: public; Owner: sims_user
--

CREATE INDEX training_historicaltrainingprogram_history_date_dfc3aa03 ON public.training_historicaltrainingprogram USING btree (history_date);


--
-- Name: training_historicaltrainingprogram_history_user_id_3bdd82a0; Type: INDEX; Schema: public; Owner: sims_user
--

CREATE INDEX training_historicaltrainingprogram_history_user_id_3bdd82a0 ON public.training_historicaltrainingprogram USING btree (history_user_id);


--
-- Name: training_historicaltrainingprogram_id_aa5735fd; Type: INDEX; Schema: public; Owner: sims_user
--

CREATE INDEX training_historicaltrainingprogram_id_aa5735fd ON public.training_historicaltrainingprogram USING btree (id);


--
-- Name: training_historicalworkshop_code_513fd5a3; Type: INDEX; Schema: public; Owner: sims_user
--

CREATE INDEX training_historicalworkshop_code_513fd5a3 ON public.training_historicalworkshop USING btree (code);


--
-- Name: training_historicalworkshop_code_513fd5a3_like; Type: INDEX; Schema: public; Owner: sims_user
--

CREATE INDEX training_historicalworkshop_code_513fd5a3_like ON public.training_historicalworkshop USING btree (code varchar_pattern_ops);


--
-- Name: training_historicalworkshop_history_date_f950273e; Type: INDEX; Schema: public; Owner: sims_user
--

CREATE INDEX training_historicalworkshop_history_date_f950273e ON public.training_historicalworkshop USING btree (history_date);


--
-- Name: training_historicalworkshop_history_user_id_3451443d; Type: INDEX; Schema: public; Owner: sims_user
--

CREATE INDEX training_historicalworkshop_history_user_id_3451443d ON public.training_historicalworkshop USING btree (history_user_id);


--
-- Name: training_historicalworkshop_id_482d381f; Type: INDEX; Schema: public; Owner: sims_user
--

CREATE INDEX training_historicalworkshop_id_482d381f ON public.training_historicalworkshop USING btree (id);


--
-- Name: training_historicalworkshopblock_history_date_fa5106b3; Type: INDEX; Schema: public; Owner: sims_user
--

CREATE INDEX training_historicalworkshopblock_history_date_fa5106b3 ON public.training_historicalworkshopblock USING btree (history_date);


--
-- Name: training_historicalworkshopblock_history_user_id_a2b4ef19; Type: INDEX; Schema: public; Owner: sims_user
--

CREATE INDEX training_historicalworkshopblock_history_user_id_a2b4ef19 ON public.training_historicalworkshopblock USING btree (history_user_id);


--
-- Name: training_historicalworkshopblock_id_e2a0c92d; Type: INDEX; Schema: public; Owner: sims_user
--

CREATE INDEX training_historicalworkshopblock_id_e2a0c92d ON public.training_historicalworkshopblock USING btree (id);


--
-- Name: training_historicalworkshopblock_workshop_id_a59bb3db; Type: INDEX; Schema: public; Owner: sims_user
--

CREATE INDEX training_historicalworkshopblock_workshop_id_a59bb3db ON public.training_historicalworkshopblock USING btree (workshop_id);


--
-- Name: training_historicalworkshoprun_block_id_e8322e26; Type: INDEX; Schema: public; Owner: sims_user
--

CREATE INDEX training_historicalworkshoprun_block_id_e8322e26 ON public.training_historicalworkshoprun USING btree (block_id);


--
-- Name: training_historicalworkshoprun_facilitator_id_8cadeb2c; Type: INDEX; Schema: public; Owner: sims_user
--

CREATE INDEX training_historicalworkshoprun_facilitator_id_8cadeb2c ON public.training_historicalworkshoprun USING btree (facilitator_id);


--
-- Name: training_historicalworkshoprun_history_date_1c885b24; Type: INDEX; Schema: public; Owner: sims_user
--

CREATE INDEX training_historicalworkshoprun_history_date_1c885b24 ON public.training_historicalworkshoprun USING btree (history_date);


--
-- Name: training_historicalworkshoprun_history_user_id_5a974990; Type: INDEX; Schema: public; Owner: sims_user
--

CREATE INDEX training_historicalworkshoprun_history_user_id_5a974990 ON public.training_historicalworkshoprun USING btree (history_user_id);


--
-- Name: training_historicalworkshoprun_id_e5cefbe7; Type: INDEX; Schema: public; Owner: sims_user
--

CREATE INDEX training_historicalworkshoprun_id_e5cefbe7 ON public.training_historicalworkshoprun USING btree (id);


--
-- Name: training_leaverequest_approved_by_id_5c14bafd; Type: INDEX; Schema: public; Owner: sims_user
--

CREATE INDEX training_leaverequest_approved_by_id_5c14bafd ON public.training_leaverequest USING btree (approved_by_id);


--
-- Name: training_leaverequest_resident_training_id_da092f12; Type: INDEX; Schema: public; Owner: sims_user
--

CREATE INDEX training_leaverequest_resident_training_id_da092f12 ON public.training_leaverequest USING btree (resident_training_id);


--
-- Name: training_lo_action_60d724_idx; Type: INDEX; Schema: public; Owner: sims_user
--

CREATE INDEX training_lo_action_60d724_idx ON public.training_logbookreview USING btree (action, created_at);


--
-- Name: training_lo_departm_1d1963_idx; Type: INDEX; Schema: public; Owner: sims_user
--

CREATE INDEX training_lo_departm_1d1963_idx ON public.training_logbookthresholdconfig USING btree (department_id, is_active);


--
-- Name: training_lo_entry_i_c121de_idx; Type: INDEX; Schema: public; Owner: sims_user
--

CREATE INDEX training_lo_entry_i_c121de_idx ON public.training_logbookreview USING btree (entry_id, created_at);


--
-- Name: training_lo_mode_9cea97_idx; Type: INDEX; Schema: public; Owner: sims_user
--

CREATE INDEX training_lo_mode_9cea97_idx ON public.training_logbookthresholdconfig USING btree (mode, is_active);


--
-- Name: training_lo_patient_bcf246_idx; Type: INDEX; Schema: public; Owner: sims_user
--

CREATE INDEX training_lo_patient_bcf246_idx ON public.training_logbookentry USING btree (patient_seen_at);


--
-- Name: training_lo_program_85d1a6_idx; Type: INDEX; Schema: public; Owner: sims_user
--

CREATE INDEX training_lo_program_85d1a6_idx ON public.training_logbookthresholdconfig USING btree (program_id, is_active);


--
-- Name: training_lo_residen_71e58e_idx; Type: INDEX; Schema: public; Owner: sims_user
--

CREATE INDEX training_lo_residen_71e58e_idx ON public.training_logbookentry USING btree (resident_training_record_id, status);


--
-- Name: training_lo_residen_74d32b_idx; Type: INDEX; Schema: public; Owner: sims_user
--

CREATE INDEX training_lo_residen_74d32b_idx ON public.training_logbookthresholdsnapshot USING btree (resident_training_record_id, computed_at);


--
-- Name: training_lo_rotatio_9f324c_idx; Type: INDEX; Schema: public; Owner: sims_user
--

CREATE INDEX training_lo_rotatio_9f324c_idx ON public.training_logbookentry USING btree (rotation_assignment_id, status);


--
-- Name: training_lo_thresho_59ed4c_idx; Type: INDEX; Schema: public; Owner: sims_user
--

CREATE INDEX training_lo_thresho_59ed4c_idx ON public.training_logbookthresholdsnapshot USING btree (threshold_config_id, computed_at);


--
-- Name: training_logbookentry_created_by_id_a5bb7239; Type: INDEX; Schema: public; Owner: sims_user
--

CREATE INDEX training_logbookentry_created_by_id_a5bb7239 ON public.training_logbookentry USING btree (created_by_id);


--
-- Name: training_logbookentry_resident_training_record_id_a57b64d2; Type: INDEX; Schema: public; Owner: sims_user
--

CREATE INDEX training_logbookentry_resident_training_record_id_a57b64d2 ON public.training_logbookentry USING btree (resident_training_record_id);


--
-- Name: training_logbookentry_reviewed_by_id_aeb35d0c; Type: INDEX; Schema: public; Owner: sims_user
--

CREATE INDEX training_logbookentry_reviewed_by_id_aeb35d0c ON public.training_logbookentry USING btree (reviewed_by_id);


--
-- Name: training_logbookentry_rotation_assignment_id_f9e534f9; Type: INDEX; Schema: public; Owner: sims_user
--

CREATE INDEX training_logbookentry_rotation_assignment_id_f9e534f9 ON public.training_logbookentry USING btree (rotation_assignment_id);


--
-- Name: training_logbookreview_entry_id_932dec22; Type: INDEX; Schema: public; Owner: sims_user
--

CREATE INDEX training_logbookreview_entry_id_932dec22 ON public.training_logbookreview USING btree (entry_id);


--
-- Name: training_logbookreview_reviewer_id_686749de; Type: INDEX; Schema: public; Owner: sims_user
--

CREATE INDEX training_logbookreview_reviewer_id_686749de ON public.training_logbookreview USING btree (reviewer_id);


--
-- Name: training_logbookthresholdconfig_configured_by_id_6aa6392f; Type: INDEX; Schema: public; Owner: sims_user
--

CREATE INDEX training_logbookthresholdconfig_configured_by_id_6aa6392f ON public.training_logbookthresholdconfig USING btree (configured_by_id);


--
-- Name: training_logbookthresholdconfig_department_id_c1461223; Type: INDEX; Schema: public; Owner: sims_user
--

CREATE INDEX training_logbookthresholdconfig_department_id_c1461223 ON public.training_logbookthresholdconfig USING btree (department_id);


--
-- Name: training_logbookthresholdconfig_program_id_029925ce; Type: INDEX; Schema: public; Owner: sims_user
--

CREATE INDEX training_logbookthresholdconfig_program_id_029925ce ON public.training_logbookthresholdconfig USING btree (program_id);


--
-- Name: training_logbookthresholds_resident_training_record_i_5bb4ba02; Type: INDEX; Schema: public; Owner: sims_user
--

CREATE INDEX training_logbookthresholds_resident_training_record_i_5bb4ba02 ON public.training_logbookthresholdsnapshot USING btree (resident_training_record_id);


--
-- Name: training_logbookthresholds_rotation_assignment_id_f001272a; Type: INDEX; Schema: public; Owner: sims_user
--

CREATE INDEX training_logbookthresholds_rotation_assignment_id_f001272a ON public.training_logbookthresholdsnapshot USING btree (rotation_assignment_id);


--
-- Name: training_logbookthresholdsnapshot_threshold_config_id_0da7556d; Type: INDEX; Schema: public; Owner: sims_user
--

CREATE INDEX training_logbookthresholdsnapshot_threshold_config_id_0da7556d ON public.training_logbookthresholdsnapshot USING btree (threshold_config_id);


--
-- Name: training_pr_departm_c3fe85_idx; Type: INDEX; Schema: public; Owner: sims_user
--

CREATE INDEX training_pr_departm_c3fe85_idx ON public.training_programrotationrequirement USING btree (department_id);


--
-- Name: training_pr_program_02445d_idx; Type: INDEX; Schema: public; Owner: sims_user
--

CREATE INDEX training_pr_program_02445d_idx ON public.training_programrotationrequirement USING btree (program_id, is_mandatory);


--
-- Name: training_programmilestone_program_id_35958f52; Type: INDEX; Schema: public; Owner: sims_user
--

CREATE INDEX training_programmilestone_program_id_35958f52 ON public.training_programmilestone USING btree (program_id);


--
-- Name: training_programmilestonel_milestone_id_f53a02ff; Type: INDEX; Schema: public; Owner: sims_user
--

CREATE INDEX training_programmilestonel_milestone_id_f53a02ff ON public.training_programmilestonelogbookrequirement USING btree (milestone_id);


--
-- Name: training_programmilestonew_milestone_id_d9999678; Type: INDEX; Schema: public; Owner: sims_user
--

CREATE INDEX training_programmilestonew_milestone_id_d9999678 ON public.training_programmilestoneworkshoprequirement USING btree (milestone_id);


--
-- Name: training_programmilestonew_workshop_id_fd9fa841; Type: INDEX; Schema: public; Owner: sims_user
--

CREATE INDEX training_programmilestonew_workshop_id_fd9fa841 ON public.training_programmilestoneworkshoprequirement USING btree (workshop_id);


--
-- Name: training_programrotationrequirement_department_id_22d663ae; Type: INDEX; Schema: public; Owner: sims_user
--

CREATE INDEX training_programrotationrequirement_department_id_22d663ae ON public.training_programrotationrequirement USING btree (department_id);


--
-- Name: training_programrotationrequirement_program_id_b33443d3; Type: INDEX; Schema: public; Owner: sims_user
--

CREATE INDEX training_programrotationrequirement_program_id_b33443d3 ON public.training_programrotationrequirement USING btree (program_id);


--
-- Name: training_programrotationte_hospital_id_8c94814b; Type: INDEX; Schema: public; Owner: sims_user
--

CREATE INDEX training_programrotationte_hospital_id_8c94814b ON public.training_programrotationtemplate_allowed_hospitals USING btree (hospital_id);


--
-- Name: training_programrotationte_programrotationtemplate_id_cee5e98b; Type: INDEX; Schema: public; Owner: sims_user
--

CREATE INDEX training_programrotationte_programrotationtemplate_id_cee5e98b ON public.training_programrotationtemplate_allowed_hospitals USING btree (programrotationtemplate_id);


--
-- Name: training_programrotationtemplate_department_id_512475cd; Type: INDEX; Schema: public; Owner: sims_user
--

CREATE INDEX training_programrotationtemplate_department_id_512475cd ON public.training_programrotationtemplate USING btree (department_id);


--
-- Name: training_programrotationtemplate_program_id_a2d04afa; Type: INDEX; Schema: public; Owner: sims_user
--

CREATE INDEX training_programrotationtemplate_program_id_a2d04afa ON public.training_programrotationtemplate USING btree (program_id);


--
-- Name: training_re_residen_683e77_idx; Type: INDEX; Schema: public; Owner: sims_user
--

CREATE INDEX training_re_residen_683e77_idx ON public.training_residentworkshopcompletion USING btree (resident_training_record_id, workshop_id);


--
-- Name: training_re_residen_cbddf8_idx; Type: INDEX; Schema: public; Owner: sims_user
--

CREATE INDEX training_re_residen_cbddf8_idx ON public.training_residentsubmission USING btree (resident_training_record_id, submission_type);


--
-- Name: training_re_submiss_524d48_idx; Type: INDEX; Schema: public; Owner: sims_user
--

CREATE INDEX training_re_submiss_524d48_idx ON public.training_residentsubmission USING btree (submission_type, status);


--
-- Name: training_residentmilestone_resident_training_record_i_0d6feda8; Type: INDEX; Schema: public; Owner: sims_user
--

CREATE INDEX training_residentmilestone_resident_training_record_i_0d6feda8 ON public.training_residentmilestoneeligibility USING btree (resident_training_record_id);


--
-- Name: training_residentmilestoneeligibility_milestone_id_cea9555e; Type: INDEX; Schema: public; Owner: sims_user
--

CREATE INDEX training_residentmilestoneeligibility_milestone_id_cea9555e ON public.training_residentmilestoneeligibility USING btree (milestone_id);


--
-- Name: training_residentresearchproject_supervisor_id_47e9289b; Type: INDEX; Schema: public; Owner: sims_user
--

CREATE INDEX training_residentresearchproject_supervisor_id_47e9289b ON public.training_residentresearchproject USING btree (supervisor_id);


--
-- Name: training_residentsubmissio_resident_training_record_i_ffa56f77; Type: INDEX; Schema: public; Owner: sims_user
--

CREATE INDEX training_residentsubmissio_resident_training_record_i_ffa56f77 ON public.training_residentsubmission USING btree (resident_training_record_id);


--
-- Name: training_residentsubmission_reviewed_by_id_f872610f; Type: INDEX; Schema: public; Owner: sims_user
--

CREATE INDEX training_residentsubmission_reviewed_by_id_f872610f ON public.training_residentsubmission USING btree (reviewed_by_id);


--
-- Name: training_residenttrainingrecord_created_by_id_48fce119; Type: INDEX; Schema: public; Owner: sims_user
--

CREATE INDEX training_residenttrainingrecord_created_by_id_48fce119 ON public.training_residenttrainingrecord USING btree (created_by_id);


--
-- Name: training_residenttrainingrecord_program_id_53ff2a2e; Type: INDEX; Schema: public; Owner: sims_user
--

CREATE INDEX training_residenttrainingrecord_program_id_53ff2a2e ON public.training_residenttrainingrecord USING btree (program_id);


--
-- Name: training_residenttrainingrecord_resident_user_id_d35e4dea; Type: INDEX; Schema: public; Owner: sims_user
--

CREATE INDEX training_residenttrainingrecord_resident_user_id_d35e4dea ON public.training_residenttrainingrecord USING btree (resident_user_id);


--
-- Name: training_residentworkshopc_resident_training_record_i_7e90cbcb; Type: INDEX; Schema: public; Owner: sims_user
--

CREATE INDEX training_residentworkshopc_resident_training_record_i_7e90cbcb ON public.training_residentworkshopcompletion USING btree (resident_training_record_id);


--
-- Name: training_residentworkshopcompletion_workshop_id_3d647129; Type: INDEX; Schema: public; Owner: sims_user
--

CREATE INDEX training_residentworkshopcompletion_workshop_id_3d647129 ON public.training_residentworkshopcompletion USING btree (workshop_id);


--
-- Name: training_residentworkshopcompletion_workshop_run_id_8dd2ef3d; Type: INDEX; Schema: public; Owner: sims_user
--

CREATE INDEX training_residentworkshopcompletion_workshop_run_id_8dd2ef3d ON public.training_residentworkshopcompletion USING btree (workshop_run_id);


--
-- Name: training_ro_certifi_6b0df6_idx; Type: INDEX; Schema: public; Owner: sims_user
--

CREATE INDEX training_ro_certifi_6b0df6_idx ON public.training_rotationcertificate USING btree (certificate_number);


--
-- Name: training_ro_confirm_b33d53_idx; Type: INDEX; Schema: public; Owner: sims_user
--

CREATE INDEX training_ro_confirm_b33d53_idx ON public.training_rotationcompletion USING btree (confirmed_at);


--
-- Name: training_ro_residen_72ba57_idx; Type: INDEX; Schema: public; Owner: sims_user
--

CREATE INDEX training_ro_residen_72ba57_idx ON public.training_rotationassignment USING btree (resident_training_id, status);


--
-- Name: training_ro_start_d_547ffe_idx; Type: INDEX; Schema: public; Owner: sims_user
--

CREATE INDEX training_ro_start_d_547ffe_idx ON public.training_rotationassignment USING btree (start_date, end_date);


--
-- Name: training_ro_status_1e2677_idx; Type: INDEX; Schema: public; Owner: sims_user
--

CREATE INDEX training_ro_status_1e2677_idx ON public.training_rotationcertificate USING btree (status, issued_at);


--
-- Name: training_ro_status_c5406f_idx; Type: INDEX; Schema: public; Owner: sims_user
--

CREATE INDEX training_ro_status_c5406f_idx ON public.training_rotationassignment USING btree (status);


--
-- Name: training_ro_status_daf9e3_idx; Type: INDEX; Schema: public; Owner: sims_user
--

CREATE INDEX training_ro_status_daf9e3_idx ON public.training_rotationcompletion USING btree (status, verified_at);


--
-- Name: training_rotationassignment_approved_by_hod_id_a393914d; Type: INDEX; Schema: public; Owner: sims_user
--

CREATE INDEX training_rotationassignment_approved_by_hod_id_a393914d ON public.training_rotationassignment USING btree (approved_by_hod_id);


--
-- Name: training_rotationassignment_approved_by_utrmc_id_cef957a2; Type: INDEX; Schema: public; Owner: sims_user
--

CREATE INDEX training_rotationassignment_approved_by_utrmc_id_cef957a2 ON public.training_rotationassignment USING btree (approved_by_utrmc_id);


--
-- Name: training_rotationassignment_hospital_department_id_98df1319; Type: INDEX; Schema: public; Owner: sims_user
--

CREATE INDEX training_rotationassignment_hospital_department_id_98df1319 ON public.training_rotationassignment USING btree (hospital_department_id);


--
-- Name: training_rotationassignment_requested_by_id_d4181a01; Type: INDEX; Schema: public; Owner: sims_user
--

CREATE INDEX training_rotationassignment_requested_by_id_d4181a01 ON public.training_rotationassignment USING btree (requested_by_id);


--
-- Name: training_rotationassignment_resident_training_id_fa9885d8; Type: INDEX; Schema: public; Owner: sims_user
--

CREATE INDEX training_rotationassignment_resident_training_id_fa9885d8 ON public.training_rotationassignment USING btree (resident_training_id);


--
-- Name: training_rotationassignment_template_id_92914021; Type: INDEX; Schema: public; Owner: sims_user
--

CREATE INDEX training_rotationassignment_template_id_92914021 ON public.training_rotationassignment USING btree (template_id);


--
-- Name: training_rotationcertificate_certificate_number_38d72842_like; Type: INDEX; Schema: public; Owner: sims_user
--

CREATE INDEX training_rotationcertificate_certificate_number_38d72842_like ON public.training_rotationcertificate USING btree (certificate_number varchar_pattern_ops);


--
-- Name: training_rotationcertificate_issued_by_id_27d4dc81; Type: INDEX; Schema: public; Owner: sims_user
--

CREATE INDEX training_rotationcertificate_issued_by_id_27d4dc81 ON public.training_rotationcertificate USING btree (issued_by_id);


--
-- Name: training_rotationcertificate_verified_by_id_c0b5f207; Type: INDEX; Schema: public; Owner: sims_user
--

CREATE INDEX training_rotationcertificate_verified_by_id_c0b5f207 ON public.training_rotationcertificate USING btree (verified_by_id);


--
-- Name: training_rotationcompletion_confirmed_by_id_e8d448ba; Type: INDEX; Schema: public; Owner: sims_user
--

CREATE INDEX training_rotationcompletion_confirmed_by_id_e8d448ba ON public.training_rotationcompletion USING btree (confirmed_by_id);


--
-- Name: training_rotationcompletion_verified_by_id_e06c75ae; Type: INDEX; Schema: public; Owner: sims_user
--

CREATE INDEX training_rotationcompletion_verified_by_id_e06c75ae ON public.training_rotationcompletion USING btree (verified_by_id);


--
-- Name: training_su_action_3cf46f_idx; Type: INDEX; Schema: public; Owner: sims_user
--

CREATE INDEX training_su_action_3cf46f_idx ON public.training_submissionreview USING btree (action, created_at);


--
-- Name: training_su_certifi_4d565f_idx; Type: INDEX; Schema: public; Owner: sims_user
--

CREATE INDEX training_su_certifi_4d565f_idx ON public.training_submissioncertificate USING btree (certificate_number);


--
-- Name: training_su_departm_c92914_idx; Type: INDEX; Schema: public; Owner: sims_user
--

CREATE INDEX training_su_departm_c92914_idx ON public.training_submissionrequirementtemplate USING btree (department_id, submission_type, active);


--
-- Name: training_su_is_acti_3bf23d_idx; Type: INDEX; Schema: public; Owner: sims_user
--

CREATE INDEX training_su_is_acti_3bf23d_idx ON public.training_submissiondocument USING btree (is_active);


--
-- Name: training_su_program_2fc323_idx; Type: INDEX; Schema: public; Owner: sims_user
--

CREATE INDEX training_su_program_2fc323_idx ON public.training_submissionrequirementtemplate USING btree (program_id, submission_type, active);


--
-- Name: training_su_require_682807_idx; Type: INDEX; Schema: public; Owner: sims_user
--

CREATE INDEX training_su_require_682807_idx ON public.training_submissiondocument USING btree (requirement_id);


--
-- Name: training_su_status_f76f4a_idx; Type: INDEX; Schema: public; Owner: sims_user
--

CREATE INDEX training_su_status_f76f4a_idx ON public.training_submissioncertificate USING btree (status, issued_at);


--
-- Name: training_su_submiss_855e2f_idx; Type: INDEX; Schema: public; Owner: sims_user
--

CREATE INDEX training_su_submiss_855e2f_idx ON public.training_submissionreview USING btree (submission_id, created_at);


--
-- Name: training_su_submiss_a57dcf_idx; Type: INDEX; Schema: public; Owner: sims_user
--

CREATE INDEX training_su_submiss_a57dcf_idx ON public.training_submissiondocument USING btree (submission_id, uploaded_at);


--
-- Name: training_su_submiss_af1c35_idx; Type: INDEX; Schema: public; Owner: sims_user
--

CREATE INDEX training_su_submiss_af1c35_idx ON public.training_submissionrequirementtemplate USING btree (submission_type, active);


--
-- Name: training_submissioncertificate_certificate_number_17811767_like; Type: INDEX; Schema: public; Owner: sims_user
--

CREATE INDEX training_submissioncertificate_certificate_number_17811767_like ON public.training_submissioncertificate USING btree (certificate_number varchar_pattern_ops);


--
-- Name: training_submissioncertificate_issued_by_id_b4fc86e1; Type: INDEX; Schema: public; Owner: sims_user
--

CREATE INDEX training_submissioncertificate_issued_by_id_b4fc86e1 ON public.training_submissioncertificate USING btree (issued_by_id);


--
-- Name: training_submissioncertificate_verified_by_id_35a22dc8; Type: INDEX; Schema: public; Owner: sims_user
--

CREATE INDEX training_submissioncertificate_verified_by_id_35a22dc8 ON public.training_submissioncertificate USING btree (verified_by_id);


--
-- Name: training_submissiondocument_requirement_id_ac2290e6; Type: INDEX; Schema: public; Owner: sims_user
--

CREATE INDEX training_submissiondocument_requirement_id_ac2290e6 ON public.training_submissiondocument USING btree (requirement_id);


--
-- Name: training_submissiondocument_submission_id_4e939de1; Type: INDEX; Schema: public; Owner: sims_user
--

CREATE INDEX training_submissiondocument_submission_id_4e939de1 ON public.training_submissiondocument USING btree (submission_id);


--
-- Name: training_submissiondocument_uploaded_by_id_90d390be; Type: INDEX; Schema: public; Owner: sims_user
--

CREATE INDEX training_submissiondocument_uploaded_by_id_90d390be ON public.training_submissiondocument USING btree (uploaded_by_id);


--
-- Name: training_submissionrequirementtemplate_created_by_id_cf534448; Type: INDEX; Schema: public; Owner: sims_user
--

CREATE INDEX training_submissionrequirementtemplate_created_by_id_cf534448 ON public.training_submissionrequirementtemplate USING btree (created_by_id);


--
-- Name: training_submissionrequirementtemplate_department_id_b8efc88f; Type: INDEX; Schema: public; Owner: sims_user
--

CREATE INDEX training_submissionrequirementtemplate_department_id_b8efc88f ON public.training_submissionrequirementtemplate USING btree (department_id);


--
-- Name: training_submissionrequirementtemplate_program_id_932b6100; Type: INDEX; Schema: public; Owner: sims_user
--

CREATE INDEX training_submissionrequirementtemplate_program_id_932b6100 ON public.training_submissionrequirementtemplate USING btree (program_id);


--
-- Name: training_submissionreview_reviewer_id_e1282230; Type: INDEX; Schema: public; Owner: sims_user
--

CREATE INDEX training_submissionreview_reviewer_id_e1282230 ON public.training_submissionreview USING btree (reviewer_id);


--
-- Name: training_submissionreview_submission_id_d052fd2f; Type: INDEX; Schema: public; Owner: sims_user
--

CREATE INDEX training_submissionreview_submission_id_d052fd2f ON public.training_submissionreview USING btree (submission_id);


--
-- Name: training_trainingprogram_code_4debccc8_like; Type: INDEX; Schema: public; Owner: sims_user
--

CREATE INDEX training_trainingprogram_code_4debccc8_like ON public.training_trainingprogram USING btree (code varchar_pattern_ops);


--
-- Name: training_trainingprogram_department_id_04d536e7; Type: INDEX; Schema: public; Owner: sims_user
--

CREATE INDEX training_trainingprogram_department_id_04d536e7 ON public.training_trainingprogram USING btree (department_id);


--
-- Name: training_workshop_code_5f2147ba_like; Type: INDEX; Schema: public; Owner: sims_user
--

CREATE INDEX training_workshop_code_5f2147ba_like ON public.training_workshop USING btree (code varchar_pattern_ops);


--
-- Name: training_workshopblock_workshop_id_35c1399d; Type: INDEX; Schema: public; Owner: sims_user
--

CREATE INDEX training_workshopblock_workshop_id_35c1399d ON public.training_workshopblock USING btree (workshop_id);


--
-- Name: training_workshoprun_block_id_bb9dbe15; Type: INDEX; Schema: public; Owner: sims_user
--

CREATE INDEX training_workshoprun_block_id_bb9dbe15 ON public.training_workshoprun USING btree (block_id);


--
-- Name: training_workshoprun_facilitator_id_c9dd1d7f; Type: INDEX; Schema: public; Owner: sims_user
--

CREATE INDEX training_workshoprun_facilitator_id_c9dd1d7f ON public.training_workshoprun USING btree (facilitator_id);


--
-- Name: uniq_active_hod_assignment_per_department; Type: INDEX; Schema: public; Owner: sims_user
--

CREATE UNIQUE INDEX uniq_active_hod_assignment_per_department ON public.users_hodassignment USING btree (department_id) WHERE active;


--
-- Name: uniq_active_primary_dept_member_user; Type: INDEX; Schema: public; Owner: sims_user
--

CREATE UNIQUE INDEX uniq_active_primary_dept_member_user ON public.users_departmentmembership USING btree (user_id) WHERE (active AND is_primary);


--
-- Name: uniq_active_supervision_link; Type: INDEX; Schema: public; Owner: sims_user
--

CREATE UNIQUE INDEX uniq_active_supervision_link ON public.users_supervisorresidentlink USING btree (supervisor_user_id, resident_user_id, department_id) WHERE active;


--
-- Name: unique_active_training_per_resident; Type: INDEX; Schema: public; Owner: sims_user
--

CREATE UNIQUE INDEX unique_active_training_per_resident ON public.training_residenttrainingrecord USING btree (resident_user_id, program_id) WHERE active;


--
-- Name: users_datac_actor_i_b92e94_idx; Type: INDEX; Schema: public; Owner: sims_user
--

CREATE INDEX users_datac_actor_i_b92e94_idx ON public.users_datacorrectionaudit USING btree (actor_id, created_at);


--
-- Name: users_datac_entity__308bcb_idx; Type: INDEX; Schema: public; Owner: sims_user
--

CREATE INDEX users_datac_entity__308bcb_idx ON public.users_datacorrectionaudit USING btree (entity_type, entity_id, created_at);


--
-- Name: users_datac_field_n_611183_idx; Type: INDEX; Schema: public; Owner: sims_user
--

CREATE INDEX users_datac_field_n_611183_idx ON public.users_datacorrectionaudit USING btree (field_name, created_at);


--
-- Name: users_datacorrectionaudit_actor_id_35636fe9; Type: INDEX; Schema: public; Owner: sims_user
--

CREATE INDEX users_datacorrectionaudit_actor_id_35636fe9 ON public.users_datacorrectionaudit USING btree (actor_id);


--
-- Name: users_depar_departm_85fe35_idx; Type: INDEX; Schema: public; Owner: sims_user
--

CREATE INDEX users_depar_departm_85fe35_idx ON public.users_departmentmembership USING btree (department_id, member_type, active);


--
-- Name: users_depar_user_id_530d57_idx; Type: INDEX; Schema: public; Owner: sims_user
--

CREATE INDEX users_depar_user_id_530d57_idx ON public.users_departmentmembership USING btree (user_id, active);


--
-- Name: users_departmentmembership_created_by_id_4c1e4ec6; Type: INDEX; Schema: public; Owner: sims_user
--

CREATE INDEX users_departmentmembership_created_by_id_4c1e4ec6 ON public.users_departmentmembership USING btree (created_by_id);


--
-- Name: users_departmentmembership_department_id_764eabe7; Type: INDEX; Schema: public; Owner: sims_user
--

CREATE INDEX users_departmentmembership_department_id_764eabe7 ON public.users_departmentmembership USING btree (department_id);


--
-- Name: users_departmentmembership_updated_by_id_e1ec1412; Type: INDEX; Schema: public; Owner: sims_user
--

CREATE INDEX users_departmentmembership_updated_by_id_e1ec1412 ON public.users_departmentmembership USING btree (updated_by_id);


--
-- Name: users_departmentmembership_user_id_6dd26ec4; Type: INDEX; Schema: public; Owner: sims_user
--

CREATE INDEX users_departmentmembership_user_id_6dd26ec4 ON public.users_departmentmembership USING btree (user_id);


--
-- Name: users_historicaluser_created_by_id_16e07eab; Type: INDEX; Schema: public; Owner: sims_user
--

CREATE INDEX users_historicaluser_created_by_id_16e07eab ON public.users_historicaluser USING btree (created_by_id);


--
-- Name: users_historicaluser_history_date_c280194d; Type: INDEX; Schema: public; Owner: sims_user
--

CREATE INDEX users_historicaluser_history_date_c280194d ON public.users_historicaluser USING btree (history_date);


--
-- Name: users_historicaluser_history_user_id_7f91d047; Type: INDEX; Schema: public; Owner: sims_user
--

CREATE INDEX users_historicaluser_history_user_id_7f91d047 ON public.users_historicaluser USING btree (history_user_id);


--
-- Name: users_historicaluser_home_department_id_5d855b62; Type: INDEX; Schema: public; Owner: sims_user
--

CREATE INDEX users_historicaluser_home_department_id_5d855b62 ON public.users_historicaluser USING btree (home_department_id);


--
-- Name: users_historicaluser_home_hospital_id_a61038da; Type: INDEX; Schema: public; Owner: sims_user
--

CREATE INDEX users_historicaluser_home_hospital_id_a61038da ON public.users_historicaluser USING btree (home_hospital_id);


--
-- Name: users_historicaluser_id_5e70dd03; Type: INDEX; Schema: public; Owner: sims_user
--

CREATE INDEX users_historicaluser_id_5e70dd03 ON public.users_historicaluser USING btree (id);


--
-- Name: users_historicaluser_modified_by_id_c56f7185; Type: INDEX; Schema: public; Owner: sims_user
--

CREATE INDEX users_historicaluser_modified_by_id_c56f7185 ON public.users_historicaluser USING btree (modified_by_id);


--
-- Name: users_historicaluser_supervisor_id_6ea98826; Type: INDEX; Schema: public; Owner: sims_user
--

CREATE INDEX users_historicaluser_supervisor_id_6ea98826 ON public.users_historicaluser USING btree (supervisor_id);


--
-- Name: users_historicaluser_username_8f7ba123; Type: INDEX; Schema: public; Owner: sims_user
--

CREATE INDEX users_historicaluser_username_8f7ba123 ON public.users_historicaluser USING btree (username);


--
-- Name: users_historicaluser_username_8f7ba123_like; Type: INDEX; Schema: public; Owner: sims_user
--

CREATE INDEX users_historicaluser_username_8f7ba123_like ON public.users_historicaluser USING btree (username varchar_pattern_ops);


--
-- Name: users_hodas_departm_8be3ed_idx; Type: INDEX; Schema: public; Owner: sims_user
--

CREATE INDEX users_hodas_departm_8be3ed_idx ON public.users_hodassignment USING btree (department_id, active);


--
-- Name: users_hodas_hod_use_88159e_idx; Type: INDEX; Schema: public; Owner: sims_user
--

CREATE INDEX users_hodas_hod_use_88159e_idx ON public.users_hodassignment USING btree (hod_user_id, active);


--
-- Name: users_hodassignment_created_by_id_25c6b83c; Type: INDEX; Schema: public; Owner: sims_user
--

CREATE INDEX users_hodassignment_created_by_id_25c6b83c ON public.users_hodassignment USING btree (created_by_id);


--
-- Name: users_hodassignment_department_id_96d9abb7; Type: INDEX; Schema: public; Owner: sims_user
--

CREATE INDEX users_hodassignment_department_id_96d9abb7 ON public.users_hodassignment USING btree (department_id);


--
-- Name: users_hodassignment_hod_user_id_c749ad08; Type: INDEX; Schema: public; Owner: sims_user
--

CREATE INDEX users_hodassignment_hod_user_id_c749ad08 ON public.users_hodassignment USING btree (hod_user_id);


--
-- Name: users_hodassignment_updated_by_id_39410814; Type: INDEX; Schema: public; Owner: sims_user
--

CREATE INDEX users_hodassignment_updated_by_id_39410814 ON public.users_hodassignment USING btree (updated_by_id);


--
-- Name: users_hospi_hospita_6fde4e_idx; Type: INDEX; Schema: public; Owner: sims_user
--

CREATE INDEX users_hospi_hospita_6fde4e_idx ON public.users_hospitalassignment USING btree (hospital_department_id, active);


--
-- Name: users_hospi_user_id_ebd6bb_idx; Type: INDEX; Schema: public; Owner: sims_user
--

CREATE INDEX users_hospi_user_id_ebd6bb_idx ON public.users_hospitalassignment USING btree (user_id, active);


--
-- Name: users_hospitalassignment_created_by_id_3283c98a; Type: INDEX; Schema: public; Owner: sims_user
--

CREATE INDEX users_hospitalassignment_created_by_id_3283c98a ON public.users_hospitalassignment USING btree (created_by_id);


--
-- Name: users_hospitalassignment_hospital_department_id_6d3abb28; Type: INDEX; Schema: public; Owner: sims_user
--

CREATE INDEX users_hospitalassignment_hospital_department_id_6d3abb28 ON public.users_hospitalassignment USING btree (hospital_department_id);


--
-- Name: users_hospitalassignment_updated_by_id_710d1021; Type: INDEX; Schema: public; Owner: sims_user
--

CREATE INDEX users_hospitalassignment_updated_by_id_710d1021 ON public.users_hospitalassignment USING btree (updated_by_id);


--
-- Name: users_hospitalassignment_user_id_fdf26e50; Type: INDEX; Schema: public; Owner: sims_user
--

CREATE INDEX users_hospitalassignment_user_id_fdf26e50 ON public.users_hospitalassignment USING btree (user_id);


--
-- Name: users_resid_active_86f7e2_idx; Type: INDEX; Schema: public; Owner: sims_user
--

CREATE INDEX users_resid_active_86f7e2_idx ON public.users_residentprofile USING btree (active);


--
-- Name: users_resid_trainin_b9fc86_idx; Type: INDEX; Schema: public; Owner: sims_user
--

CREATE INDEX users_resid_trainin_b9fc86_idx ON public.users_residentprofile USING btree (training_start);


--
-- Name: users_staff_active_106c51_idx; Type: INDEX; Schema: public; Owner: sims_user
--

CREATE INDEX users_staff_active_106c51_idx ON public.users_staffprofile USING btree (active);


--
-- Name: users_super_departm_1b9f7d_idx; Type: INDEX; Schema: public; Owner: sims_user
--

CREATE INDEX users_super_departm_1b9f7d_idx ON public.users_supervisorresidentlink USING btree (department_id, active);


--
-- Name: users_super_residen_bb6a61_idx; Type: INDEX; Schema: public; Owner: sims_user
--

CREATE INDEX users_super_residen_bb6a61_idx ON public.users_supervisorresidentlink USING btree (resident_user_id, active);


--
-- Name: users_super_supervi_c4e89f_idx; Type: INDEX; Schema: public; Owner: sims_user
--

CREATE INDEX users_super_supervi_c4e89f_idx ON public.users_supervisorresidentlink USING btree (supervisor_user_id, active);


--
-- Name: users_supervisorresidentlink_created_by_id_5865ad10; Type: INDEX; Schema: public; Owner: sims_user
--

CREATE INDEX users_supervisorresidentlink_created_by_id_5865ad10 ON public.users_supervisorresidentlink USING btree (created_by_id);


--
-- Name: users_supervisorresidentlink_department_id_c43c41e9; Type: INDEX; Schema: public; Owner: sims_user
--

CREATE INDEX users_supervisorresidentlink_department_id_c43c41e9 ON public.users_supervisorresidentlink USING btree (department_id);


--
-- Name: users_supervisorresidentlink_resident_user_id_c230e36b; Type: INDEX; Schema: public; Owner: sims_user
--

CREATE INDEX users_supervisorresidentlink_resident_user_id_c230e36b ON public.users_supervisorresidentlink USING btree (resident_user_id);


--
-- Name: users_supervisorresidentlink_supervisor_user_id_6e12037e; Type: INDEX; Schema: public; Owner: sims_user
--

CREATE INDEX users_supervisorresidentlink_supervisor_user_id_6e12037e ON public.users_supervisorresidentlink USING btree (supervisor_user_id);


--
-- Name: users_supervisorresidentlink_updated_by_id_affacda6; Type: INDEX; Schema: public; Owner: sims_user
--

CREATE INDEX users_supervisorresidentlink_updated_by_id_affacda6 ON public.users_supervisorresidentlink USING btree (updated_by_id);


--
-- Name: users_user_created_by_id_ba0dd846; Type: INDEX; Schema: public; Owner: sims_user
--

CREATE INDEX users_user_created_by_id_ba0dd846 ON public.users_user USING btree (created_by_id);


--
-- Name: users_user_groups_group_id_9afc8d0e; Type: INDEX; Schema: public; Owner: sims_user
--

CREATE INDEX users_user_groups_group_id_9afc8d0e ON public.users_user_groups USING btree (group_id);


--
-- Name: users_user_groups_user_id_5f6f5a90; Type: INDEX; Schema: public; Owner: sims_user
--

CREATE INDEX users_user_groups_user_id_5f6f5a90 ON public.users_user_groups USING btree (user_id);


--
-- Name: users_user_home_department_id_23281948; Type: INDEX; Schema: public; Owner: sims_user
--

CREATE INDEX users_user_home_department_id_23281948 ON public.users_user USING btree (home_department_id);


--
-- Name: users_user_home_hospital_id_32a766cb; Type: INDEX; Schema: public; Owner: sims_user
--

CREATE INDEX users_user_home_hospital_id_32a766cb ON public.users_user USING btree (home_hospital_id);


--
-- Name: users_user_is_acti_ddda02_idx; Type: INDEX; Schema: public; Owner: sims_user
--

CREATE INDEX users_user_is_acti_ddda02_idx ON public.users_user USING btree (is_active);


--
-- Name: users_user_modified_by_id_d127a936; Type: INDEX; Schema: public; Owner: sims_user
--

CREATE INDEX users_user_modified_by_id_d127a936 ON public.users_user USING btree (modified_by_id);


--
-- Name: users_user_role_36d76d_idx; Type: INDEX; Schema: public; Owner: sims_user
--

CREATE INDEX users_user_role_36d76d_idx ON public.users_user USING btree (role);


--
-- Name: users_user_special_51df32_idx; Type: INDEX; Schema: public; Owner: sims_user
--

CREATE INDEX users_user_special_51df32_idx ON public.users_user USING btree (specialty);


--
-- Name: users_user_supervi_cb7d54_idx; Type: INDEX; Schema: public; Owner: sims_user
--

CREATE INDEX users_user_supervi_cb7d54_idx ON public.users_user USING btree (supervisor_id);


--
-- Name: users_user_supervisor_id_5f1670ee; Type: INDEX; Schema: public; Owner: sims_user
--

CREATE INDEX users_user_supervisor_id_5f1670ee ON public.users_user USING btree (supervisor_id);


--
-- Name: users_user_user_permissions_permission_id_0b93982e; Type: INDEX; Schema: public; Owner: sims_user
--

CREATE INDEX users_user_user_permissions_permission_id_0b93982e ON public.users_user_user_permissions USING btree (permission_id);


--
-- Name: users_user_user_permissions_user_id_20aca447; Type: INDEX; Schema: public; Owner: sims_user
--

CREATE INDEX users_user_user_permissions_user_id_20aca447 ON public.users_user_user_permissions USING btree (user_id);


--
-- Name: users_user_username_06e46fe6_like; Type: INDEX; Schema: public; Owner: sims_user
--

CREATE INDEX users_user_username_06e46fe6_like ON public.users_user USING btree (username varchar_pattern_ops);


--
-- Name: academics_batch academics_batch_coordinator_id_ce0a7eed_fk_users_user_id; Type: FK CONSTRAINT; Schema: public; Owner: sims_user
--

ALTER TABLE ONLY public.academics_batch
    ADD CONSTRAINT academics_batch_coordinator_id_ce0a7eed_fk_users_user_id FOREIGN KEY (coordinator_id) REFERENCES public.users_user(id) DEFERRABLE INITIALLY DEFERRED;


--
-- Name: academics_batch academics_batch_department_id_a1b98575_fk_academics; Type: FK CONSTRAINT; Schema: public; Owner: sims_user
--

ALTER TABLE ONLY public.academics_batch
    ADD CONSTRAINT academics_batch_department_id_a1b98575_fk_academics FOREIGN KEY (department_id) REFERENCES public.academics_department(id) DEFERRABLE INITIALLY DEFERRED;


--
-- Name: academics_department academics_department_head_id_a0433f85_fk_users_user_id; Type: FK CONSTRAINT; Schema: public; Owner: sims_user
--

ALTER TABLE ONLY public.academics_department
    ADD CONSTRAINT academics_department_head_id_a0433f85_fk_users_user_id FOREIGN KEY (head_id) REFERENCES public.users_user(id) DEFERRABLE INITIALLY DEFERRED;


--
-- Name: academics_studentprofile academics_studentpro_batch_id_d2ed370c_fk_academics; Type: FK CONSTRAINT; Schema: public; Owner: sims_user
--

ALTER TABLE ONLY public.academics_studentprofile
    ADD CONSTRAINT academics_studentpro_batch_id_d2ed370c_fk_academics FOREIGN KEY (batch_id) REFERENCES public.academics_batch(id) DEFERRABLE INITIALLY DEFERRED;


--
-- Name: academics_studentprofile academics_studentprofile_user_id_0e3dec71_fk_users_user_id; Type: FK CONSTRAINT; Schema: public; Owner: sims_user
--

ALTER TABLE ONLY public.academics_studentprofile
    ADD CONSTRAINT academics_studentprofile_user_id_0e3dec71_fk_users_user_id FOREIGN KEY (user_id) REFERENCES public.users_user(id) DEFERRABLE INITIALLY DEFERRED;


--
-- Name: audit_activitylog audit_activitylog_actor_id_d9142f81_fk_users_user_id; Type: FK CONSTRAINT; Schema: public; Owner: sims_user
--

ALTER TABLE ONLY public.audit_activitylog
    ADD CONSTRAINT audit_activitylog_actor_id_d9142f81_fk_users_user_id FOREIGN KEY (actor_id) REFERENCES public.users_user(id) DEFERRABLE INITIALLY DEFERRED;


--
-- Name: audit_activitylog audit_activitylog_target_content_type__860f64ca_fk_django_co; Type: FK CONSTRAINT; Schema: public; Owner: sims_user
--

ALTER TABLE ONLY public.audit_activitylog
    ADD CONSTRAINT audit_activitylog_target_content_type__860f64ca_fk_django_co FOREIGN KEY (target_content_type_id) REFERENCES public.django_content_type(id) DEFERRABLE INITIALLY DEFERRED;


--
-- Name: audit_auditreport audit_auditreport_created_by_id_856e1580_fk_users_user_id; Type: FK CONSTRAINT; Schema: public; Owner: sims_user
--

ALTER TABLE ONLY public.audit_auditreport
    ADD CONSTRAINT audit_auditreport_created_by_id_856e1580_fk_users_user_id FOREIGN KEY (created_by_id) REFERENCES public.users_user(id) DEFERRABLE INITIALLY DEFERRED;


--
-- Name: audit_historicalauditreport audit_historicalaudi_history_user_id_6c6539d3_fk_users_use; Type: FK CONSTRAINT; Schema: public; Owner: sims_user
--

ALTER TABLE ONLY public.audit_historicalauditreport
    ADD CONSTRAINT audit_historicalaudi_history_user_id_6c6539d3_fk_users_use FOREIGN KEY (history_user_id) REFERENCES public.users_user(id) DEFERRABLE INITIALLY DEFERRED;


--
-- Name: auth_group_permissions auth_group_permissio_permission_id_84c5c92e_fk_auth_perm; Type: FK CONSTRAINT; Schema: public; Owner: sims_user
--

ALTER TABLE ONLY public.auth_group_permissions
    ADD CONSTRAINT auth_group_permissio_permission_id_84c5c92e_fk_auth_perm FOREIGN KEY (permission_id) REFERENCES public.auth_permission(id) DEFERRABLE INITIALLY DEFERRED;


--
-- Name: auth_group_permissions auth_group_permissions_group_id_b120cbf9_fk_auth_group_id; Type: FK CONSTRAINT; Schema: public; Owner: sims_user
--

ALTER TABLE ONLY public.auth_group_permissions
    ADD CONSTRAINT auth_group_permissions_group_id_b120cbf9_fk_auth_group_id FOREIGN KEY (group_id) REFERENCES public.auth_group(id) DEFERRABLE INITIALLY DEFERRED;


--
-- Name: auth_permission auth_permission_content_type_id_2f476e4b_fk_django_co; Type: FK CONSTRAINT; Schema: public; Owner: sims_user
--

ALTER TABLE ONLY public.auth_permission
    ADD CONSTRAINT auth_permission_content_type_id_2f476e4b_fk_django_co FOREIGN KEY (content_type_id) REFERENCES public.django_content_type(id) DEFERRABLE INITIALLY DEFERRED;


--
-- Name: bulk_bulkoperation bulk_bulkoperation_user_id_82c668ce_fk_users_user_id; Type: FK CONSTRAINT; Schema: public; Owner: sims_user
--

ALTER TABLE ONLY public.bulk_bulkoperation
    ADD CONSTRAINT bulk_bulkoperation_user_id_82c668ce_fk_users_user_id FOREIGN KEY (user_id) REFERENCES public.users_user(id) DEFERRABLE INITIALLY DEFERRED;


--
-- Name: django_admin_log django_admin_log_content_type_id_c4bce8eb_fk_django_co; Type: FK CONSTRAINT; Schema: public; Owner: sims_user
--

ALTER TABLE ONLY public.django_admin_log
    ADD CONSTRAINT django_admin_log_content_type_id_c4bce8eb_fk_django_co FOREIGN KEY (content_type_id) REFERENCES public.django_content_type(id) DEFERRABLE INITIALLY DEFERRED;


--
-- Name: django_admin_log django_admin_log_user_id_c564eba6_fk_users_user_id; Type: FK CONSTRAINT; Schema: public; Owner: sims_user
--

ALTER TABLE ONLY public.django_admin_log
    ADD CONSTRAINT django_admin_log_user_id_c564eba6_fk_users_user_id FOREIGN KEY (user_id) REFERENCES public.users_user(id) DEFERRABLE INITIALLY DEFERRED;


--
-- Name: django_celery_beat_periodictask django_celery_beat_p_clocked_id_47a69f82_fk_django_ce; Type: FK CONSTRAINT; Schema: public; Owner: sims_user
--

ALTER TABLE ONLY public.django_celery_beat_periodictask
    ADD CONSTRAINT django_celery_beat_p_clocked_id_47a69f82_fk_django_ce FOREIGN KEY (clocked_id) REFERENCES public.django_celery_beat_clockedschedule(id) DEFERRABLE INITIALLY DEFERRED;


--
-- Name: django_celery_beat_periodictask django_celery_beat_p_crontab_id_d3cba168_fk_django_ce; Type: FK CONSTRAINT; Schema: public; Owner: sims_user
--

ALTER TABLE ONLY public.django_celery_beat_periodictask
    ADD CONSTRAINT django_celery_beat_p_crontab_id_d3cba168_fk_django_ce FOREIGN KEY (crontab_id) REFERENCES public.django_celery_beat_crontabschedule(id) DEFERRABLE INITIALLY DEFERRED;


--
-- Name: django_celery_beat_periodictask django_celery_beat_p_interval_id_a8ca27da_fk_django_ce; Type: FK CONSTRAINT; Schema: public; Owner: sims_user
--

ALTER TABLE ONLY public.django_celery_beat_periodictask
    ADD CONSTRAINT django_celery_beat_p_interval_id_a8ca27da_fk_django_ce FOREIGN KEY (interval_id) REFERENCES public.django_celery_beat_intervalschedule(id) DEFERRABLE INITIALLY DEFERRED;


--
-- Name: django_celery_beat_periodictask django_celery_beat_p_solar_id_a87ce72c_fk_django_ce; Type: FK CONSTRAINT; Schema: public; Owner: sims_user
--

ALTER TABLE ONLY public.django_celery_beat_periodictask
    ADD CONSTRAINT django_celery_beat_p_solar_id_a87ce72c_fk_django_ce FOREIGN KEY (solar_id) REFERENCES public.django_celery_beat_solarschedule(id) DEFERRABLE INITIALLY DEFERRED;


--
-- Name: notifications_notification notifications_notifi_recipient_id_d055f3f0_fk_users_use; Type: FK CONSTRAINT; Schema: public; Owner: sims_user
--

ALTER TABLE ONLY public.notifications_notification
    ADD CONSTRAINT notifications_notifi_recipient_id_d055f3f0_fk_users_use FOREIGN KEY (recipient_id) REFERENCES public.users_user(id) DEFERRABLE INITIALLY DEFERRED;


--
-- Name: notifications_notificationpreference notifications_notifi_user_id_7cfb3d3a_fk_users_use; Type: FK CONSTRAINT; Schema: public; Owner: sims_user
--

ALTER TABLE ONLY public.notifications_notificationpreference
    ADD CONSTRAINT notifications_notifi_user_id_7cfb3d3a_fk_users_use FOREIGN KEY (user_id) REFERENCES public.users_user(id) DEFERRABLE INITIALLY DEFERRED;


--
-- Name: notifications_notification notifications_notification_actor_id_ec6170c3_fk_users_user_id; Type: FK CONSTRAINT; Schema: public; Owner: sims_user
--

ALTER TABLE ONLY public.notifications_notification
    ADD CONSTRAINT notifications_notification_actor_id_ec6170c3_fk_users_user_id FOREIGN KEY (actor_id) REFERENCES public.users_user(id) DEFERRABLE INITIALLY DEFERRED;


--
-- Name: rotations_hospitaldepartment rotations_hospitalde_department_id_8a1c98f7_fk_academics; Type: FK CONSTRAINT; Schema: public; Owner: sims_user
--

ALTER TABLE ONLY public.rotations_hospitaldepartment
    ADD CONSTRAINT rotations_hospitalde_department_id_8a1c98f7_fk_academics FOREIGN KEY (department_id) REFERENCES public.academics_department(id) DEFERRABLE INITIALLY DEFERRED;


--
-- Name: rotations_hospitaldepartment rotations_hospitalde_hospital_id_7df2949c_fk_rotations; Type: FK CONSTRAINT; Schema: public; Owner: sims_user
--

ALTER TABLE ONLY public.rotations_hospitaldepartment
    ADD CONSTRAINT rotations_hospitalde_hospital_id_7df2949c_fk_rotations FOREIGN KEY (hospital_id) REFERENCES public.rotations_hospital(id) DEFERRABLE INITIALLY DEFERRED;


--
-- Name: training_deputationposting training_deputationp_approved_by_id_9acbe3b0_fk_users_use; Type: FK CONSTRAINT; Schema: public; Owner: sims_user
--

ALTER TABLE ONLY public.training_deputationposting
    ADD CONSTRAINT training_deputationp_approved_by_id_9acbe3b0_fk_users_use FOREIGN KEY (approved_by_id) REFERENCES public.users_user(id) DEFERRABLE INITIALLY DEFERRED;


--
-- Name: training_deputationposting training_deputationp_resident_training_id_290f65dd_fk_training_; Type: FK CONSTRAINT; Schema: public; Owner: sims_user
--

ALTER TABLE ONLY public.training_deputationposting
    ADD CONSTRAINT training_deputationp_resident_training_id_290f65dd_fk_training_ FOREIGN KEY (resident_training_id) REFERENCES public.training_residenttrainingrecord(id) DEFERRABLE INITIALLY DEFERRED;


--
-- Name: training_historicaldeputationposting training_historicald_history_user_id_15cec6d9_fk_users_use; Type: FK CONSTRAINT; Schema: public; Owner: sims_user
--

ALTER TABLE ONLY public.training_historicaldeputationposting
    ADD CONSTRAINT training_historicald_history_user_id_15cec6d9_fk_users_use FOREIGN KEY (history_user_id) REFERENCES public.users_user(id) DEFERRABLE INITIALLY DEFERRED;


--
-- Name: training_historicalleaverequest training_historicall_history_user_id_5cf7cf96_fk_users_use; Type: FK CONSTRAINT; Schema: public; Owner: sims_user
--

ALTER TABLE ONLY public.training_historicalleaverequest
    ADD CONSTRAINT training_historicall_history_user_id_5cf7cf96_fk_users_use FOREIGN KEY (history_user_id) REFERENCES public.users_user(id) DEFERRABLE INITIALLY DEFERRED;


--
-- Name: training_historicallogbookthresholdconfig training_historicall_history_user_id_707752f2_fk_users_use; Type: FK CONSTRAINT; Schema: public; Owner: sims_user
--

ALTER TABLE ONLY public.training_historicallogbookthresholdconfig
    ADD CONSTRAINT training_historicall_history_user_id_707752f2_fk_users_use FOREIGN KEY (history_user_id) REFERENCES public.users_user(id) DEFERRABLE INITIALLY DEFERRED;


--
-- Name: training_historicallogbookentry training_historicall_history_user_id_8f99c8d4_fk_users_use; Type: FK CONSTRAINT; Schema: public; Owner: sims_user
--

ALTER TABLE ONLY public.training_historicallogbookentry
    ADD CONSTRAINT training_historicall_history_user_id_8f99c8d4_fk_users_use FOREIGN KEY (history_user_id) REFERENCES public.users_user(id) DEFERRABLE INITIALLY DEFERRED;


--
-- Name: training_historicallogbookreview training_historicall_history_user_id_e98cb07a_fk_users_use; Type: FK CONSTRAINT; Schema: public; Owner: sims_user
--

ALTER TABLE ONLY public.training_historicallogbookreview
    ADD CONSTRAINT training_historicall_history_user_id_e98cb07a_fk_users_use FOREIGN KEY (history_user_id) REFERENCES public.users_user(id) DEFERRABLE INITIALLY DEFERRED;


--
-- Name: training_historicalprogrammilestoneresearchrequirement training_historicalp_history_user_id_0d5046f7_fk_users_use; Type: FK CONSTRAINT; Schema: public; Owner: sims_user
--

ALTER TABLE ONLY public.training_historicalprogrammilestoneresearchrequirement
    ADD CONSTRAINT training_historicalp_history_user_id_0d5046f7_fk_users_use FOREIGN KEY (history_user_id) REFERENCES public.users_user(id) DEFERRABLE INITIALLY DEFERRED;


--
-- Name: training_historicalprogrammilestone training_historicalp_history_user_id_3cd28bc0_fk_users_use; Type: FK CONSTRAINT; Schema: public; Owner: sims_user
--

ALTER TABLE ONLY public.training_historicalprogrammilestone
    ADD CONSTRAINT training_historicalp_history_user_id_3cd28bc0_fk_users_use FOREIGN KEY (history_user_id) REFERENCES public.users_user(id) DEFERRABLE INITIALLY DEFERRED;


--
-- Name: training_historicalprogrammilestonelogbookrequirement training_historicalp_history_user_id_3f8fb37a_fk_users_use; Type: FK CONSTRAINT; Schema: public; Owner: sims_user
--

ALTER TABLE ONLY public.training_historicalprogrammilestonelogbookrequirement
    ADD CONSTRAINT training_historicalp_history_user_id_3f8fb37a_fk_users_use FOREIGN KEY (history_user_id) REFERENCES public.users_user(id) DEFERRABLE INITIALLY DEFERRED;


--
-- Name: training_historicalprogramrotationtemplate training_historicalp_history_user_id_56718fe2_fk_users_use; Type: FK CONSTRAINT; Schema: public; Owner: sims_user
--

ALTER TABLE ONLY public.training_historicalprogramrotationtemplate
    ADD CONSTRAINT training_historicalp_history_user_id_56718fe2_fk_users_use FOREIGN KEY (history_user_id) REFERENCES public.users_user(id) DEFERRABLE INITIALLY DEFERRED;


--
-- Name: training_historicalprogramrotationrequirement training_historicalp_history_user_id_a367953d_fk_users_use; Type: FK CONSTRAINT; Schema: public; Owner: sims_user
--

ALTER TABLE ONLY public.training_historicalprogramrotationrequirement
    ADD CONSTRAINT training_historicalp_history_user_id_a367953d_fk_users_use FOREIGN KEY (history_user_id) REFERENCES public.users_user(id) DEFERRABLE INITIALLY DEFERRED;


--
-- Name: training_historicalprogrampolicy training_historicalp_history_user_id_c171c0a9_fk_users_use; Type: FK CONSTRAINT; Schema: public; Owner: sims_user
--

ALTER TABLE ONLY public.training_historicalprogrampolicy
    ADD CONSTRAINT training_historicalp_history_user_id_c171c0a9_fk_users_use FOREIGN KEY (history_user_id) REFERENCES public.users_user(id) DEFERRABLE INITIALLY DEFERRED;


--
-- Name: training_historicalprogrammilestoneworkshoprequirement training_historicalp_history_user_id_eeb83054_fk_users_use; Type: FK CONSTRAINT; Schema: public; Owner: sims_user
--

ALTER TABLE ONLY public.training_historicalprogrammilestoneworkshoprequirement
    ADD CONSTRAINT training_historicalp_history_user_id_eeb83054_fk_users_use FOREIGN KEY (history_user_id) REFERENCES public.users_user(id) DEFERRABLE INITIALLY DEFERRED;


--
-- Name: training_historicalrotationcertificate training_historicalr_history_user_id_20bd2095_fk_users_use; Type: FK CONSTRAINT; Schema: public; Owner: sims_user
--

ALTER TABLE ONLY public.training_historicalrotationcertificate
    ADD CONSTRAINT training_historicalr_history_user_id_20bd2095_fk_users_use FOREIGN KEY (history_user_id) REFERENCES public.users_user(id) DEFERRABLE INITIALLY DEFERRED;


--
-- Name: training_historicalresidentthesis training_historicalr_history_user_id_8bdde690_fk_users_use; Type: FK CONSTRAINT; Schema: public; Owner: sims_user
--

ALTER TABLE ONLY public.training_historicalresidentthesis
    ADD CONSTRAINT training_historicalr_history_user_id_8bdde690_fk_users_use FOREIGN KEY (history_user_id) REFERENCES public.users_user(id) DEFERRABLE INITIALLY DEFERRED;


--
-- Name: training_historicalresidenttrainingrecord training_historicalr_history_user_id_8f8eecf3_fk_users_use; Type: FK CONSTRAINT; Schema: public; Owner: sims_user
--

ALTER TABLE ONLY public.training_historicalresidenttrainingrecord
    ADD CONSTRAINT training_historicalr_history_user_id_8f8eecf3_fk_users_use FOREIGN KEY (history_user_id) REFERENCES public.users_user(id) DEFERRABLE INITIALLY DEFERRED;


--
-- Name: training_historicalresidentsubmission training_historicalr_history_user_id_a3649abd_fk_users_use; Type: FK CONSTRAINT; Schema: public; Owner: sims_user
--

ALTER TABLE ONLY public.training_historicalresidentsubmission
    ADD CONSTRAINT training_historicalr_history_user_id_a3649abd_fk_users_use FOREIGN KEY (history_user_id) REFERENCES public.users_user(id) DEFERRABLE INITIALLY DEFERRED;


--
-- Name: training_historicalresidentworkshopcompletion training_historicalr_history_user_id_a50ed693_fk_users_use; Type: FK CONSTRAINT; Schema: public; Owner: sims_user
--

ALTER TABLE ONLY public.training_historicalresidentworkshopcompletion
    ADD CONSTRAINT training_historicalr_history_user_id_a50ed693_fk_users_use FOREIGN KEY (history_user_id) REFERENCES public.users_user(id) DEFERRABLE INITIALLY DEFERRED;


--
-- Name: training_historicalrotationcompletion training_historicalr_history_user_id_a8eb40ec_fk_users_use; Type: FK CONSTRAINT; Schema: public; Owner: sims_user
--

ALTER TABLE ONLY public.training_historicalrotationcompletion
    ADD CONSTRAINT training_historicalr_history_user_id_a8eb40ec_fk_users_use FOREIGN KEY (history_user_id) REFERENCES public.users_user(id) DEFERRABLE INITIALLY DEFERRED;


--
-- Name: training_historicalrotationassignment training_historicalr_history_user_id_bc20317f_fk_users_use; Type: FK CONSTRAINT; Schema: public; Owner: sims_user
--

ALTER TABLE ONLY public.training_historicalrotationassignment
    ADD CONSTRAINT training_historicalr_history_user_id_bc20317f_fk_users_use FOREIGN KEY (history_user_id) REFERENCES public.users_user(id) DEFERRABLE INITIALLY DEFERRED;


--
-- Name: training_historicalresidentresearchproject training_historicalr_history_user_id_c9355d63_fk_users_use; Type: FK CONSTRAINT; Schema: public; Owner: sims_user
--

ALTER TABLE ONLY public.training_historicalresidentresearchproject
    ADD CONSTRAINT training_historicalr_history_user_id_c9355d63_fk_users_use FOREIGN KEY (history_user_id) REFERENCES public.users_user(id) DEFERRABLE INITIALLY DEFERRED;


--
-- Name: training_historicalsubmissioncertificate training_historicals_history_user_id_0e1b4606_fk_users_use; Type: FK CONSTRAINT; Schema: public; Owner: sims_user
--

ALTER TABLE ONLY public.training_historicalsubmissioncertificate
    ADD CONSTRAINT training_historicals_history_user_id_0e1b4606_fk_users_use FOREIGN KEY (history_user_id) REFERENCES public.users_user(id) DEFERRABLE INITIALLY DEFERRED;


--
-- Name: training_historicalsubmissiondocument training_historicals_history_user_id_3c5154a3_fk_users_use; Type: FK CONSTRAINT; Schema: public; Owner: sims_user
--

ALTER TABLE ONLY public.training_historicalsubmissiondocument
    ADD CONSTRAINT training_historicals_history_user_id_3c5154a3_fk_users_use FOREIGN KEY (history_user_id) REFERENCES public.users_user(id) DEFERRABLE INITIALLY DEFERRED;


--
-- Name: training_historicalsubmissionrequirementtemplate training_historicals_history_user_id_ae1b159e_fk_users_use; Type: FK CONSTRAINT; Schema: public; Owner: sims_user
--

ALTER TABLE ONLY public.training_historicalsubmissionrequirementtemplate
    ADD CONSTRAINT training_historicals_history_user_id_ae1b159e_fk_users_use FOREIGN KEY (history_user_id) REFERENCES public.users_user(id) DEFERRABLE INITIALLY DEFERRED;


--
-- Name: training_historicalsubmissionreview training_historicals_history_user_id_bf90ef86_fk_users_use; Type: FK CONSTRAINT; Schema: public; Owner: sims_user
--

ALTER TABLE ONLY public.training_historicalsubmissionreview
    ADD CONSTRAINT training_historicals_history_user_id_bf90ef86_fk_users_use FOREIGN KEY (history_user_id) REFERENCES public.users_user(id) DEFERRABLE INITIALLY DEFERRED;


--
-- Name: training_historicaltrainingprogram training_historicalt_history_user_id_3bdd82a0_fk_users_use; Type: FK CONSTRAINT; Schema: public; Owner: sims_user
--

ALTER TABLE ONLY public.training_historicaltrainingprogram
    ADD CONSTRAINT training_historicalt_history_user_id_3bdd82a0_fk_users_use FOREIGN KEY (history_user_id) REFERENCES public.users_user(id) DEFERRABLE INITIALLY DEFERRED;


--
-- Name: training_historicalworkshop training_historicalw_history_user_id_3451443d_fk_users_use; Type: FK CONSTRAINT; Schema: public; Owner: sims_user
--

ALTER TABLE ONLY public.training_historicalworkshop
    ADD CONSTRAINT training_historicalw_history_user_id_3451443d_fk_users_use FOREIGN KEY (history_user_id) REFERENCES public.users_user(id) DEFERRABLE INITIALLY DEFERRED;


--
-- Name: training_historicalworkshoprun training_historicalw_history_user_id_5a974990_fk_users_use; Type: FK CONSTRAINT; Schema: public; Owner: sims_user
--

ALTER TABLE ONLY public.training_historicalworkshoprun
    ADD CONSTRAINT training_historicalw_history_user_id_5a974990_fk_users_use FOREIGN KEY (history_user_id) REFERENCES public.users_user(id) DEFERRABLE INITIALLY DEFERRED;


--
-- Name: training_historicalworkshopblock training_historicalw_history_user_id_a2b4ef19_fk_users_use; Type: FK CONSTRAINT; Schema: public; Owner: sims_user
--

ALTER TABLE ONLY public.training_historicalworkshopblock
    ADD CONSTRAINT training_historicalw_history_user_id_a2b4ef19_fk_users_use FOREIGN KEY (history_user_id) REFERENCES public.users_user(id) DEFERRABLE INITIALLY DEFERRED;


--
-- Name: training_leaverequest training_leavereques_resident_training_id_da092f12_fk_training_; Type: FK CONSTRAINT; Schema: public; Owner: sims_user
--

ALTER TABLE ONLY public.training_leaverequest
    ADD CONSTRAINT training_leavereques_resident_training_id_da092f12_fk_training_ FOREIGN KEY (resident_training_id) REFERENCES public.training_residenttrainingrecord(id) DEFERRABLE INITIALLY DEFERRED;


--
-- Name: training_leaverequest training_leaverequest_approved_by_id_5c14bafd_fk_users_user_id; Type: FK CONSTRAINT; Schema: public; Owner: sims_user
--

ALTER TABLE ONLY public.training_leaverequest
    ADD CONSTRAINT training_leaverequest_approved_by_id_5c14bafd_fk_users_user_id FOREIGN KEY (approved_by_id) REFERENCES public.users_user(id) DEFERRABLE INITIALLY DEFERRED;


--
-- Name: training_logbookentry training_logbookentr_resident_training_re_a57b64d2_fk_training_; Type: FK CONSTRAINT; Schema: public; Owner: sims_user
--

ALTER TABLE ONLY public.training_logbookentry
    ADD CONSTRAINT training_logbookentr_resident_training_re_a57b64d2_fk_training_ FOREIGN KEY (resident_training_record_id) REFERENCES public.training_residenttrainingrecord(id) DEFERRABLE INITIALLY DEFERRED;


--
-- Name: training_logbookentry training_logbookentr_rotation_assignment__f9e534f9_fk_training_; Type: FK CONSTRAINT; Schema: public; Owner: sims_user
--

ALTER TABLE ONLY public.training_logbookentry
    ADD CONSTRAINT training_logbookentr_rotation_assignment__f9e534f9_fk_training_ FOREIGN KEY (rotation_assignment_id) REFERENCES public.training_rotationassignment(id) DEFERRABLE INITIALLY DEFERRED;


--
-- Name: training_logbookentry training_logbookentry_created_by_id_a5bb7239_fk_users_user_id; Type: FK CONSTRAINT; Schema: public; Owner: sims_user
--

ALTER TABLE ONLY public.training_logbookentry
    ADD CONSTRAINT training_logbookentry_created_by_id_a5bb7239_fk_users_user_id FOREIGN KEY (created_by_id) REFERENCES public.users_user(id) DEFERRABLE INITIALLY DEFERRED;


--
-- Name: training_logbookentry training_logbookentry_reviewed_by_id_aeb35d0c_fk_users_user_id; Type: FK CONSTRAINT; Schema: public; Owner: sims_user
--

ALTER TABLE ONLY public.training_logbookentry
    ADD CONSTRAINT training_logbookentry_reviewed_by_id_aeb35d0c_fk_users_user_id FOREIGN KEY (reviewed_by_id) REFERENCES public.users_user(id) DEFERRABLE INITIALLY DEFERRED;


--
-- Name: training_logbookreview training_logbookrevi_entry_id_932dec22_fk_training_; Type: FK CONSTRAINT; Schema: public; Owner: sims_user
--

ALTER TABLE ONLY public.training_logbookreview
    ADD CONSTRAINT training_logbookrevi_entry_id_932dec22_fk_training_ FOREIGN KEY (entry_id) REFERENCES public.training_logbookentry(id) DEFERRABLE INITIALLY DEFERRED;


--
-- Name: training_logbookreview training_logbookreview_reviewer_id_686749de_fk_users_user_id; Type: FK CONSTRAINT; Schema: public; Owner: sims_user
--

ALTER TABLE ONLY public.training_logbookreview
    ADD CONSTRAINT training_logbookreview_reviewer_id_686749de_fk_users_user_id FOREIGN KEY (reviewer_id) REFERENCES public.users_user(id) DEFERRABLE INITIALLY DEFERRED;


--
-- Name: training_logbookthresholdconfig training_logbookthre_configured_by_id_6aa6392f_fk_users_use; Type: FK CONSTRAINT; Schema: public; Owner: sims_user
--

ALTER TABLE ONLY public.training_logbookthresholdconfig
    ADD CONSTRAINT training_logbookthre_configured_by_id_6aa6392f_fk_users_use FOREIGN KEY (configured_by_id) REFERENCES public.users_user(id) DEFERRABLE INITIALLY DEFERRED;


--
-- Name: training_logbookthresholdconfig training_logbookthre_department_id_c1461223_fk_academics; Type: FK CONSTRAINT; Schema: public; Owner: sims_user
--

ALTER TABLE ONLY public.training_logbookthresholdconfig
    ADD CONSTRAINT training_logbookthre_department_id_c1461223_fk_academics FOREIGN KEY (department_id) REFERENCES public.academics_department(id) DEFERRABLE INITIALLY DEFERRED;


--
-- Name: training_logbookthresholdconfig training_logbookthre_program_id_029925ce_fk_training_; Type: FK CONSTRAINT; Schema: public; Owner: sims_user
--

ALTER TABLE ONLY public.training_logbookthresholdconfig
    ADD CONSTRAINT training_logbookthre_program_id_029925ce_fk_training_ FOREIGN KEY (program_id) REFERENCES public.training_trainingprogram(id) DEFERRABLE INITIALLY DEFERRED;


--
-- Name: training_logbookthresholdsnapshot training_logbookthre_resident_training_re_5bb4ba02_fk_training_; Type: FK CONSTRAINT; Schema: public; Owner: sims_user
--

ALTER TABLE ONLY public.training_logbookthresholdsnapshot
    ADD CONSTRAINT training_logbookthre_resident_training_re_5bb4ba02_fk_training_ FOREIGN KEY (resident_training_record_id) REFERENCES public.training_residenttrainingrecord(id) DEFERRABLE INITIALLY DEFERRED;


--
-- Name: training_logbookthresholdsnapshot training_logbookthre_rotation_assignment__f001272a_fk_training_; Type: FK CONSTRAINT; Schema: public; Owner: sims_user
--

ALTER TABLE ONLY public.training_logbookthresholdsnapshot
    ADD CONSTRAINT training_logbookthre_rotation_assignment__f001272a_fk_training_ FOREIGN KEY (rotation_assignment_id) REFERENCES public.training_rotationassignment(id) DEFERRABLE INITIALLY DEFERRED;


--
-- Name: training_logbookthresholdsnapshot training_logbookthre_threshold_config_id_0da7556d_fk_training_; Type: FK CONSTRAINT; Schema: public; Owner: sims_user
--

ALTER TABLE ONLY public.training_logbookthresholdsnapshot
    ADD CONSTRAINT training_logbookthre_threshold_config_id_0da7556d_fk_training_ FOREIGN KEY (threshold_config_id) REFERENCES public.training_logbookthresholdconfig(id) DEFERRABLE INITIALLY DEFERRED;


--
-- Name: training_programmilestoneresearchrequirement training_programmile_milestone_id_b7c84cb1_fk_training_; Type: FK CONSTRAINT; Schema: public; Owner: sims_user
--

ALTER TABLE ONLY public.training_programmilestoneresearchrequirement
    ADD CONSTRAINT training_programmile_milestone_id_b7c84cb1_fk_training_ FOREIGN KEY (milestone_id) REFERENCES public.training_programmilestone(id) DEFERRABLE INITIALLY DEFERRED;


--
-- Name: training_programmilestoneworkshoprequirement training_programmile_milestone_id_d9999678_fk_training_; Type: FK CONSTRAINT; Schema: public; Owner: sims_user
--

ALTER TABLE ONLY public.training_programmilestoneworkshoprequirement
    ADD CONSTRAINT training_programmile_milestone_id_d9999678_fk_training_ FOREIGN KEY (milestone_id) REFERENCES public.training_programmilestone(id) DEFERRABLE INITIALLY DEFERRED;


--
-- Name: training_programmilestonelogbookrequirement training_programmile_milestone_id_f53a02ff_fk_training_; Type: FK CONSTRAINT; Schema: public; Owner: sims_user
--

ALTER TABLE ONLY public.training_programmilestonelogbookrequirement
    ADD CONSTRAINT training_programmile_milestone_id_f53a02ff_fk_training_ FOREIGN KEY (milestone_id) REFERENCES public.training_programmilestone(id) DEFERRABLE INITIALLY DEFERRED;


--
-- Name: training_programmilestone training_programmile_program_id_35958f52_fk_training_; Type: FK CONSTRAINT; Schema: public; Owner: sims_user
--

ALTER TABLE ONLY public.training_programmilestone
    ADD CONSTRAINT training_programmile_program_id_35958f52_fk_training_ FOREIGN KEY (program_id) REFERENCES public.training_trainingprogram(id) DEFERRABLE INITIALLY DEFERRED;


--
-- Name: training_programmilestoneworkshoprequirement training_programmile_workshop_id_fd9fa841_fk_training_; Type: FK CONSTRAINT; Schema: public; Owner: sims_user
--

ALTER TABLE ONLY public.training_programmilestoneworkshoprequirement
    ADD CONSTRAINT training_programmile_workshop_id_fd9fa841_fk_training_ FOREIGN KEY (workshop_id) REFERENCES public.training_workshop(id) DEFERRABLE INITIALLY DEFERRED;


--
-- Name: training_programpolicy training_programpoli_program_id_1dc00b3d_fk_training_; Type: FK CONSTRAINT; Schema: public; Owner: sims_user
--

ALTER TABLE ONLY public.training_programpolicy
    ADD CONSTRAINT training_programpoli_program_id_1dc00b3d_fk_training_ FOREIGN KEY (program_id) REFERENCES public.training_trainingprogram(id) DEFERRABLE INITIALLY DEFERRED;


--
-- Name: training_programrotationrequirement training_programrota_department_id_22d663ae_fk_academics; Type: FK CONSTRAINT; Schema: public; Owner: sims_user
--

ALTER TABLE ONLY public.training_programrotationrequirement
    ADD CONSTRAINT training_programrota_department_id_22d663ae_fk_academics FOREIGN KEY (department_id) REFERENCES public.academics_department(id) DEFERRABLE INITIALLY DEFERRED;


--
-- Name: training_programrotationtemplate training_programrota_department_id_512475cd_fk_academics; Type: FK CONSTRAINT; Schema: public; Owner: sims_user
--

ALTER TABLE ONLY public.training_programrotationtemplate
    ADD CONSTRAINT training_programrota_department_id_512475cd_fk_academics FOREIGN KEY (department_id) REFERENCES public.academics_department(id) DEFERRABLE INITIALLY DEFERRED;


--
-- Name: training_programrotationtemplate_allowed_hospitals training_programrota_hospital_id_8c94814b_fk_rotations; Type: FK CONSTRAINT; Schema: public; Owner: sims_user
--

ALTER TABLE ONLY public.training_programrotationtemplate_allowed_hospitals
    ADD CONSTRAINT training_programrota_hospital_id_8c94814b_fk_rotations FOREIGN KEY (hospital_id) REFERENCES public.rotations_hospital(id) DEFERRABLE INITIALLY DEFERRED;


--
-- Name: training_programrotationtemplate training_programrota_program_id_a2d04afa_fk_training_; Type: FK CONSTRAINT; Schema: public; Owner: sims_user
--

ALTER TABLE ONLY public.training_programrotationtemplate
    ADD CONSTRAINT training_programrota_program_id_a2d04afa_fk_training_ FOREIGN KEY (program_id) REFERENCES public.training_trainingprogram(id) DEFERRABLE INITIALLY DEFERRED;


--
-- Name: training_programrotationrequirement training_programrota_program_id_b33443d3_fk_training_; Type: FK CONSTRAINT; Schema: public; Owner: sims_user
--

ALTER TABLE ONLY public.training_programrotationrequirement
    ADD CONSTRAINT training_programrota_program_id_b33443d3_fk_training_ FOREIGN KEY (program_id) REFERENCES public.training_trainingprogram(id) DEFERRABLE INITIALLY DEFERRED;


--
-- Name: training_programrotationtemplate_allowed_hospitals training_programrota_programrotationtempl_cee5e98b_fk_training_; Type: FK CONSTRAINT; Schema: public; Owner: sims_user
--

ALTER TABLE ONLY public.training_programrotationtemplate_allowed_hospitals
    ADD CONSTRAINT training_programrota_programrotationtempl_cee5e98b_fk_training_ FOREIGN KEY (programrotationtemplate_id) REFERENCES public.training_programrotationtemplate(id) DEFERRABLE INITIALLY DEFERRED;


--
-- Name: training_residentmilestoneeligibility training_residentmil_milestone_id_cea9555e_fk_training_; Type: FK CONSTRAINT; Schema: public; Owner: sims_user
--

ALTER TABLE ONLY public.training_residentmilestoneeligibility
    ADD CONSTRAINT training_residentmil_milestone_id_cea9555e_fk_training_ FOREIGN KEY (milestone_id) REFERENCES public.training_programmilestone(id) DEFERRABLE INITIALLY DEFERRED;


--
-- Name: training_residentmilestoneeligibility training_residentmil_resident_training_re_0d6feda8_fk_training_; Type: FK CONSTRAINT; Schema: public; Owner: sims_user
--

ALTER TABLE ONLY public.training_residentmilestoneeligibility
    ADD CONSTRAINT training_residentmil_resident_training_re_0d6feda8_fk_training_ FOREIGN KEY (resident_training_record_id) REFERENCES public.training_residenttrainingrecord(id) DEFERRABLE INITIALLY DEFERRED;


--
-- Name: training_residentresearchproject training_residentres_resident_training_re_c96450d7_fk_training_; Type: FK CONSTRAINT; Schema: public; Owner: sims_user
--

ALTER TABLE ONLY public.training_residentresearchproject
    ADD CONSTRAINT training_residentres_resident_training_re_c96450d7_fk_training_ FOREIGN KEY (resident_training_record_id) REFERENCES public.training_residenttrainingrecord(id) DEFERRABLE INITIALLY DEFERRED;


--
-- Name: training_residentresearchproject training_residentres_supervisor_id_47e9289b_fk_users_use; Type: FK CONSTRAINT; Schema: public; Owner: sims_user
--

ALTER TABLE ONLY public.training_residentresearchproject
    ADD CONSTRAINT training_residentres_supervisor_id_47e9289b_fk_users_use FOREIGN KEY (supervisor_id) REFERENCES public.users_user(id) DEFERRABLE INITIALLY DEFERRED;


--
-- Name: training_residentsubmission training_residentsub_resident_training_re_ffa56f77_fk_training_; Type: FK CONSTRAINT; Schema: public; Owner: sims_user
--

ALTER TABLE ONLY public.training_residentsubmission
    ADD CONSTRAINT training_residentsub_resident_training_re_ffa56f77_fk_training_ FOREIGN KEY (resident_training_record_id) REFERENCES public.training_residenttrainingrecord(id) DEFERRABLE INITIALLY DEFERRED;


--
-- Name: training_residentsubmission training_residentsub_reviewed_by_id_f872610f_fk_users_use; Type: FK CONSTRAINT; Schema: public; Owner: sims_user
--

ALTER TABLE ONLY public.training_residentsubmission
    ADD CONSTRAINT training_residentsub_reviewed_by_id_f872610f_fk_users_use FOREIGN KEY (reviewed_by_id) REFERENCES public.users_user(id) DEFERRABLE INITIALLY DEFERRED;


--
-- Name: training_residentthesis training_residentthe_resident_training_re_217c24f1_fk_training_; Type: FK CONSTRAINT; Schema: public; Owner: sims_user
--

ALTER TABLE ONLY public.training_residentthesis
    ADD CONSTRAINT training_residentthe_resident_training_re_217c24f1_fk_training_ FOREIGN KEY (resident_training_record_id) REFERENCES public.training_residenttrainingrecord(id) DEFERRABLE INITIALLY DEFERRED;


--
-- Name: training_residenttrainingrecord training_residenttra_created_by_id_48fce119_fk_users_use; Type: FK CONSTRAINT; Schema: public; Owner: sims_user
--

ALTER TABLE ONLY public.training_residenttrainingrecord
    ADD CONSTRAINT training_residenttra_created_by_id_48fce119_fk_users_use FOREIGN KEY (created_by_id) REFERENCES public.users_user(id) DEFERRABLE INITIALLY DEFERRED;


--
-- Name: training_residenttrainingrecord training_residenttra_program_id_53ff2a2e_fk_training_; Type: FK CONSTRAINT; Schema: public; Owner: sims_user
--

ALTER TABLE ONLY public.training_residenttrainingrecord
    ADD CONSTRAINT training_residenttra_program_id_53ff2a2e_fk_training_ FOREIGN KEY (program_id) REFERENCES public.training_trainingprogram(id) DEFERRABLE INITIALLY DEFERRED;


--
-- Name: training_residenttrainingrecord training_residenttra_resident_user_id_d35e4dea_fk_users_use; Type: FK CONSTRAINT; Schema: public; Owner: sims_user
--

ALTER TABLE ONLY public.training_residenttrainingrecord
    ADD CONSTRAINT training_residenttra_resident_user_id_d35e4dea_fk_users_use FOREIGN KEY (resident_user_id) REFERENCES public.users_user(id) DEFERRABLE INITIALLY DEFERRED;


--
-- Name: training_residentworkshopcompletion training_residentwor_resident_training_re_7e90cbcb_fk_training_; Type: FK CONSTRAINT; Schema: public; Owner: sims_user
--

ALTER TABLE ONLY public.training_residentworkshopcompletion
    ADD CONSTRAINT training_residentwor_resident_training_re_7e90cbcb_fk_training_ FOREIGN KEY (resident_training_record_id) REFERENCES public.training_residenttrainingrecord(id) DEFERRABLE INITIALLY DEFERRED;


--
-- Name: training_residentworkshopcompletion training_residentwor_workshop_id_3d647129_fk_training_; Type: FK CONSTRAINT; Schema: public; Owner: sims_user
--

ALTER TABLE ONLY public.training_residentworkshopcompletion
    ADD CONSTRAINT training_residentwor_workshop_id_3d647129_fk_training_ FOREIGN KEY (workshop_id) REFERENCES public.training_workshop(id) DEFERRABLE INITIALLY DEFERRED;


--
-- Name: training_residentworkshopcompletion training_residentwor_workshop_run_id_8dd2ef3d_fk_training_; Type: FK CONSTRAINT; Schema: public; Owner: sims_user
--

ALTER TABLE ONLY public.training_residentworkshopcompletion
    ADD CONSTRAINT training_residentwor_workshop_run_id_8dd2ef3d_fk_training_ FOREIGN KEY (workshop_run_id) REFERENCES public.training_workshoprun(id) DEFERRABLE INITIALLY DEFERRED;


--
-- Name: training_rotationassignment training_rotationass_approved_by_hod_id_a393914d_fk_users_use; Type: FK CONSTRAINT; Schema: public; Owner: sims_user
--

ALTER TABLE ONLY public.training_rotationassignment
    ADD CONSTRAINT training_rotationass_approved_by_hod_id_a393914d_fk_users_use FOREIGN KEY (approved_by_hod_id) REFERENCES public.users_user(id) DEFERRABLE INITIALLY DEFERRED;


--
-- Name: training_rotationassignment training_rotationass_approved_by_utrmc_id_cef957a2_fk_users_use; Type: FK CONSTRAINT; Schema: public; Owner: sims_user
--

ALTER TABLE ONLY public.training_rotationassignment
    ADD CONSTRAINT training_rotationass_approved_by_utrmc_id_cef957a2_fk_users_use FOREIGN KEY (approved_by_utrmc_id) REFERENCES public.users_user(id) DEFERRABLE INITIALLY DEFERRED;


--
-- Name: training_rotationassignment training_rotationass_hospital_department__98df1319_fk_rotations; Type: FK CONSTRAINT; Schema: public; Owner: sims_user
--

ALTER TABLE ONLY public.training_rotationassignment
    ADD CONSTRAINT training_rotationass_hospital_department__98df1319_fk_rotations FOREIGN KEY (hospital_department_id) REFERENCES public.rotations_hospitaldepartment(id) DEFERRABLE INITIALLY DEFERRED;


--
-- Name: training_rotationassignment training_rotationass_requested_by_id_d4181a01_fk_users_use; Type: FK CONSTRAINT; Schema: public; Owner: sims_user
--

ALTER TABLE ONLY public.training_rotationassignment
    ADD CONSTRAINT training_rotationass_requested_by_id_d4181a01_fk_users_use FOREIGN KEY (requested_by_id) REFERENCES public.users_user(id) DEFERRABLE INITIALLY DEFERRED;


--
-- Name: training_rotationassignment training_rotationass_resident_training_id_fa9885d8_fk_training_; Type: FK CONSTRAINT; Schema: public; Owner: sims_user
--

ALTER TABLE ONLY public.training_rotationassignment
    ADD CONSTRAINT training_rotationass_resident_training_id_fa9885d8_fk_training_ FOREIGN KEY (resident_training_id) REFERENCES public.training_residenttrainingrecord(id) DEFERRABLE INITIALLY DEFERRED;


--
-- Name: training_rotationassignment training_rotationass_template_id_92914021_fk_training_; Type: FK CONSTRAINT; Schema: public; Owner: sims_user
--

ALTER TABLE ONLY public.training_rotationassignment
    ADD CONSTRAINT training_rotationass_template_id_92914021_fk_training_ FOREIGN KEY (template_id) REFERENCES public.training_programrotationtemplate(id) DEFERRABLE INITIALLY DEFERRED;


--
-- Name: training_rotationcertificate training_rotationcer_completion_id_7fa0a12a_fk_training_; Type: FK CONSTRAINT; Schema: public; Owner: sims_user
--

ALTER TABLE ONLY public.training_rotationcertificate
    ADD CONSTRAINT training_rotationcer_completion_id_7fa0a12a_fk_training_ FOREIGN KEY (completion_id) REFERENCES public.training_rotationcompletion(id) DEFERRABLE INITIALLY DEFERRED;


--
-- Name: training_rotationcertificate training_rotationcer_issued_by_id_27d4dc81_fk_users_use; Type: FK CONSTRAINT; Schema: public; Owner: sims_user
--

ALTER TABLE ONLY public.training_rotationcertificate
    ADD CONSTRAINT training_rotationcer_issued_by_id_27d4dc81_fk_users_use FOREIGN KEY (issued_by_id) REFERENCES public.users_user(id) DEFERRABLE INITIALLY DEFERRED;


--
-- Name: training_rotationcertificate training_rotationcer_verified_by_id_c0b5f207_fk_users_use; Type: FK CONSTRAINT; Schema: public; Owner: sims_user
--

ALTER TABLE ONLY public.training_rotationcertificate
    ADD CONSTRAINT training_rotationcer_verified_by_id_c0b5f207_fk_users_use FOREIGN KEY (verified_by_id) REFERENCES public.users_user(id) DEFERRABLE INITIALLY DEFERRED;


--
-- Name: training_rotationcompletion training_rotationcom_confirmed_by_id_e8d448ba_fk_users_use; Type: FK CONSTRAINT; Schema: public; Owner: sims_user
--

ALTER TABLE ONLY public.training_rotationcompletion
    ADD CONSTRAINT training_rotationcom_confirmed_by_id_e8d448ba_fk_users_use FOREIGN KEY (confirmed_by_id) REFERENCES public.users_user(id) DEFERRABLE INITIALLY DEFERRED;


--
-- Name: training_rotationcompletion training_rotationcom_rotation_id_0c7ab5ba_fk_training_; Type: FK CONSTRAINT; Schema: public; Owner: sims_user
--

ALTER TABLE ONLY public.training_rotationcompletion
    ADD CONSTRAINT training_rotationcom_rotation_id_0c7ab5ba_fk_training_ FOREIGN KEY (rotation_id) REFERENCES public.training_rotationassignment(id) DEFERRABLE INITIALLY DEFERRED;


--
-- Name: training_rotationcompletion training_rotationcom_verified_by_id_e06c75ae_fk_users_use; Type: FK CONSTRAINT; Schema: public; Owner: sims_user
--

ALTER TABLE ONLY public.training_rotationcompletion
    ADD CONSTRAINT training_rotationcom_verified_by_id_e06c75ae_fk_users_use FOREIGN KEY (verified_by_id) REFERENCES public.users_user(id) DEFERRABLE INITIALLY DEFERRED;


--
-- Name: training_submissioncertificate training_submissionc_issued_by_id_b4fc86e1_fk_users_use; Type: FK CONSTRAINT; Schema: public; Owner: sims_user
--

ALTER TABLE ONLY public.training_submissioncertificate
    ADD CONSTRAINT training_submissionc_issued_by_id_b4fc86e1_fk_users_use FOREIGN KEY (issued_by_id) REFERENCES public.users_user(id) DEFERRABLE INITIALLY DEFERRED;


--
-- Name: training_submissioncertificate training_submissionc_submission_id_0dabe7a8_fk_training_; Type: FK CONSTRAINT; Schema: public; Owner: sims_user
--

ALTER TABLE ONLY public.training_submissioncertificate
    ADD CONSTRAINT training_submissionc_submission_id_0dabe7a8_fk_training_ FOREIGN KEY (submission_id) REFERENCES public.training_residentsubmission(id) DEFERRABLE INITIALLY DEFERRED;


--
-- Name: training_submissioncertificate training_submissionc_verified_by_id_35a22dc8_fk_users_use; Type: FK CONSTRAINT; Schema: public; Owner: sims_user
--

ALTER TABLE ONLY public.training_submissioncertificate
    ADD CONSTRAINT training_submissionc_verified_by_id_35a22dc8_fk_users_use FOREIGN KEY (verified_by_id) REFERENCES public.users_user(id) DEFERRABLE INITIALLY DEFERRED;


--
-- Name: training_submissiondocument training_submissiond_requirement_id_ac2290e6_fk_training_; Type: FK CONSTRAINT; Schema: public; Owner: sims_user
--

ALTER TABLE ONLY public.training_submissiondocument
    ADD CONSTRAINT training_submissiond_requirement_id_ac2290e6_fk_training_ FOREIGN KEY (requirement_id) REFERENCES public.training_submissionrequirementtemplate(id) DEFERRABLE INITIALLY DEFERRED;


--
-- Name: training_submissiondocument training_submissiond_submission_id_4e939de1_fk_training_; Type: FK CONSTRAINT; Schema: public; Owner: sims_user
--

ALTER TABLE ONLY public.training_submissiondocument
    ADD CONSTRAINT training_submissiond_submission_id_4e939de1_fk_training_ FOREIGN KEY (submission_id) REFERENCES public.training_residentsubmission(id) DEFERRABLE INITIALLY DEFERRED;


--
-- Name: training_submissiondocument training_submissiond_uploaded_by_id_90d390be_fk_users_use; Type: FK CONSTRAINT; Schema: public; Owner: sims_user
--

ALTER TABLE ONLY public.training_submissiondocument
    ADD CONSTRAINT training_submissiond_uploaded_by_id_90d390be_fk_users_use FOREIGN KEY (uploaded_by_id) REFERENCES public.users_user(id) DEFERRABLE INITIALLY DEFERRED;


--
-- Name: training_submissionrequirementtemplate training_submissionr_created_by_id_cf534448_fk_users_use; Type: FK CONSTRAINT; Schema: public; Owner: sims_user
--

ALTER TABLE ONLY public.training_submissionrequirementtemplate
    ADD CONSTRAINT training_submissionr_created_by_id_cf534448_fk_users_use FOREIGN KEY (created_by_id) REFERENCES public.users_user(id) DEFERRABLE INITIALLY DEFERRED;


--
-- Name: training_submissionrequirementtemplate training_submissionr_department_id_b8efc88f_fk_academics; Type: FK CONSTRAINT; Schema: public; Owner: sims_user
--

ALTER TABLE ONLY public.training_submissionrequirementtemplate
    ADD CONSTRAINT training_submissionr_department_id_b8efc88f_fk_academics FOREIGN KEY (department_id) REFERENCES public.academics_department(id) DEFERRABLE INITIALLY DEFERRED;


--
-- Name: training_submissionrequirementtemplate training_submissionr_program_id_932b6100_fk_training_; Type: FK CONSTRAINT; Schema: public; Owner: sims_user
--

ALTER TABLE ONLY public.training_submissionrequirementtemplate
    ADD CONSTRAINT training_submissionr_program_id_932b6100_fk_training_ FOREIGN KEY (program_id) REFERENCES public.training_trainingprogram(id) DEFERRABLE INITIALLY DEFERRED;


--
-- Name: training_submissionreview training_submissionr_submission_id_d052fd2f_fk_training_; Type: FK CONSTRAINT; Schema: public; Owner: sims_user
--

ALTER TABLE ONLY public.training_submissionreview
    ADD CONSTRAINT training_submissionr_submission_id_d052fd2f_fk_training_ FOREIGN KEY (submission_id) REFERENCES public.training_residentsubmission(id) DEFERRABLE INITIALLY DEFERRED;


--
-- Name: training_submissionreview training_submissionreview_reviewer_id_e1282230_fk_users_user_id; Type: FK CONSTRAINT; Schema: public; Owner: sims_user
--

ALTER TABLE ONLY public.training_submissionreview
    ADD CONSTRAINT training_submissionreview_reviewer_id_e1282230_fk_users_user_id FOREIGN KEY (reviewer_id) REFERENCES public.users_user(id) DEFERRABLE INITIALLY DEFERRED;


--
-- Name: training_trainingprogram training_trainingpro_department_id_04d536e7_fk_academics; Type: FK CONSTRAINT; Schema: public; Owner: sims_user
--

ALTER TABLE ONLY public.training_trainingprogram
    ADD CONSTRAINT training_trainingpro_department_id_04d536e7_fk_academics FOREIGN KEY (department_id) REFERENCES public.academics_department(id) DEFERRABLE INITIALLY DEFERRED;


--
-- Name: training_workshopblock training_workshopblo_workshop_id_35c1399d_fk_training_; Type: FK CONSTRAINT; Schema: public; Owner: sims_user
--

ALTER TABLE ONLY public.training_workshopblock
    ADD CONSTRAINT training_workshopblo_workshop_id_35c1399d_fk_training_ FOREIGN KEY (workshop_id) REFERENCES public.training_workshop(id) DEFERRABLE INITIALLY DEFERRED;


--
-- Name: training_workshoprun training_workshoprun_block_id_bb9dbe15_fk_training_; Type: FK CONSTRAINT; Schema: public; Owner: sims_user
--

ALTER TABLE ONLY public.training_workshoprun
    ADD CONSTRAINT training_workshoprun_block_id_bb9dbe15_fk_training_ FOREIGN KEY (block_id) REFERENCES public.training_workshopblock(id) DEFERRABLE INITIALLY DEFERRED;


--
-- Name: training_workshoprun training_workshoprun_facilitator_id_c9dd1d7f_fk_users_user_id; Type: FK CONSTRAINT; Schema: public; Owner: sims_user
--

ALTER TABLE ONLY public.training_workshoprun
    ADD CONSTRAINT training_workshoprun_facilitator_id_c9dd1d7f_fk_users_user_id FOREIGN KEY (facilitator_id) REFERENCES public.users_user(id) DEFERRABLE INITIALLY DEFERRED;


--
-- Name: users_datacorrectionaudit users_datacorrectionaudit_actor_id_35636fe9_fk_users_user_id; Type: FK CONSTRAINT; Schema: public; Owner: sims_user
--

ALTER TABLE ONLY public.users_datacorrectionaudit
    ADD CONSTRAINT users_datacorrectionaudit_actor_id_35636fe9_fk_users_user_id FOREIGN KEY (actor_id) REFERENCES public.users_user(id) DEFERRABLE INITIALLY DEFERRED;


--
-- Name: users_departmentmembership users_departmentmemb_created_by_id_4c1e4ec6_fk_users_use; Type: FK CONSTRAINT; Schema: public; Owner: sims_user
--

ALTER TABLE ONLY public.users_departmentmembership
    ADD CONSTRAINT users_departmentmemb_created_by_id_4c1e4ec6_fk_users_use FOREIGN KEY (created_by_id) REFERENCES public.users_user(id) DEFERRABLE INITIALLY DEFERRED;


--
-- Name: users_departmentmembership users_departmentmemb_department_id_764eabe7_fk_academics; Type: FK CONSTRAINT; Schema: public; Owner: sims_user
--

ALTER TABLE ONLY public.users_departmentmembership
    ADD CONSTRAINT users_departmentmemb_department_id_764eabe7_fk_academics FOREIGN KEY (department_id) REFERENCES public.academics_department(id) DEFERRABLE INITIALLY DEFERRED;


--
-- Name: users_departmentmembership users_departmentmemb_updated_by_id_e1ec1412_fk_users_use; Type: FK CONSTRAINT; Schema: public; Owner: sims_user
--

ALTER TABLE ONLY public.users_departmentmembership
    ADD CONSTRAINT users_departmentmemb_updated_by_id_e1ec1412_fk_users_use FOREIGN KEY (updated_by_id) REFERENCES public.users_user(id) DEFERRABLE INITIALLY DEFERRED;


--
-- Name: users_departmentmembership users_departmentmembership_user_id_6dd26ec4_fk_users_user_id; Type: FK CONSTRAINT; Schema: public; Owner: sims_user
--

ALTER TABLE ONLY public.users_departmentmembership
    ADD CONSTRAINT users_departmentmembership_user_id_6dd26ec4_fk_users_user_id FOREIGN KEY (user_id) REFERENCES public.users_user(id) DEFERRABLE INITIALLY DEFERRED;


--
-- Name: users_historicaluser users_historicaluser_history_user_id_7f91d047_fk_users_user_id; Type: FK CONSTRAINT; Schema: public; Owner: sims_user
--

ALTER TABLE ONLY public.users_historicaluser
    ADD CONSTRAINT users_historicaluser_history_user_id_7f91d047_fk_users_user_id FOREIGN KEY (history_user_id) REFERENCES public.users_user(id) DEFERRABLE INITIALLY DEFERRED;


--
-- Name: users_hodassignment users_hodassignment_created_by_id_25c6b83c_fk_users_user_id; Type: FK CONSTRAINT; Schema: public; Owner: sims_user
--

ALTER TABLE ONLY public.users_hodassignment
    ADD CONSTRAINT users_hodassignment_created_by_id_25c6b83c_fk_users_user_id FOREIGN KEY (created_by_id) REFERENCES public.users_user(id) DEFERRABLE INITIALLY DEFERRED;


--
-- Name: users_hodassignment users_hodassignment_department_id_96d9abb7_fk_academics; Type: FK CONSTRAINT; Schema: public; Owner: sims_user
--

ALTER TABLE ONLY public.users_hodassignment
    ADD CONSTRAINT users_hodassignment_department_id_96d9abb7_fk_academics FOREIGN KEY (department_id) REFERENCES public.academics_department(id) DEFERRABLE INITIALLY DEFERRED;


--
-- Name: users_hodassignment users_hodassignment_hod_user_id_c749ad08_fk_users_user_id; Type: FK CONSTRAINT; Schema: public; Owner: sims_user
--

ALTER TABLE ONLY public.users_hodassignment
    ADD CONSTRAINT users_hodassignment_hod_user_id_c749ad08_fk_users_user_id FOREIGN KEY (hod_user_id) REFERENCES public.users_user(id) DEFERRABLE INITIALLY DEFERRED;


--
-- Name: users_hodassignment users_hodassignment_updated_by_id_39410814_fk_users_user_id; Type: FK CONSTRAINT; Schema: public; Owner: sims_user
--

ALTER TABLE ONLY public.users_hodassignment
    ADD CONSTRAINT users_hodassignment_updated_by_id_39410814_fk_users_user_id FOREIGN KEY (updated_by_id) REFERENCES public.users_user(id) DEFERRABLE INITIALLY DEFERRED;


--
-- Name: users_hospitalassignment users_hospitalassign_created_by_id_3283c98a_fk_users_use; Type: FK CONSTRAINT; Schema: public; Owner: sims_user
--

ALTER TABLE ONLY public.users_hospitalassignment
    ADD CONSTRAINT users_hospitalassign_created_by_id_3283c98a_fk_users_use FOREIGN KEY (created_by_id) REFERENCES public.users_user(id) DEFERRABLE INITIALLY DEFERRED;


--
-- Name: users_hospitalassignment users_hospitalassign_hospital_department__6d3abb28_fk_rotations; Type: FK CONSTRAINT; Schema: public; Owner: sims_user
--

ALTER TABLE ONLY public.users_hospitalassignment
    ADD CONSTRAINT users_hospitalassign_hospital_department__6d3abb28_fk_rotations FOREIGN KEY (hospital_department_id) REFERENCES public.rotations_hospitaldepartment(id) DEFERRABLE INITIALLY DEFERRED;


--
-- Name: users_hospitalassignment users_hospitalassign_updated_by_id_710d1021_fk_users_use; Type: FK CONSTRAINT; Schema: public; Owner: sims_user
--

ALTER TABLE ONLY public.users_hospitalassignment
    ADD CONSTRAINT users_hospitalassign_updated_by_id_710d1021_fk_users_use FOREIGN KEY (updated_by_id) REFERENCES public.users_user(id) DEFERRABLE INITIALLY DEFERRED;


--
-- Name: users_hospitalassignment users_hospitalassignment_user_id_fdf26e50_fk_users_user_id; Type: FK CONSTRAINT; Schema: public; Owner: sims_user
--

ALTER TABLE ONLY public.users_hospitalassignment
    ADD CONSTRAINT users_hospitalassignment_user_id_fdf26e50_fk_users_user_id FOREIGN KEY (user_id) REFERENCES public.users_user(id) DEFERRABLE INITIALLY DEFERRED;


--
-- Name: users_residentprofile users_residentprofile_user_id_70e5e20c_fk_users_user_id; Type: FK CONSTRAINT; Schema: public; Owner: sims_user
--

ALTER TABLE ONLY public.users_residentprofile
    ADD CONSTRAINT users_residentprofile_user_id_70e5e20c_fk_users_user_id FOREIGN KEY (user_id) REFERENCES public.users_user(id) DEFERRABLE INITIALLY DEFERRED;


--
-- Name: users_staffprofile users_staffprofile_user_id_5579dc0b_fk_users_user_id; Type: FK CONSTRAINT; Schema: public; Owner: sims_user
--

ALTER TABLE ONLY public.users_staffprofile
    ADD CONSTRAINT users_staffprofile_user_id_5579dc0b_fk_users_user_id FOREIGN KEY (user_id) REFERENCES public.users_user(id) DEFERRABLE INITIALLY DEFERRED;


--
-- Name: users_supervisorresidentlink users_supervisorresi_created_by_id_5865ad10_fk_users_use; Type: FK CONSTRAINT; Schema: public; Owner: sims_user
--

ALTER TABLE ONLY public.users_supervisorresidentlink
    ADD CONSTRAINT users_supervisorresi_created_by_id_5865ad10_fk_users_use FOREIGN KEY (created_by_id) REFERENCES public.users_user(id) DEFERRABLE INITIALLY DEFERRED;


--
-- Name: users_supervisorresidentlink users_supervisorresi_department_id_c43c41e9_fk_academics; Type: FK CONSTRAINT; Schema: public; Owner: sims_user
--

ALTER TABLE ONLY public.users_supervisorresidentlink
    ADD CONSTRAINT users_supervisorresi_department_id_c43c41e9_fk_academics FOREIGN KEY (department_id) REFERENCES public.academics_department(id) DEFERRABLE INITIALLY DEFERRED;


--
-- Name: users_supervisorresidentlink users_supervisorresi_resident_user_id_c230e36b_fk_users_use; Type: FK CONSTRAINT; Schema: public; Owner: sims_user
--

ALTER TABLE ONLY public.users_supervisorresidentlink
    ADD CONSTRAINT users_supervisorresi_resident_user_id_c230e36b_fk_users_use FOREIGN KEY (resident_user_id) REFERENCES public.users_user(id) DEFERRABLE INITIALLY DEFERRED;


--
-- Name: users_supervisorresidentlink users_supervisorresi_supervisor_user_id_6e12037e_fk_users_use; Type: FK CONSTRAINT; Schema: public; Owner: sims_user
--

ALTER TABLE ONLY public.users_supervisorresidentlink
    ADD CONSTRAINT users_supervisorresi_supervisor_user_id_6e12037e_fk_users_use FOREIGN KEY (supervisor_user_id) REFERENCES public.users_user(id) DEFERRABLE INITIALLY DEFERRED;


--
-- Name: users_supervisorresidentlink users_supervisorresi_updated_by_id_affacda6_fk_users_use; Type: FK CONSTRAINT; Schema: public; Owner: sims_user
--

ALTER TABLE ONLY public.users_supervisorresidentlink
    ADD CONSTRAINT users_supervisorresi_updated_by_id_affacda6_fk_users_use FOREIGN KEY (updated_by_id) REFERENCES public.users_user(id) DEFERRABLE INITIALLY DEFERRED;


--
-- Name: users_user users_user_created_by_id_ba0dd846_fk_users_user_id; Type: FK CONSTRAINT; Schema: public; Owner: sims_user
--

ALTER TABLE ONLY public.users_user
    ADD CONSTRAINT users_user_created_by_id_ba0dd846_fk_users_user_id FOREIGN KEY (created_by_id) REFERENCES public.users_user(id) DEFERRABLE INITIALLY DEFERRED;


--
-- Name: users_user_groups users_user_groups_group_id_9afc8d0e_fk_auth_group_id; Type: FK CONSTRAINT; Schema: public; Owner: sims_user
--

ALTER TABLE ONLY public.users_user_groups
    ADD CONSTRAINT users_user_groups_group_id_9afc8d0e_fk_auth_group_id FOREIGN KEY (group_id) REFERENCES public.auth_group(id) DEFERRABLE INITIALLY DEFERRED;


--
-- Name: users_user_groups users_user_groups_user_id_5f6f5a90_fk_users_user_id; Type: FK CONSTRAINT; Schema: public; Owner: sims_user
--

ALTER TABLE ONLY public.users_user_groups
    ADD CONSTRAINT users_user_groups_user_id_5f6f5a90_fk_users_user_id FOREIGN KEY (user_id) REFERENCES public.users_user(id) DEFERRABLE INITIALLY DEFERRED;


--
-- Name: users_user users_user_home_department_id_23281948_fk_academics; Type: FK CONSTRAINT; Schema: public; Owner: sims_user
--

ALTER TABLE ONLY public.users_user
    ADD CONSTRAINT users_user_home_department_id_23281948_fk_academics FOREIGN KEY (home_department_id) REFERENCES public.academics_department(id) DEFERRABLE INITIALLY DEFERRED;


--
-- Name: users_user users_user_home_hospital_id_32a766cb_fk_rotations_hospital_id; Type: FK CONSTRAINT; Schema: public; Owner: sims_user
--

ALTER TABLE ONLY public.users_user
    ADD CONSTRAINT users_user_home_hospital_id_32a766cb_fk_rotations_hospital_id FOREIGN KEY (home_hospital_id) REFERENCES public.rotations_hospital(id) DEFERRABLE INITIALLY DEFERRED;


--
-- Name: users_user users_user_modified_by_id_d127a936_fk_users_user_id; Type: FK CONSTRAINT; Schema: public; Owner: sims_user
--

ALTER TABLE ONLY public.users_user
    ADD CONSTRAINT users_user_modified_by_id_d127a936_fk_users_user_id FOREIGN KEY (modified_by_id) REFERENCES public.users_user(id) DEFERRABLE INITIALLY DEFERRED;


--
-- Name: users_user users_user_supervisor_id_5f1670ee_fk_users_user_id; Type: FK CONSTRAINT; Schema: public; Owner: sims_user
--

ALTER TABLE ONLY public.users_user
    ADD CONSTRAINT users_user_supervisor_id_5f1670ee_fk_users_user_id FOREIGN KEY (supervisor_id) REFERENCES public.users_user(id) DEFERRABLE INITIALLY DEFERRED;


--
-- Name: users_user_user_permissions users_user_user_perm_permission_id_0b93982e_fk_auth_perm; Type: FK CONSTRAINT; Schema: public; Owner: sims_user
--

ALTER TABLE ONLY public.users_user_user_permissions
    ADD CONSTRAINT users_user_user_perm_permission_id_0b93982e_fk_auth_perm FOREIGN KEY (permission_id) REFERENCES public.auth_permission(id) DEFERRABLE INITIALLY DEFERRED;


--
-- Name: users_user_user_permissions users_user_user_permissions_user_id_20aca447_fk_users_user_id; Type: FK CONSTRAINT; Schema: public; Owner: sims_user
--

ALTER TABLE ONLY public.users_user_user_permissions
    ADD CONSTRAINT users_user_user_permissions_user_id_20aca447_fk_users_user_id FOREIGN KEY (user_id) REFERENCES public.users_user(id) DEFERRABLE INITIALLY DEFERRED;


--
-- PostgreSQL database dump complete
--

\unrestrict 8lTKHhfkMpA10fm8fDH2GCBiFG955MVdIbg5VuG9YWtoxDM7KtOtqMyFBsSgZau

